material_id,formation_energy_per_atom,nsites
mp-862690,0.0,4
mp-1183076,-0.48027804250000306,4
mp-1183086,-0.43368235062500504,4
mp-862786,-0.386251328749999,4
mp-861883,-0.342298746250001,4
mp-867241,-0.665207049999995,4
mp-861872,-0.583250138125002,4
mp-1183377,-0.5060674862499961,4
mp-865951,-0.695376886249995,4
mp-866107,-0.6663974312499971,4
mp-1183093,-0.534733513749998,4
mp-1183074,-0.228840256874998,4
mp-1183078,-0.26746134000000005,4
mp-866103,-0.344917513749998,4
mp-1183079,-0.19924529333333202,4
mp-862849,-0.324698736250006,4
mp-11107,-3.737668289999997,5
mp-32800,-2.4930635934375,40
mp-865855,-0.6024802275000021,4
mp-1183072,-0.40701238124999806,4
mp-1183073,-0.513242463749996,4
mp-1183070,-0.570140636250002,4
mp-866018,-0.457048125,4
mp-1183067,-0.384465556874999,4
mp-1183106,-0.385861482499997,4
mp-985305,-0.25022404062499903,8
mp-985506,-0.16381396812499802,8
mp-866199,-0.27115698125000104,2
mp-1183065,-0.31133219437500503,4
mp-865950,-0.200376441875,8
mp-862617,-0.40891574812500003,8
mp-1183115,-3.690019421500002,5
mp-867838,-0.771291945625002,8
mp-27972,-2.494519163125,8
mp-30274,-3.396185964166668,6
mp-864644,-0.46622083812499604,4
mp-861880,-0.35402117937499605,4
mp-27971,-2.788094297499999,8
mp-30273,-3.586422302500002,6
mp-866101,-3.1389721295,5
mp-1183114,-0.059555694374999,8
mp-864606,-2.4228924235,5
mp-1006278,-0.779867236875,4
mp-1183124,-0.261695901874999,4
mp-985278,-4.467987469375,4
mp-861502,-2.771539465500001,5
mp-1183053,-3.063252617,5
mp-862665,-0.444330336874998,8
mp-24147,-0.6843335983333341,3
mp-861605,-0.671802030937499,4
mp-862289,-0.47723914374999704,8
mp-1183060,-0.32168960375000205,4
mp-861867,-1.801003203125001,8
mp-867297,-0.5507089056250011,8
mp-867321,-0.510612275624993,4
mp-1183118,-0.274911696875,4
mp-866286,-0.059893923749996004,2
mp-1525815,-0.035826379583333005,6
mp-865979,-0.238415764375,4
mp-866225,-0.421982165625006,4
mp-861735,-0.242557518541673,4
mp-1183182,-0.23583242437499802,4
mp-864911,-2.973630023086206,5
mp-866056,-1.322563138124998,4
mp-1183139,-2.455476575499998,5
mp-36526,-4.159415700833336,3
mp-867422,-0.6827262418750021,4
mp-1183220,-0.346064169374997,4
mp-865927,-3.60763573816667,5
mp-865958,-0.236608026875003,4
mp-865952,-0.6485188643749991,4
mp-984551,-0.453474278124999,4
mp-1183199,-0.345513796874996,4
mp-865028,-1.251402644791669,4
mp-1183168,-3.141069095500003,5
mp-866203,-0.485260694374999,4
mp-980005,-0.6750111106249931,4
mp-1183192,-0.378423713124995,4
mp-8566,0.0,4
mp-18125,-1.201867790454545,22
mp-29607,-0.26484184576923103,13
mp-23558,-0.9173112705555521,24
mp-862982,-0.589244397666665,10
mp-4691,-1.089499118055555,12
mp-864635,-0.499390825499999,10
mp-1391,-0.8383200133333321,3
mp-542298,-1.229926874642856,28
mp-861942,-0.550358512291666,16
mp-9900,-0.46699392263888906,12
mp-690687,-1.046624786547618,14
mp-553949,-1.105035922807017,38
mp-1229141,-0.463996551354166,16
mp-23485,-0.512362546547618,7
mp-29816,-0.45434721466666705,20
mp-556866,-0.44160478972222206,12
mp-27966,-1.5074706507575741,22
mp-353,-0.31563385777777403,6
mp-1190325,-1.785766681051587,24
mp-707138,-1.5734414415699391,24
mp-13956,-0.16940802690228102,48
mp-1192057,-1.4055423298484842,22
mp-5625,-1.256612797261903,14
mp-2047939,-0.13333801052083202,12
mp-16913,-0.8250872030295131,24
mp-2748718,-0.5705825800520821,24
mp-11641,-0.8401073900967221,14
mp-1214926,-0.469528931979166,16
mp-10963,-0.47488669315104204,16
mp-1592,-0.09518987166666601,12
mp-558768,-0.9644783249999971,42
mp-29163,-0.078949780572917,12
mp-36383,-1.605811363406592,13
mp-1229185,-1.8012610570312502,16
mp-2749579,-1.625031354218749,16
mp-1229124,-0.9640073153124981,16
mp-561620,-0.16004723620535302,28
mp-9538,-0.141018007968748,16
mp-1183137,-0.061713688749996005,4
mp-3172,-0.14919083427083002,24
mp-562412,-1.19802818272727,22
mp-17862,-0.041898267346937,28
mp-1605,-0.40144617142857003,14
mp-27821,-0.046166636624148,14
mp-1229128,-1.409352184955356,16
mp-12459,-0.256124809903273,16
mp-985296,-0.06677629124999701,4
mp-555269,-0.20678933263392502,28
mp-17568,-0.03840222770408,28
mp-29849,-0.07652426325757501,22
mp-5710,-0.10585073750000101,24
mp-1229155,-0.597054644479167,16
mp-553924,-1.227746526880951,40
mp-554357,-0.771264614333333,40
mp-1199607,-0.9670417785833321,40
mp-22286,-0.8022593106410231,13
mp-28812,-0.6585394598333311,40
mp-568540,-0.3892654220671,22
mp-1194068,-0.808870453910256,26
mp-559847,-0.5435249585813471,12
mp-1191916,-1.136163740029084,22
mp-558786,-1.083719238593748,32
mp-1229201,-0.537861301184209,19
mp-553919,-1.358812299473683,19
mp-37695,-0.5118082090350791,19
mp-18474,-0.33250190015972203,30
mp-17984,-0.21050978895833203,30
mp-556837,-1.08640704392361,48
mp-1191037,-1.6399032428361742,22
mp-985701,-1.4163172241111122,30
mp-37153,-2.201692029895833,8
mp-4807,-2.1067146368518532,36
mp-1178563,-1.269711258833334,10
mp-22665,-0.49983294361111,24
mp-1229194,-0.713105557037036,36
mp-863750,-0.064884731250003,4
mp-570340,-0.45443635000000104,12
mp-16060,-1.254503722499999,12
mp-1196161,-1.08911063388889,36
mp-996983,-0.46954475916666605,8
mp-12021,-2.469788318333332,24
mp-5160,-2.276470174642857,14
mp-556434,-0.33882521078273803,20
mp-569126,-0.46588106450148803,20
mp-28965,-1.784909150333334,15
mp-23474,-0.372202277673611,18
mp-556094,-0.9455932878333341,10
mp-23231,-0.6596210383333321,2
mp-22922,-0.568439933749999,2
mp-22993,-0.414067270277776,6
mp-7592,-1.122615552499999,2
mp-2284,-1.311622154166665,12
mp-18536,-1.128947433749999,24
mp-1200633,-0.22923165688632202,46
mp-996958,-0.728314120729166,8
mp-558188,-1.054451005520835,32
mp-560443,-0.680979918240742,36
mp-556798,-1.5083162942261912,32
mp-6215,-0.36442808402777704,12
mp-861501,-0.13944391354166502,4
mp-560067,-0.544299855416667,16
mp-23140,-0.426432127916667,16
mp-580941,-0.46775989833333204,8
mp-1194592,-0.753021275972222,48
mp-27384,-0.713068665333332,40
mp-662534,-1.490580648333332,36
mp-1214988,-1.029996517375002,40
mp-552185,-0.6806635453333341,10
mp-2803876,-0.442571765833331,4
mp-1194585,-2.26173536438492,48
mp-34418,-2.364613824122023,8
mp-18702,-1.958048157761911,40
mp-1206101,-1.748101063125002,8
mp-1229012,-0.07259402249999801,2
mp-31215,-1.3849059325,16
mp-997038,-0.6587361541666651,8
mp-1183209,-0.0823932825,2
mp-1214922,-1.430022469374999,16
mp-1214944,-1.462700816388887,12
mp-1214934,-1.7064166539583332,16
mp-2017405,-1.554154335000001,16
mp-17588,-1.715751211388889,36
mp-761035,-1.012188526944443,12
mp-1202574,-1.673621897651514,44
mp-1229086,-1.5913343448611101,24
mp-1196324,-1.370615100486111,48
mp-2763322,-1.018334732968748,12
mp-559602,-1.14026821361111,48
mp-14653,-2.3875121401111112,15
mp-3414,-2.358844439270832,32
mp-540872,-1.444474670333332,20
mp-1199019,-2.14160334219697,44
mp-3922,-0.250111398906248,16
mp-10809,-2.129888439374998,8
mp-1229011,-0.33394916828124704,4
mp-3291,-0.095523587500001,12
mp-559257,-1.146425267166666,40
mp-29718,-0.817787528106059,44
mp-134,0.0,1
mp-7692,-0.38110427100000005,5
mp-3805,-0.40118319366666305,5
mp-672352,-1.08107135225,40
mp-555903,-1.3017925411538451,26
mp-2014966,-1.1765090717307691,13
mp-1214889,-0.400964897999998,15
mp-1648,-0.15187291480768902,13
mp-16719,-0.180129973846152,13
mp-567929,-0.53140296588235,17
mp-1029975,-0.609314530909091,22
mp-29110,-0.45394824187499905,16
mp-1214897,-0.347799906034481,29
mp-4417,-2.3349570783823532,34
mp-756970,-1.760841893943015,34
mp-1194539,-1.3475888879901952,34
mp-2647,-0.49509397333333505,3
mp-557737,-1.026826849464285,28
mp-571623,-0.8726628287500011,28
mp-1214910,-1.4495020240909091,22
mp-28361,-1.5805851863636362,22
mp-5928,-1.147233041607143,7
mp-3159,-1.075488398482142,7
mp-7909,-0.582113531428575,7
mp-867319,-0.835120557500001,4
mp-1228913,-0.625177445,4
mp-984352,-0.5402784149999991,4
mp-862695,-0.6617507237500011,4
mp-1228975,-1.1090711564285711,14
mp-985806,-0.21265698333333302,3
mp-1079890,-0.7419818087500011,8
mp-862691,-0.46805296249999906,4
mp-866031,-0.6807959575,4
mp-1228910,-0.5236166949999991,4
mp-30084,-2.9035625028571412,14
mp-1214864,-2.468417401666667,30
mp-561437,-3.1719766036111112,36
mp-7906,-1.106310683214292,7
mp-3038,-0.825231304821429,7
mp-7910,-0.47700404821428505,7
mp-866284,-0.8285853749999991,4
mp-862694,-1.130865957499999,4
mp-865989,-0.984318068749999,4
mp-37614,-2.802741493571429,28
mp-1183155,-0.607955297499998,4
mp-867775,-0.743546901249999,4
mp-1143,-3.426551008,10
mp-7188,-0.670291663333335,3
mp-1183136,-0.8597437825,4
mp-23995,-2.448946845745798,34
mp-21892,-2.893783590000014,14
mp-1103722,-1.233530308571437,14
mp-675374,-0.9435391144642841,14
mp-862715,-0.8579669187500011,4
mp-1502,-0.989689963333328,3
mp-10910,-0.7811005950000001,6
mp-867125,-0.9900710087499961,4
mp-867326,-1.008399888749998,4
mp-1228491,-1.236956223687499,10
mp-11674,-1.0088235364375011,10
mp-6280,-3.5297768330555552,36
mp-5065,-3.3768698634375,32
mp-560633,-2.08123727425,40
mp-29502,-0.559024813749999,40
mp-9254,-0.40193999714285505,7
mp-568443,-1.6701747172727281,22
mp-1228540,-0.375922756666665,12
mp-2908,-3.021072628571429,14
mp-4842,-1.190503468035713,14
mp-7907,-1.100773949910713,7
mp-7908,-0.7049379838095231,7
mp-541849,-0.6468797016666671,18
mp-505472,-0.402885581896529,29
mp-1214915,-0.616240705434781,46
mp-1228446,-0.202281617499998,10
mp-1228599,-0.23713364392857203,42
mp-867780,-0.15663263999999802,4
mp-1228603,-0.46855437249999904,16
mp-2294,-0.7665281825000001,8
mp-571247,-0.363495063749999,16
mp-622209,-0.418775703125,16
mp-1057,-0.644216627999999,5
mp-16514,-0.563250544999998,8
mp-10901,-0.812340915999999,5
mp-16523,-0.857533224374996,16
mp-10905,-1.102624861999999,5
mp-1501,-0.9792966056250021,16
mp-1070580,-0.7752910740000001,5
mp-1214863,-2.529541182463767,46
mp-1229069,-1.9299713141666681,44
mp-2554,-0.34389383499999904,4
mp-31408,-3.0834730528,25
mp-23426,-2.857885393999998,30
mp-1591,-0.23825637285714302,7
mp-13703,-2.594719617222223,18
mp-1190488,-3.094281680416666,24
mp-1228721,-0.8813140376785701,14
mp-1104047,-0.40843121133333204,15
mp-3281,-3.366610787277777,30
mp-196,-0.42809385035714104,28
mp-35267,-1.167115974464285,14
mp-568607,-0.276001555833332,12
mp-1791,-0.8065616792857131,28
mp-30337,-0.18916691499999802,12
mp-9203,-2.7123131624999983,23
mp-9535,-2.700609853768116,23
mp-1228194,-0.321334645999999,10
mp-16529,-0.353180652857143,14
mp-28759,-1.262489661818182,44
mp-1228228,-2.767509591666667,30
mp-4689,-0.259595780999999,40
mp-2733,-0.38162391545454605,11
mp-16488,-0.29702967454545304,22
mp-12003,-0.5658966736363621,22
mp-1645,-0.524021496818181,22
mp-1228964,-0.5870029005014871,10
mp-1228988,-0.072474530250002,20
mp-9631,-2.304877096666654,8
mp-5782,-0.904003048906249,8
mp-14091,-0.7432121020312501,8
mp-1228963,-0.769702025148809,7
mp-14092,-0.43926148875000204,8
mp-2172,-0.627042776249999,2
mp-567734,-1.03045002140625,48
mp-558360,-1.003615093461538,26
mp-5189,-2.456086594583332,18
mp-1025306,-0.568372223214282,7
mp-1399,-0.42298121250000104,8
mp-569558,-0.333313270833334,12
mp-1490,-0.22434480649999902,20
mp-7574,-0.48689827250000106,6
mp-1070916,-0.32112350250000005,6
mp-672273,-1.714143323750001,32
mp-561350,-1.580356138571429,28
mp-637206,-1.581969395691965,28
mp-628665,-1.536814738809524,28
mp-23288,-1.518050286874999,16
mp-1214833,-2.583134489166666,12
mp-1102961,-1.463698009166666,12
mp-25469,-1.692806269374999,8
mp-27863,-2.785187891666666,6
mp-284,-0.556456129999999,2
mp-9956,-0.17222914625000002,8
mp-637575,-0.36287728624999804,8
mp-1228999,-1.011209352261903,14
mp-1228960,-1.048169373571428,14
mp-1229004,-0.841807363482142,14
mp-1229097,-2.542837820714286,14
mp-862781,-0.3686861925,4
mp-2500,-0.24248409,10
mp-1228984,-0.55887899333482,10
mp-12802,-0.20196853,8
mp-867306,-0.25772352000000004,4
mp-1102536,-1.213548159999999,12
mp-28020,-1.319186356666666,12
mp-1228980,-0.7430883706249991,7
mp-3098,-2.417624361249986,8
mp-866296,-0.6301237899999991,4
mp-12550,-0.7594491199999991,4
mp-4979,-0.963132853906248,8
mp-8016,-0.7563341932812491,8
mp-1228961,-0.910110392142856,14
mp-1229027,-0.772785169196429,7
mp-8017,-0.42519420625000104,8
mp-468,-3.86576940625,8
mp-2658,-0.326887014999999,2
mp-867878,-0.44477182749999905,4
mp-862288,-0.20830292249999902,4
mp-1183162,-0.198893174999999,4
mp-22793,-0.159749470999999,5
mp-1206123,-0.20500472224999902,5
mp-10884,-0.35879662500000004,4
mp-17477,-2.750685666517856,32
mp-861953,-0.595923447499998,4
mp-1228891,-0.537332601249999,4
mp-1228893,-0.37752743999999905,4
mp-1228918,-0.35302968250000005,8
mp-1228900,-0.273077184444446,9
mp-867904,-0.517801542499999,4
mp-23743,-1.475989831363636,44
mp-643387,-2.551256586388889,18
mp-23933,-0.073632082812499,8
mp-696815,-2.19714858625,40
mp-1214960,-1.599531583496093,32
mp-1192001,-1.654701392708332,24
mp-1191939,-1.593938973541667,24
mp-1228986,-1.618079401875,12
mp-625152,-2.6528255821875,16
mp-1105277,-2.26148272546875,16
mp-30930,-0.9552141906250001,16
mp-27935,-1.32499238,16
mp-1214853,-1.380429771527776,24
mp-638061,-1.491166371666666,24
mp-571260,-0.8898664715277751,24
mp-504482,-1.002490066354166,30
mp-862787,-0.8639210584375001,30
mp-1885,-1.070602759999999,2
mp-259,-0.258336353750003,8
mp-661,-1.6796721718749992,4
mp-1487,-0.6849011500000001,2
mp-1214877,-2.320189297407406,36
mp-2593,-0.42641977749999904,4
mp-1228832,-0.336871960000001,8
mp-1214829,-2.4922114857575752,22
mp-1550,-0.737248783988095,2
mp-1196119,-0.652142632111344,34
mp-568423,-0.6438012067142851,40
mp-5331,-3.12717220299603,18
mp-1228856,-0.66189478299602,18
mp-1025271,-0.6679614925680291,7
mp-1102285,-0.6941880198710311,12
mp-7189,-0.9356018049999991,8
mp-2824,-0.8292466416666661,12
mp-605663,-0.46204495833333203,24
mp-27393,-0.524211835,8
mp-10904,-1.13101585,8
mp-16960,-0.923852272499999,24
mp-607111,-0.7531256231249941,16
mp-1228815,-0.382194888749999,4
mp-10909,-0.32302287499999705,3
mp-1228817,-0.28877370083333104,3
mp-1228809,-0.45734168416666604,3
mp-364,-1.17748661,2
mp-542569,-0.728409132500001,2
mp-556418,-1.831841661071428,14
mp-555805,-0.9023574200347211,18
mp-2624,-0.252975485,2
mp-1194909,-1.3013409741319442,36
mp-1204489,-1.236893261083333,40
mp-676861,-2.5433669,6
mp-1205403,-0.9633391423958331,18
mp-1227997,-0.264832075833335,6
mp-1228032,-0.295583669375002,8
mp-862778,-0.7554451362499991,4
mp-31220,-0.332382315999998,10
mp-1018166,-0.467612646666665,3
mp-573751,-1.124001829722222,36
mp-29407,-0.680516245185186,18
mp-18733,-2.203208559444446,12
mp-1539038,-2.910299935624998,16
mp-567878,-1.464957673888887,24
mp-567716,-1.836471812222224,24
mp-3751,-3.2540289300000023,12
mp-607829,-0.9711981497222221,24
mp-985477,-1.138304947708334,32
mp-863762,-0.9003726551562501,32
mp-1228177,-3.082131854102565,26
mp-1228209,-2.9007873485714297,42
mp-1228001,-0.28638329500000004,2
mp-1025497,-0.5740756675,8
mp-1281387,-2.764986320714285,14
mp-2767452,-2.835161980714285,28
mp-1387,-0.169027858749999,8
mp-1228807,-0.20036260250000001,8
mp-1228829,-0.23588536937499902,8
mp-1228971,-0.13348005708333202,24
mp-4955,-0.44793970249999904,4
mp-5778,-0.42876261999999904,4
mp-20014,-2.4600990815,40
mp-18827,-2.796821249444444,36
mp-862700,-0.60377356,4
mp-866001,-0.730717902500003,4
mp-1182867,-2.682709359999999,6
mp-1228837,-1.177997197857142,14
mp-862705,-0.693766981249999,4
mp-866033,-0.8575285962499991,4
mp-23155,0.0,1
mp-158,0.0,4
mp-28159,-1.6685016422500012,20
mp-27445,-1.726892136249988,20
mp-558244,-1.912761675277777,18
mp-30934,-0.49507149223214203,28
mp-557417,-1.891481795454545,44
mp-15649,-0.571072849166668,12
mp-1582,-1.626348611000001,20
mp-1788,-1.557510087142856,28
mp-2455,-0.303892785000002,6
mp-540883,-0.23662250460362502,44
mp-557799,-1.8929614597916662,48
mp-505465,-1.639667804722222,36
mp-505368,-1.733542170769229,26
mp-31107,-1.634658171956522,46
mp-28537,-1.646121696071428,28
mp-20015,-1.7332001416666651,9
mp-20465,-0.352124162499999,12
mp-2513,-0.607378169999999,12
mp-15954,-0.5725928316666651,12
mp-766,-0.45673630666666704,6
mp-1189572,-0.156509995187498,20
mp-27230,-1.684100125833333,18
mp-909,-0.139482853937499,20
mp-27404,-1.456309445486112,18
mp-626378,-1.575999330624999,40
mp-540912,-0.508268478749997,16
mp-1192209,-1.616680986458334,24
mp-561268,-1.647441325833333,48
mp-1214749,-1.7265428767857132,42
mp-510724,-1.62900363875,36
mp-1214667,-1.824253077023809,42
mp-8182,-0.49874215187499904,16
mp-11696,-0.0927698695,10
mp-1228867,-0.5237741229761891,15
mp-1095378,-1.16497064791667,12
mp-23317,-0.860313386875,16
mp-1229049,-1.830988002045455,44
mp-23444,-1.580068915416666,24
mp-23280,-0.755685861249999,16
mp-29863,-1.156071267499999,20
mp-27926,-1.596720471,20
mp-1201143,-1.7718805006818181,44
mp-28027,-2.229369302499999,16
mp-8723,-2.152408185416666,12
mp-1191113,-2.054519582386364,22
mp-1228828,-1.6462676583928562,14
mp-23218,-0.47864313937499803,8
mp-31020,-1.446461231874999,24
mp-1228823,-0.699005755937501,12
mp-1228810,-0.622789714687499,12
mp-30010,-1.485383560462962,36
mp-1182477,-1.890011069249999,10
mp-685810,-1.53555581085,50
mp-1214793,-0.44338814343749705,12
mp-1214784,-0.313583645520831,12
mp-8140,-2.198969101190476,24
mp-14367,-2.064414745306121,28
mp-29992,-2.40769107972222,18
mp-8073,-0.371112764999999,12
mp-1105134,-0.364774416249996,16
mp-20257,-0.351475592916666,12
mp-2512,-0.269940265416664,12
mp-10848,-0.40359472510416505,12
mp-10849,-0.38689818552083205,12
mp-2302,-0.5298349875,3
mp-1228745,-0.731231218437502,12
mp-1228724,-0.6661096080208321,12
mp-1214786,-0.592859944270832,12
mp-542810,-0.159580558906249,32
mp-558466,-1.746848168863636,44
mp-556705,-1.832379640681818,44
mp-557628,-1.790851937750002,40
mp-542570,-0.11949234390624801,32
mp-1214921,-1.7975172627130682,44
mp-554706,-1.8820624545312499,44
mp-559575,-1.7037208815767042,44
mp-23569,-1.31260652796875,28
mp-505373,-0.45124700661458106,12
mp-27750,-1.8946784313888752,36
mp-81,0.0,1
mp-990238,-0.9614194822222221,9
mp-27253,-0.45785339499999805,10
mp-947,-0.118341825937501,6
mp-559824,-0.906057643135418,30
mp-27441,-0.9884635352573481,34
mp-17407,-1.089517318181818,22
mp-505366,-0.40299109374999903,8
mp-27213,-0.556991212499999,32
mp-30159,-1.29653018625,16
mp-32780,-0.264202023750002,8
mp-541656,-0.31720318750000104,12
mp-27647,-0.323221143125,16
mp-27265,-0.598648675555555,18
mp-942,-1.101981742499999,24
mp-30103,-0.8650549835416661,48
mp-27725,-0.265866406249999,8
mp-1214760,-0.20558824833333403,6
mp-560745,-0.6861960044999991,40
mp-28192,-0.298684163973214,28
mp-556587,-0.28595768864583304,36
mp-30003,-1.313295811874998,48
mp-2793,-0.14021907453124502,4
mp-27199,-0.490861640364582,24
mp-28372,-0.356808604340276,36
mp-560549,-0.915634184140625,24
mp-160,0.0,12
mp-23791,-1.854174557559518,28
mp-27184,-2.458742290180167,37
mp-576,-0.094896928833333,15
mp-2331,-0.44864111666666806,6
mp-1196917,-1.973493511111109,42
mp-306,-2.798056310000001,15
mp-2850,-0.23460797166666703,6
mp-1077,-0.308338266666668,6
mp-1019509,-2.088806264487179,13
mp-558521,-1.903957732092802,44
mp-569803,-0.320738852499999,12
mp-1079348,-0.273454191500002,10
mp-1196893,-0.211636451447367,38
mp-13854,-0.35249670649999904,10
mp-1238815,-0.130572651333333,15
mp-1228631,-0.291843026666668,6
mp-9747,-2.647339741388887,24
mp-567926,-0.40834903444444204,18
mp-1228672,-0.37363573925000504,10
mp-624,-0.20918894107142802,14
mp-31064,-0.27971710919117604,34
mp-1346,-0.8052726050000011,14
mp-28395,-0.326223649710885,14
mp-622018,-1.819980404895833,32
mp-3277,-2.130445326111111,6
mp-23225,-0.927507426041666,8
mp-557856,-1.947817728020833,16
mp-23184,-1.0426612775,8
mp-23398,-1.808708441249999,32
mp-27896,-2.927657615937501,32
mp-1105235,-1.9099985425520831,16
mp-707009,-2.387841855952381,28
mp-696379,-2.285948338657407,18
mp-720391,-1.969816386166667,40
mp-696656,-2.066942876916666,40
mp-1196968,-2.039009698159722,48
mp-862539,-1.432805491777777,15
mp-1198592,-2.258127566145833,48
mp-23189,-0.347344851041667,8
mp-1183252,-0.21504744125000003,2
mp-28897,-0.30419117,12
mp-1890,-0.5239632375000021,8
mp-604884,-1.412978993125001,4
mp-555207,-2.098579680208334,32
mp-4674,-1.7526936364166672,40
mp-1182442,-2.114042669861111,24
mp-997617,-0.272355456249999,2
mp-1479,-0.48330429523809504,2
mp-567433,-0.66051848110119,32
mp-1201622,-0.87197091328869,32
mp-1195775,-1.920354140317461,48
mp-3589,-2.76428254563492,6
mp-21266,-2.546615575267857,24
mp-27724,-0.645372425634919,6
mp-1202733,-2.266858759642855,42
mp-7424,-0.275338095833333,6
mp-20517,-0.263228629374996,16
mp-1190529,-0.22070651291666302,24
mp-1214755,-0.19524489249999502,14
mp-2049185,-0.205257270833328,6
mp-567164,-0.429055083749998,4
mp-540668,-0.7289695282638881,48
mp-27245,-0.858403642777776,36
mp-27349,-2.523463705740736,36
mp-1228703,-0.6995956877380931,14
mp-1214789,-0.194957051874998,24
mp-561226,-2.343432184280303,44
mp-7832,-0.35971011500000205,8
mp-1113,-0.24568312916666402,6
mp-122,0.0,2
mp-27286,-0.830284046590908,44
mp-13910,-0.332178010666667,5
mp-7882,-0.397887482666665,5
mp-18501,-0.952725886833328,20
mp-30023,-2.295567081363635,22
mp-1207061,-0.37513931499999903,5
mp-570482,-0.39657781400000003,20
mp-1228740,-1.5790870441964242,14
mp-5506,-0.269387471999998,20
mp-28505,-1.140490400238092,14
mp-14501,-0.657548921818193,22
mp-1105233,-2.188986189444444,18
mp-571350,-0.778867536000001,10
mp-568113,-0.812224483000002,5
mp-4109,-0.691766348999999,5
mp-28719,-2.209939348181815,22
mp-9297,-1.445636781428571,14
mp-1228679,-0.42489049060606005,11
mp-1203559,-0.450125838199999,50
mp-2647015,-0.5125113818939391,44
mp-12073,-0.5000045856666671,5
mp-540659,-3.096925162619045,42
mp-7349,-0.46725112366666605,5
mp-30126,-1.273449396190475,14
mp-570823,-0.8903812985995351,18
mp-12927,-1.107963756,10
mp-571599,-0.642472992999996,10
mp-1190125,-2.104656756363634,22
mp-554626,-1.167833141111111,18
mp-1104609,-0.43572151500000106,14
mp-8281,-0.614831377000001,5
mp-1069712,-0.336708437999999,5
mp-8279,-0.5651984778571381,5
mp-8150,-0.6039184979999991,5
mp-1190390,-1.110697699090904,22
mp-20563,-0.6017236930000011,5
mp-1070253,-0.36836408399999504,5
mp-1029457,-0.49946675600000107,10
mp-1195776,-0.224965051363635,44
mp-1229162,-1.132555306666663,27
mp-14786,-0.21444591923077802,13
mp-14785,-0.285302099120877,13
mp-9247,-0.5093311849999991,5
mp-7374,-1.616588649999994,10
mp-568474,-0.46465449765306405,14
mp-5970,-1.126581507999994,20
mp-1080702,-0.5424659430000021,10
mp-1193410,-2.4205534197619,28
mp-1193797,-2.239951934672619,28
mp-17927,-1.778846113928569,28
mp-1192439,-2.424812620714284,28
mp-1192805,-2.236903161696428,28
mp-17928,-1.767831322023807,28
mp-2903350,-0.651923141999998,10
mp-568961,-0.559460133999999,5
mp-19154,-2.089097835714285,28
mp-4883,-0.811679707857145,5
mp-1189647,-0.31483596705882305,17
mp-1183302,-0.6460903610000001,20
mp-1206799,-0.5020633934999971,5
mp-1105728,-0.655365195857142,20
mp-504985,-0.8136196450000021,20
mp-29938,-0.604923376000002,40
mp-7841,-1.36306374919643,14
mp-38117,-1.025832131666665,7
mp-1194410,-2.254198865624996,28
mp-1182773,-1.809475183095239,28
mp-642304,-0.369288792941175,17
mp-27810,-0.49725449949999906,20
mp-1228646,-0.490121752,5
mp-27809,-0.5029075863571421,20
mp-10698,-0.7417220799999961,5
mp-30050,-0.47043391800000306,10
mp-625888,-1.35750825090909,22
mp-626973,-2.057213571,40
mp-1193583,-2.420139293214281,28
mp-17273,-1.77085865702381,28
mp-30991,-1.546153766666666,18
mp-574176,-0.546454538166676,20
mp-1105940,-0.557203344523808,20
mp-1214750,-0.662174580666669,5
mp-21183,-1.017688293571426,14
mp-674187,-1.7087357877777771,27
mp-984052,-2.415832439761902,28
mp-1192674,-2.217454517529764,28
mp-1192634,-1.737789246785714,28
mp-8280,-0.9285784290000021,5
mp-29209,-0.5920732000000011,5
mp-7876,-0.45907881600000106,5
mp-8278,-0.9180718758571421,5
mp-20452,-0.36364582900000003,10
mp-9567,-0.8334507839999981,5
mp-7875,-0.295223082000001,5
mp-29622,-0.47191740049999603,20
mp-15608,-0.664856364172413,5
mp-19857,-0.761130211029561,5
mp-4396,-1.590176572222223,36
mp-866306,-2.375684078571425,28
mp-17236,-0.311095251842107,19
mp-568280,-0.652883191,5
mp-9473,-0.7742038698571421,5
mp-571420,-0.654173206938774,7
mp-1104130,-0.473823812653054,14
mp-28895,-0.6639766412244891,7
mp-11169,-0.845635251857148,5
mp-559939,-2.980959077976188,36
mp-12056,-0.670666309857142,5
mp-8236,-0.796965229857145,5
mp-8583,-0.9543397898571421,5
mp-4484,-0.9410360498571411,5
mp-759541,-1.5184770292857142,14
mp-28967,-1.124628872142858,14
mp-30432,-0.24267193799999,20
mp-1106056,-0.300392630588237,17
mp-9976,-0.46456810823529204,17
mp-9127,-2.376879317777779,9
mp-1079967,-0.880232587999996,10
mp-17501,-1.642161534523812,28
mp-567771,-1.313510195333333,15
mp-14561,-0.825338688500002,20
mp-27388,-0.527597261999999,10
mp-18655,-0.8417009499999991,20
mp-1194376,-2.397762902500001,28
mp-1193757,-2.236313439196427,28
mp-17786,-1.7951484220238112,28
mp-1190471,-0.30301676650000003,20
mp-1193223,-2.42091323940476,28
mp-17153,-1.786948157142854,28
mp-1193579,-2.421872578928573,28
mp-1193169,-2.229560272410717,28
mp-18196,-1.755499247738097,28
mp-29036,-2.4151363792857152,28
mp-1193099,-2.240760022410714,28
mp-17872,-1.787762902023809,28
mp-7427,-0.6732129104999991,20
mp-1206924,-0.386657336,5
mp-7426,-0.6491009618571401,5
mp-14207,-0.6088550874999981,20
mp-1070267,-0.269167144000002,5
mp-13920,-0.41586877599999705,10
mp-1228865,-2.3700704958,50
mp-1228784,-1.366714386,20
mp-1228897,-3.0039359792,50
mp-16990,-3.260354025740417,41
mp-607525,-0.640175800606061,33
mp-542293,-0.890440683333335,42
mp-605809,-1.116948189499997,40
mp-567643,-0.267294234569666,41
mp-1197065,-0.677296513979593,49
mp-6645,-0.316671435694581,35
mp-645662,-0.297018754361248,35
mp-1228156,-0.27523653402777504,12
mp-615789,-1.787688270454546,44
mp-644875,-0.5238895036111121,48
mp-510508,-1.871456811071432,28
mp-29087,-0.5219400047727271,44
mp-561318,-3.243204630729166,48
mp-698114,-0.530188697624993,40
mp-556282,-2.872980514907408,36
mp-1194732,-2.506528066136352,44
mp-28348,-1.294868916857641,36
mp-757280,-2.062824206578948,38
mp-861937,-0.9461468618750001,4
mp-771158,-3.141567448148147,36
mp-1194549,-2.903474461666666,42
mp-28670,-2.288425597777783,18
mp-1104988,-1.823238056336805,18
mp-569529,-0.7661233980000051,5
mp-862947,-0.865384862499998,4
mp-23127,-2.453007172999998,10
mp-1079891,-2.772258122000001,10
mp-1018098,-1.41151841,4
mp-8271,-3.113965850714285,21
mp-549737,-3.224687858030303,11
mp-17380,-2.019023110416666,24
mp-1354389,-3.0268118375,40
mp-582663,-3.417455777250023,40
mp-1045459,-2.8912213805,40
mp-1214730,-3.378655308499961,40
mp-20841,-2.537359926,10
mp-540862,-4.041768984500001,40
mp-1045850,-3.302105178293104,40
mp-1214724,-3.638905167146551,40
mp-19403,-2.9021457209999992,10
mp-6739,-2.6814129579999992,10
mp-12417,-2.915715638250001,10
mp-1520564,-2.549794024234375,10
mp-1019518,-3.312407685579709,46
mp-550685,-2.786920297666666,10
mp-557448,-3.550436109999999,20
mp-1203415,-3.540057744499999,40
mp-581167,-3.47870105425,40
mp-1214736,-3.58314929575,40
mp-19098,-3.032736570999999,10
mp-8093,-0.22541339999999802,3
mp-1190588,-2.895455095476189,21
mp-1102943,-2.815587358030302,11
mp-1104804,-0.761305063571422,14
mp-1079666,-0.9307027879999971,10
mp-1214739,-2.504644183749999,24
mp-1207118,-2.469319745,10
mp-1206134,-2.223147162,10
mp-867333,-0.47844436999999806,4
mp-18309,-1.8496002737500001,24
mp-2899768,-3.505489702142855,42
mp-42307,-3.606514152857142,42
mp-6850,-2.818670645624999,32
mp-1205643,-3.640372512,10
mp-1228392,-2.8738340829999993,10
mp-21879,-2.800542076999999,10
mp-1521094,-3.1156891165,10
mp-1078874,-3.484094686733333,10
mp-1190827,-2.4915868775,48
mp-18967,-2.463285518,20
mp-16887,-2.328969620000002,28
mp-510015,-3.05940255,24
mp-22112,-2.5761506235000002,20
mp-1079901,-2.660207095999999,20
mp-1029843,-0.9845998641666671,24
mp-17520,-2.731894101428558,28
mp-9372,-2.874737218406594,13
mp-772788,-1.9262245013888881,36
mp-1199575,-1.78235770079365,42
mp-23129,-1.7906236781818181,11
mp-23085,-1.8920105490909092,11
mp-28661,-0.5922158242857131,18
mp-552934,-2.365879127499999,6
mp-551456,-2.449774615,6
mp-3879,-3.391703464444444,18
mp-561179,-2.230958756666665,24
mp-1045817,-3.063350777631579,38
mp-8790,-2.286241100833322,6
mp-1078741,-2.111882844,10
mp-560502,-2.177571373166666,20
mp-6691,-2.060182476777778,15
mp-1516815,-2.827802711166666,40
mp-1214746,-2.870415304166666,40
mp-1206026,-3.036579568166666,10
mp-12640,-3.458601736166666,10
mp-1205636,-3.741842512166667,10
mp-6192,-3.092258773166665,10
mp-1206435,-3.579592562899999,10
mp-1205693,-3.656206646166667,10
mp-6583,-2.063684899999999,15
mp-651358,-2.865382417500001,40
mp-1205628,-3.0564830020000002,10
mp-6653,-3.479930908,10
mp-1205790,-3.763198976999999,10
mp-6621,-2.8655752519999993,10
mp-6231,-3.108728319000001,10
mp-1205803,-3.600573126733332,10
mp-1206292,-3.677274413999998,10
mp-1102914,-0.46191311625000103,12
mp-1518502,-2.59732632325,40
mp-1205758,-2.8686539884999993,10
mp-504674,-2.889526185750001,10
mp-21370,-2.8517456435,10
mp-1361380,-2.801665327368421,38
mp-735530,-2.628824755267857,34
mp-1190820,-2.5332053591666632,48
mp-1288978,-2.5011106080000003,20
mp-542120,-2.392583402142856,28
mp-18845,-2.6401709015,20
mp-18421,-1.668080664166666,36
mp-1195309,-1.438995981857638,36
mp-1201906,-1.572790915555555,36
mp-1203584,-1.493450638246527,36
mp-570245,-0.6563462725000001,10
mp-1203806,-1.561313416388888,36
mp-1203387,-1.477086528802083,36
mp-1214720,-2.044584541999999,15
mp-1202971,-3.5312099183333343,42
mp-866304,-3.302007611527778,24
mp-1520715,-2.79697156975,40
mp-29084,-2.872607037499999,40
mp-1079839,-3.040581021999999,10
mp-22531,-3.423956167000001,10
mp-1205929,-3.703111186,10
mp-1207285,-3.008614165249999,10
mp-2646935,-2.8181416720000003,20
mp-753668,-3.056831461,10
mp-1205549,-3.543877060733334,10
mp-1205845,-3.6186131759999993,10
mp-13922,-0.49216827499999705,12
mp-570803,-1.471335027574403,14
mp-18335,-1.3865706779687499,36
mp-17885,-1.086984500092593,36
mp-1191488,-0.67732141590909,22
mp-1190188,-0.5691721713636361,22
mp-8195,-0.889334313500002,20
mp-8194,-0.8507398508571411,20
mp-540805,-1.718871715714283,28
mp-11902,-1.62330692705357,14
mp-1195529,-1.865396076887755,49
mp-1018651,-1.013956369791667,6
mp-697044,-0.517956494166666,9
mp-643253,-0.658170076388889,18
mp-697038,-0.6514673119444451,9
mp-754363,-3.536360435714286,7
mp-9321,-2.208330561428571,7
mp-8094,-0.38199362749999805,3
mp-557269,-1.197342337980769,26
mp-866106,-0.590788698124998,4
mp-1194545,-1.4468766143750011,32
mp-6205,-2.061363985,15
mp-558195,-3.329889633194444,24
mp-1214684,-2.8670745845,40
mp-1205837,-3.046044359499999,10
mp-12641,-3.4687507135,10
mp-1205699,-3.751961184500001,10
mp-13933,-3.050409025749999,10
mp-6609,-2.855974535499999,10
mp-6687,-3.099882216499999,10
mp-13000,-3.590339720233332,10
mp-1205585,-3.666247560499999,10
mp-551835,-2.476811028,10
mp-684013,-0.298726256666665,38
mp-20546,-2.422391895925927,18
mp-1523085,-2.285416509166667,40
mp-864638,-1.520311703796295,18
mp-1105202,-1.470125419820601,18
mp-555212,-2.561333907380952,14
mp-558243,-2.64616423095238,14
mp-1228360,-2.225249320833332,8
mp-1106089,-2.570699569351852,18
mp-638553,-2.187871523333334,30
mp-19956,-2.866102289523809,14
mp-1207040,-2.319753972666666,10
mp-616601,-2.2830571143333342,30
mp-1206536,-2.535739393666667,10
mp-1189339,-1.430602192042823,18
mp-553874,-1.270610511309522,14
mp-1078409,-2.788171481500001,10
mp-18111,-2.8582493196875003,32
mp-15889,-2.7118537085,10
mp-553281,-3.3879811675,10
mp-1205623,-3.6514718885,10
mp-1207161,-3.353361090374999,10
mp-12911,-2.780421626499999,10
mp-551269,-3.0319059435,10
mp-615682,-2.7770781808809533,14
mp-13055,-3.506661578233334,10
mp-6075,-3.032362909675926,36
mp-573677,-0.9867448322333331,20
mp-17491,-0.564515894305557,24
mp-1207120,-2.235183333833333,10
mp-10584,-2.442012323333333,10
mp-10555,-0.963360580104167,16
mp-6270,-2.741621015583333,10
mp-15521,-0.39421263388888805,24
mp-1214633,-2.382827871,10
mp-1228639,-3.33855774375,24
mp-1078394,-2.8643274956666662,10
mp-22594,-2.816694966666667,10
mp-1205836,-3.081216235666667,10
mp-12644,-3.506273435666666,10
mp-1214813,-3.082907085916667,10
mp-6145,-2.8877280816666673,10
mp-1078185,-3.1285257716666672,10
mp-1079705,-3.626409085399999,10
mp-1206047,-3.69928473166667,10
mp-9259,-3.127045616666666,11
mp-1190166,-0.601355714090909,22
mp-1813,-0.029599811842105004,19
mp-733604,-0.46198349050000204,30
mp-29564,-0.30904385166666404,18
mp-1045463,-2.79664768425,40
mp-1190545,-2.790592405416678,24
mp-643370,-0.545818565833332,9
mp-1205825,-2.8326574255,10
mp-1206133,-2.5998744305,10
mp-22441,-2.836681418749999,10
mp-9338,-3.363647231666667,24
mp-1183219,-0.236460654583336,4
mp-13811,-3.457244664499998,10
mp-18986,-2.9532242795,10
mp-1045769,-2.965024216887477,38
mp-19213,-1.223353110123153,14
mp-1080029,-2.546645978394396,9
mp-1192147,-2.616023565660919,48
mp-20399,-2.6296567122931043,20
mp-27443,-2.5622813575718393,24
mp-20813,-2.637856969043105,10
mp-18445,-1.86325135340517,24
mp-18513,-1.772629814160382,24
mp-16905,-1.460359264655172,24
mp-18992,-2.480495740459771,40
mp-1228544,-1.674919763630867,24
mp-1192656,-2.6172728056120693,30
mp-19085,-2.746980555793102,20
mp-19045,-1.476176074492338,36
mp-1892,-0.524869564999999,3
mp-1018099,-1.543993426250001,4
mp-6496,-1.788666265531609,24
mp-1228433,-0.453373910425287,15
mp-1102325,-2.36342373752351,11
mp-1091394,-2.207977574637931,10
mp-1019519,-1.448841951594827,8
mp-22442,-2.386168429137932,10
mp-6798,-2.688152365387931,10
mp-1214646,-3.076706050637931,20
mp-28675,-2.99010620489796,49
mp-19796,-2.8760714015625,16
mp-16998,-2.85137372155914,31
mp-31627,-3.056199825000012,40
mp-1021504,-2.895553720499999,20
mp-20620,-2.959584960666666,10
mp-17024,-1.157705022500001,24
mp-1228528,-3.234071463619047,30
mp-1205833,-2.733223787000001,10
mp-1078969,-3.119411723,40
mp-614981,-2.211208898958333,12
mp-704634,-2.561513236842106,19
mp-561462,-3.512607946904762,42
mp-546321,-2.763932660750001,10
mp-1079169,-2.69351797275,10
mp-19389,-2.982738908749999,10
mp-6167,-3.374360572749999,10
mp-1205708,-3.643724666749999,10
mp-1205885,-3.3420823546249983,10
mp-6200,-2.76169770475,10
mp-6122,-3.01343531975,10
mp-1205600,-3.493614462483332,10
mp-1228402,-2.180424118141026,13
mp-1205576,-3.558935959749999,10
mp-1519207,-3.052404307750001,40
mp-1228421,-0.5100935314285721,14
mp-1095498,-0.44986049545454104,11
mp-552567,-2.44925213,20
mp-504568,-2.200199516333333,30
mp-19011,-2.277184675666666,20
mp-504723,-2.563658962499999,20
mp-1019530,-3.223110419025973,44
mp-28894,-0.9124753752380931,24
mp-1105535,-0.8314607517499971,20
mp-1188687,-0.755420047249999,20
mp-27869,-1.8174280386607151,4
mp-1205080,-3.106799326205358,32
mp-21246,-0.54128154333333,12
mp-20098,-2.3690398614285693,7
mp-29794,-3.292978790000001,18
mp-29352,-2.2819422708333352,6
mp-1214585,-2.198976620138889,12
mp-6779,-2.024219551444444,15
mp-1214573,-2.746031445166667,10
mp-6135,-2.67204645016668,10
mp-1228503,-2.684856453333332,28
mp-10344,-3.354416347166667,20
mp-1206062,-3.620435965166667,10
mp-9319,-2.559795649166667,10
mp-6183,-2.741390882166667,20
mp-6692,-2.994456447166667,10
mp-1205686,-3.473158075900001,10
mp-1205598,-2.969255502668103,10
mp-1205886,-3.5056016468749993,10
mp-1207268,-2.742584272874998,10
mp-1207069,-2.863711808874998,10
mp-14406,-1.170297625394733,38
mp-1246715,-0.7870544462499981,24
mp-505390,-2.740826081562503,32
mp-559442,-1.7513619711111121,27
mp-765493,-2.4892227763888912,36
mp-16922,-0.962356391249998,40
mp-755950,-3.507443436666667,18
mp-1228350,-2.879962554375,8
mp-10302,-2.7803704155,10
mp-1206644,-3.4769086794999993,10
mp-1228342,-3.588310730714287,7
mp-1205674,-2.880641899500007,10
mp-1206567,-3.762429977499999,10
mp-1206861,-3.052916138749994,10
mp-1205823,-3.5931783102333332,10
mp-9905,-0.290134812500001,12
mp-9867,-0.43518952444444103,24
mp-29819,-0.47105561388888806,18
mp-9711,-1.340124068000002,30
mp-17612,-3.361976853214285,28
mp-5838,-1.8971593110714262,28
mp-14447,-1.724802340624997,14
mp-14448,-1.3028846888095251,14
mp-1214577,-2.044231239666666,15
mp-1520422,-2.7804795447499933,40
mp-1189376,-1.907945853802083,18
mp-1095110,-3.0179772245,10
mp-1520939,-3.396624508250001,40
mp-1080470,-2.8243193915,10
mp-1205602,-3.680276951499999,10
mp-6037,-3.0407220915,10
mp-1214622,-3.518325293233334,10
mp-1207130,-3.5953958395,10
mp-1517191,-3.086228743,40
mp-1981,-0.607812785000002,12
mp-867912,-0.6317105993750011,4
mp-3359,-2.725244696428571,7
mp-17918,-2.481345934375,32
mp-541832,-1.703901759999997,28
mp-17805,-2.426220983066406,32
mp-1192595,-1.633364205625,28
mp-583630,-1.236072623541666,32
mp-9115,-2.4566585610000002,10
mp-1523293,-2.495754386234375,10
mp-13356,-2.730477315666667,10
mp-14552,-3.509292623,20
mp-18764,-2.968149434,10
mp-28457,-3.20763455,49
mp-770239,-3.439801008605799,22
mp-6238,-3.073914786849462,31
mp-545544,-2.950626889733333,10
mp-31630,-3.167910216483332,40
mp-1205671,-3.006213886233333,20
mp-1079630,-3.075058790399999,10
mp-17400,-1.252087564555554,24
mp-1205650,-2.814804107066668,10
mp-552191,-2.826584474666666,10
mp-12410,-2.770439125666666,10
mp-1205597,-3.026519996666666,10
mp-6254,-3.451506916666666,10
mp-1206245,-3.731127443666666,10
mp-6265,-3.084002428666667,10
mp-1207064,-3.571236521399999,10
mp-1214561,-3.140708241666666,10
mp-1078191,-2.438919834166666,8
mp-560742,-2.854489903282313,28
mp-1189897,-1.9835559516666699,18
mp-6289,-2.894512731410256,26
mp-6081,-3.44362643102564,26
mp-7733,-3.4893476778571433,21
mp-3397,-3.399091214047619,28
mp-17908,-2.099204554761902,28
mp-757586,-1.722333900710784,34
mp-18327,-1.964748793796296,36
mp-866292,-0.367555368333333,4
mp-1214714,-3.377162033833335,40
mp-1183313,-0.47277847645833404,4
mp-1228332,-2.281407364333334,10
mp-984724,-0.29199189083333404,4
mp-6710,-2.066025895333333,15
mp-1205595,-3.068558652,10
mp-12642,-3.4924325310000013,10
mp-1206036,-3.77579143,10
mp-13934,-3.07167965825,10
mp-12729,-2.876566269,10
mp-1206029,-3.612670555733333,10
mp-1192549,-1.223446267235575,26
mp-1192547,-3.33624709795238,30
mp-583034,-3.681598229999999,22
mp-1079615,-3.106356700999999,10
mp-1205611,-3.282478179999999,10
mp-555358,-1.62023344475,10
mp-1078441,-1.506168162171873,10
mp-504699,-3.109767488999999,10
mp-19852,-3.260499004793104,10
mp-19093,-3.084455379999998,10
mp-1190025,-1.781176822222215,18
mp-1205557,-3.5085369283333323,10
mp-1078725,-3.176747228999998,10
mp-19179,-3.210516682307664,26
mp-1228885,-3.326447592352941,17
mp-1192499,-2.565422053083333,30
mp-19474,-2.922540033863607,44
mp-1192628,-2.717228091083334,30
mp-728780,-2.829187570856091,34
mp-1214695,-3.036037740588236,17
mp-17696,-1.216871307916668,24
mp-19096,-2.930773886071427,28
mp-28403,-2.869734222187485,32
mp-6790,-2.050150574666667,15
mp-1104423,-1.240946243095236,14
mp-866310,-3.314055824444445,24
mp-1523166,-2.8108761275000003,40
mp-1205054,-2.808661915555556,36
mp-1228257,-2.132360368928571,14
mp-1204162,-2.926506524999999,36
mp-15888,-2.761594729999999,10
mp-1205669,-3.021668231999999,10
mp-7251,-3.444694518,10
mp-1078303,-2.862705703999999,10
mp-1205895,-3.728716805,10
mp-6430,-3.026363982249999,10
mp-6428,-2.831114415,10
mp-6492,-3.075945864,10
mp-12385,-3.5674410347333323,10
mp-654374,-2.21219812525641,13
mp-1205713,-3.642864564999999,10
mp-1520624,-3.12685046075,40
mp-545436,-2.7023540312500023,10
mp-1205934,-3.115867185750002,10
mp-19751,-3.3757481147500012,10
mp-1205639,-3.671142661750002,10
mp-13935,-2.933922713000001,10
mp-12730,-2.782053713250002,10
mp-14294,-2.998014517750002,10
mp-7127,-3.509662673483333,10
mp-1205759,-3.618445308250002,10
mp-1018178,-0.144461570000001,3
mp-1214629,-2.390260479594595,37
mp-541827,-2.959749393333333,27
mp-1078636,-0.94581561,10
mp-1079130,-0.740846427999996,10
mp-1045620,-2.61880406475,40
mp-1190949,-2.580144032916666,24
mp-17244,-1.577256675416665,24
mp-1206097,-2.540304109,10
mp-9307,-0.567185527999998,5
mp-17911,-2.534313652916667,24
mp-1205691,-2.295212536999999,10
mp-5587,-1.9122406191666652,24
mp-1079149,-0.95065891,10
mp-558629,-3.146197094999999,24
mp-1078410,-2.367489561666666,10
mp-548615,-2.6546294450000003,10
mp-568105,-2.324829702660257,26
mp-5900,-4.161155802954545,44
mp-8335,-3.430814742857144,7
mp-1228067,-3.1393160845,10
mp-1202519,-0.950413470833332,36
mp-10669,-0.47830463714285704,7
mp-17133,-1.033622193333334,36
mp-1202948,-0.963656650396823,36
mp-1190157,-0.8628637318181811,22
mp-9578,-0.345244661428569,7
mp-7377,-0.519673631428572,7
mp-9783,-2.69028426346154,13
mp-30905,-1.177302631481482,36
mp-755417,-3.150879008484848,22
mp-1080464,-0.83204799111111,9
mp-571069,-0.846956712222224,9
mp-29302,-1.792433225454546,22
mp-1190530,-0.382377137391304,23
mp-29092,-0.6857238157142851,14
mp-643047,-0.674898203235293,17
mp-19913,-0.785818917433863,18
mp-15753,-0.9237592312121201,11
mp-1095231,-0.770237662121219,11
mp-1095406,-0.9531032539393931,11
mp-30254,-0.519010026222219,15
mp-1228324,-0.8887802341954011,36
mp-3857,-3.294371403021977,13
mp-31238,-2.57293931060607,33
mp-27887,-0.6559744659890101,26
mp-11692,-0.8022187861111091,18
mp-17470,-0.816251921666667,36
mp-601867,-0.763914564285714,36
mp-29354,-1.84273351548717,39
mp-1079622,-0.8493350677777781,9
mp-12612,-0.22483739799999902,15
mp-569218,-0.34317177062499804,16
mp-1192376,-1.04244424357143,28
mp-707218,-2.760497843194445,36
mp-1199363,-2.944955424687499,32
mp-1192373,-1.010714270204082,28
mp-18439,-0.9958173560714301,28
mp-524,-0.44724163764706004,34
mp-1104164,-0.6060228466666711,15
mp-1200496,-2.926992053416666,40
mp-1194742,-2.73635357125,36
mp-1195317,-2.76546137375,36
mp-1199009,-2.8824488884375,48
mp-1195844,-3.207418152727272,44
mp-9793,-2.533021692708333,16
mp-9712,-2.495422235476191,16
mp-556855,-2.722120596250001,40
mp-555231,-2.890821084742856,50
mp-1228299,-2.219612243666668,30
mp-556407,-2.334691380444445,30
mp-669415,-1.127531703933424,46
mp-1228361,-2.156578925,30
mp-567666,-0.8488473629999981,10
mp-1019520,-1.165819193846153,26
mp-1228277,-2.418579771666667,30
mp-17448,-2.379766347999997,30
mp-1214569,-3.303183195000001,15
mp-6443,-2.477575224000001,30
mp-554817,-2.762295101333334,30
mp-1228141,-3.453017960644445,15
mp-1214618,-2.067168229000001,30
mp-6301,-2.669351850666668,30
mp-861914,-0.693865535,20
mp-1228226,-2.499213797432712,46
mp-1214637,-2.056273485333334,30
mp-557755,-2.6907468089999993,30
mp-1281162,-2.629597845384615,26
mp-2760769,-2.685822946923077,26
mp-541512,-2.768121193,30
mp-12905,-0.9083864385714261,14
mp-1228373,-0.310235762945327,27
mp-22472,-2.117636103666667,30
mp-1228336,-3.177327449555555,30
mp-1228348,-3.264355978222221,30
mp-1228297,-2.587928129111111,30
mp-541720,-2.632982266444444,30
mp-1228244,-3.225764984999999,30
mp-1228390,-2.600946232666667,30
mp-555498,-2.755539548724138,30
mp-541721,-2.64537928,30
mp-556259,-2.484864778333334,30
mp-556428,-2.444294398749999,24
mp-560330,-2.531939594999999,24
mp-1228445,-2.3453288891111113,30
mp-1228376,-2.522751010666667,30
mp-1228512,-2.713483659935064,44
mp-8306,-0.711653332857142,14
mp-1214638,-2.242693849999999,30
mp-771132,-2.684727575937501,32
mp-1029573,-0.644586031785714,14
mp-541715,-0.94679452734694,28
mp-1204726,-2.072455019722222,36
mp-1198976,-2.13071918916666,36
mp-1228796,-2.559445923333334,30
mp-1194165,-2.892586929814815,27
mp-9858,-0.5698614239285721,28
mp-1188954,-0.549403898125,16
mp-568836,-1.344987884583333,24
mp-17833,-1.439800085999998,20
mp-778602,-2.85352409027778,36
mp-1200759,-1.861999188055556,36
mp-754128,-3.6430178729166682,12
mp-1228378,-3.5270832964927523,46
mp-1228250,-3.211279244666666,30
mp-1228398,-2.594449324666667,30
mp-1214536,-2.638737857666666,30
mp-866313,-2.971885077135417,32
mp-1200796,-2.92877177267619,50
mp-28274,-3.569621799313725,34
mp-1228643,-2.520288537888889,15
mp-20352,-2.501897394848485,11
mp-1228476,-2.609218550555555,30
mp-620346,-0.9727541548809541,28
mp-1214916,-2.148578039444445,30
mp-1228718,-2.211254367777778,30
mp-22352,-2.261919185444445,30
mp-1106080,-0.722032720999999,20
mp-1029626,-0.577124751428572,14
mp-561089,-2.494737784000001,30
mp-1228246,-2.5408981253333343,30
mp-558624,-2.5850700949998933,30
mp-554837,-2.186956230222224,30
mp-542207,-2.366355247888888,30
mp-542122,-2.298855071222223,30
mp-1228133,-3.259615391888888,15
mp-542832,-3.648600351354167,16
mp-556674,-2.565391483444447,30
mp-1228300,-2.6161617257777783,30
mp-555246,-2.660974772444445,30
mp-554909,-2.321280814333334,30
mp-6474,-3.266047576,15
mp-6520,-2.429325057666667,30
mp-16978,-2.697531417666667,30
mp-6325,-3.413043947644446,15
mp-1228058,-3.33970034848889,15
mp-19188,-2.427450099297096,26
mp-9324,-0.811151963275859,14
mp-17341,-2.561670194528736,30
mp-10736,-0.40036508875000204,8
mp-556316,-2.435961351034482,22
mp-21876,-2.152779337425287,30
mp-9746,-2.373929211943573,22
mp-1228273,-2.206382111425288,30
mp-8868,-0.331969978275862,10
mp-8960,-2.976785175579937,22
mp-542208,-2.33338267875862,30
mp-542123,-2.254982630091955,30
mp-9745,-2.445419504216302,22
mp-1190024,-2.648861400579937,22
mp-8961,-3.078000449882968,22
mp-5360,-2.694584438928573,42
mp-1214502,-3.019409024333334,15
mp-31514,-3.019709090999999,15
mp-542201,-3.259985623076924,13
mp-7249,-3.071309408333333,15
mp-6101,-3.243477344102567,39
mp-18177,-1.5137468131249991,32
mp-12881,-3.025610904021738,23
mp-1214535,-2.481080116833333,30
mp-1228241,-2.529088223500001,30
mp-6018,-2.573923947166667,30
mp-22363,-2.186366352333339,30
mp-1029640,-0.639653886428574,14
mp-1195,-0.50608046735294,34
mp-32606,-0.981139580857144,40
mp-30220,-1.363384261741069,32
mp-14289,-0.948490984081629,14
mp-1019524,-1.886279665559004,23
mp-630923,-0.506141184999996,16
mp-29242,-1.492387526999997,5
mp-1214562,-2.466770013111112,30
mp-1228216,-2.5148127137777783,30
mp-16821,-2.559985890111112,30
mp-1205571,-2.996677969874999,10
mp-38972,-2.686587441428575,14
mp-1245965,-0.7830578210714301,14
mp-1105268,-0.6853477005,20
mp-1029537,-0.6089025292857131,14
mp-29911,-1.67538219125,24
mp-1195624,-1.516091671041666,48
mp-1194583,-1.44534273282552,48
mp-555414,-1.363153438749999,32
mp-1214632,-1.779712968571429,28
mp-12814,-0.9256129459999981,10
mp-560519,-3.715831228,30
mp-1019526,-3.1519017657407398,27
mp-1619,-0.367520217857141,28
mp-985697,-3.072299916086957,23
mp-554885,-2.7458346243181833,22
mp-569842,-1.247045775416666,24
mp-755363,-1.316792708000001,20
mp-27805,-2.004269563611108,36
mp-1228060,-0.42429805732142606,28
mp-1191360,-2.050182045151514,22
mp-1205402,-2.502996392666668,30
mp-1228168,-2.551108316666665,30
mp-6077,-2.595811925000001,30
mp-2205007,-2.518166966770837,24
mp-770846,-2.668888976666666,24
mp-556291,-1.583597970624998,48
mp-18636,-0.625945496875001,16
mp-29243,-1.531505142000002,5
mp-1214717,-2.7939814453125003,48
mp-1228149,-3.420801768611111,36
mp-1228234,-3.087167533499999,20
mp-554266,-2.328023163,30
mp-1228054,-2.6759663396666653,20
mp-540949,-3.2635678793333343,30
mp-6641,-2.432572327333333,30
mp-555078,-2.724019093666667,30
mp-1228191,-2.351899157857143,28
mp-540950,-3.4044608436444452,30
mp-554669,-3.166950008644446,15
mp-1214485,-3.16411224397778,15
mp-1214475,-3.216124539311112,15
mp-1228225,-3.460472078594203,46
mp-15021,-3.43277349637681,46
mp-6169,-3.43141231548718,39
mp-18090,-1.538329979666666,32
mp-1190340,-2.8622157146666662,23
mp-1228418,-3.259709961222221,30
mp-1228219,-2.5823269487777782,30
mp-6345,-2.626808572111111,30
mp-17009,-2.3881671898809542,28
mp-28102,-2.235506496759258,36
mp-1095255,-1.938250703309655,11
mp-1228231,-2.612005185555555,30
mp-14322,-3.625455054062501,16
mp-2017426,-3.544652072734376,16
mp-1227963,-2.607930883666667,30
mp-1190457,-1.903540171060604,22
mp-1228523,-2.888044190999998,30
mp-1228397,-2.970591268888888,30
mp-19365,-3.018909883076909,13
mp-505392,-2.8231374335,40
mp-561403,-2.734256147727272,44
mp-553883,-2.908011544090908,22
mp-1228775,-2.865173970999999,20
mp-1228052,-3.159680050000001,30
mp-1228087,-3.246651754999999,30
mp-1205382,-2.527327743333334,30
mp-1228020,-2.576369705333334,30
mp-18701,-2.621688098,30
mp-1228242,-2.524015475333334,30
mp-1102819,-3.224398532613636,11
mp-8261,-3.565495527734377,16
mp-1190416,-2.6296831402587992,23
mp-560544,-2.182818506825396,42
mp-543034,-2.6270777434313732,34
mp-1019525,-3.017289100228173,48
mp-542939,-2.113057023666668,30
mp-1228233,-2.179142146666667,30
mp-17137,-2.233870685333334,30
mp-1214487,-2.491926767000001,30
mp-755895,-3.519513482083334,12
mp-8570,-2.149402541875,48
mp-1214509,-2.577919387000001,30
mp-757840,-2.075194557812495,48
mp-1214568,-0.46831630187499906,32
mp-556896,-2.196761526805555,24
mp-2631,-0.22180564833333202,18
mp-8300,-1.577458191428567,7
mp-1214488,-1.046557892499999,14
mp-1228450,-2.151019652499999,20
mp-1228030,-1.518546462142857,7
mp-30892,-0.911764586428576,14
mp-38357,-3.503671891874996,48
mp-555218,-2.70427720772727,22
mp-1355181,-3.35318299102564,39
mp-561553,-2.776246725689655,20
mp-23063,-2.9933376768181823,22
mp-1106249,-2.627954138684211,19
mp-1228217,-0.8302593907333321,25
mp-1214933,-2.370190314411765,34
mp-2755143,-3.584377731323533,34
mp-1214501,-2.395158187647059,34
mp-29909,-2.271982365909091,22
mp-1193666,-1.726584959166666,26
mp-1195568,-1.8003721956944432,48
mp-1228129,-2.679884023333332,14
mp-17102,-2.146047897647069,34
mp-754684,-2.483818730454547,22
mp-1214461,-2.196125535666667,20
mp-7971,-2.557289012666666,20
mp-1192557,-0.813855654111111,30
mp-1192527,-0.7642373233015861,30
mp-15472,-2.48175173962963,18
mp-18274,-3.206630116416666,40
mp-16792,-3.367030845016667,40
mp-1147558,-2.314841754749999,20
mp-1019517,-1.081160289615384,26
mp-1228584,-3.418838103962962,45
mp-18791,-2.546114705811359,34
mp-1197784,-2.495784271937119,34
mp-9705,-1.123772806348522,14
mp-559352,-2.182459268068965,20
mp-542286,-2.261358031568965,40
mp-6273,-2.539544967568964,20
mp-1228581,-2.713646580934663,19
mp-6841,-2.459740442854406,18
mp-554477,-2.475676866806753,48
mp-4564,-2.811276072805006,41
mp-1193166,-3.223448198000007,30
mp-1228131,-3.103403415789473,19
mp-1214660,-2.371594289374999,20
mp-561099,-2.069719544827587,29
mp-28164,-1.507804984183673,14
mp-1203328,-3.37069808734933,32
mp-782050,-2.421837189999999,22
mp-8727,-2.467705925000003,22
mp-1228183,-2.605503146578947,19
mp-17304,-2.2903073755882373,34
mp-9774,-1.6512220507142832,7
mp-801028,-2.6492869596666653,30
mp-1228084,-2.80926711264706,17
mp-1228167,-2.994646916710525,19
mp-30101,-1.122397171388887,36
mp-1196887,-1.401036404765624,36
mp-1196927,-2.791652412173913,46
mp-2755271,-2.494593746617648,34
mp-1228585,-3.338343036296295,45
mp-1228547,-3.352668252740741,45
mp-558894,-3.007728040980392,34
mp-1228188,-0.271769444041674,20
mp-21686,-1.8614909181770822,48
mp-1190418,-2.078871372642043,22
mp-570453,-1.621013265000002,22
mp-643409,-2.379512943235294,34
mp-34578,-4.317373688541667,48
mp-653337,-2.277796831985293,34
mp-6716,-2.5601894235,20
mp-2745379,-0.5504413175,26
mp-643683,-0.5069176778846151,26
mp-615760,-0.9160976371794881,26
mp-28908,-2.441765696764707,34
mp-28926,-1.1411264974358941,26
mp-570390,-0.527330480714285,28
mp-559534,-2.699298291388888,48
mp-568809,-0.330826060909091,11
mp-570677,-0.34695077681817904,11
mp-556761,-2.740808625595239,42
mp-1199246,-3.126504320972222,36
mp-1201345,-3.165783474027778,36
mp-29621,-0.8955071224999981,16
mp-1104876,-1.464733043076923,13
mp-865528,-1.315326113846153,26
mp-1214675,-2.660949650238096,42
mp-1214531,-2.76294712595238,42
mp-1200170,-2.613974981666667,42
mp-29082,-0.8842139368181821,22
mp-558566,-3.494424863043479,46
mp-1214489,-3.150852873289473,38
mp-605650,-0.472555280681815,11
mp-568967,-0.49080328295454306,11
mp-1228211,-0.411085470454545,22
mp-2018487,-0.467605253636365,22
mp-1214508,-3.4841228045652173,46
mp-1195178,-0.44705670833333305,48
mp-1228258,-2.441261726666666,50
mp-557816,-2.779990600866666,50
mp-1228411,-3.389303742866665,50
mp-1228175,-1.367242420490196,34
mp-1214534,-3.517275125797103,46
mp-1228121,-0.391134225694444,36
mp-5080,-0.24260706999997603,36
mp-560883,-2.49599062684729,42
mp-1214575,-2.575233092799672,42
mp-759718,-2.492107004568965,48
mp-1229142,-2.280405142406608,48
mp-3563,-3.271554933958334,24
mp-19460,-3.169686828861161,38
mp-554501,-2.363071434166666,48
mp-561125,-3.270024877329931,42
mp-558349,-3.303116248282312,42
mp-1228113,-3.384426028520406,42
mp-1105231,-1.010274563730141,18
mp-30221,-1.338471745247252,26
mp-29787,-2.309565526354167,48
mp-556721,-2.773144637604167,48
mp-556647,-2.7911485840625,48
mp-1214601,-2.738128853020833,48
mp-698206,-2.685463896770834,48
mp-558725,-2.457761265555556,36
mp-556443,-2.509366172777778,36
mp-9909,-1.068958458125001,16
mp-10089,-1.137742783333328,18
mp-553884,-2.944056344374999,32
mp-555087,-3.147026776562501,32
mp-19471,-3.213333743861161,38
mp-559378,-3.310566914703704,36
mp-504554,-3.439217441430571,24
mp-1214492,-3.505004390434783,46
mp-23094,-3.045460437142857,42
mp-1228550,-2.935093845284094,44
mp-1183410,-2.8595979975,48
mp-18204,-3.216298012861844,38
mp-1228122,-2.379262576206897,29
mp-1228306,-2.407141747666667,30
mp-1228145,-2.724074563577778,30
mp-16859,-0.47573277270833303,24
mp-601322,-0.644999388846154,26
mp-672306,-0.47493978277777604,24
mp-16928,-3.116453225632183,29
mp-568512,-0.050287461896550006,29
mp-697671,-0.484279003269229,39
mp-1228107,-3.359589767994891,27
mp-556637,-3.141313740587736,29
mp-1228103,-3.012082031646849,29
mp-569168,-1.2376389456130261,48
mp-1228560,-2.028219808555555,45
mp-1228132,-3.0089145455,30
mp-1104257,-0.9420463310000001,15
mp-1104571,-1.097209097333333,15
mp-554949,-2.3841813169565222,23
mp-1228124,-3.234794147555556,30
mp-1228458,-2.575113708666667,30
mp-27261,-0.48885046935483406,31
mp-570400,-0.23075273117647002,17
mp-567067,-0.5177075062499971,20
mp-1195461,-0.866964005000002,40
mp-562764,-1.758704179756944,48
mp-583221,-1.5417462075889752,48
mp-560912,-2.829841324523327,34
mp-556409,-2.60379826351927,34
mp-1228287,-0.206004443684209,38
mp-1195273,-0.8892164171250001,40
mp-22484,-3.37229915079023,48
mp-865213,-1.149139399166667,15
mp-561045,-2.992093305641025,39
mp-1214436,-2.654353271060606,33
mp-1228663,-1.180992051851852,27
mp-1198571,-2.77966802744898,49
mp-1214459,-2.662510323484848,33
mp-694888,-2.492860230768872,37
mp-34034,-1.200256503443875,14
mp-1104424,-1.274360343833332,15
mp-1214448,-2.665770434999999,33
mp-667372,-2.990142667179486,39
mp-1105101,-0.28139159435897804,13
mp-1104568,-0.33215310699404704,14
mp-33581,-3.192552002653063,49
mp-560022,-1.166311527391306,46
mp-567646,-2.80317716877551,49
mp-11840,-0.275995824583332,8
mp-1241,-0.28819284777777604,6
mp-7394,-1.017806503541665,8
mp-569790,-0.9486019034635401,8
mp-555166,-1.010130186041665,8
mp-569114,-0.96708619846354,8
mp-1814,-0.155002803055553,6
mp-7359,-0.7835291347222181,6
mp-1205318,-0.654724600555557,6
mp-996990,-1.7506179754166662,4
mp-9899,-0.72254780876984,6
mp-1086652,-2.250060911041666,8
mp-1205316,-0.8450495705555541,6
mp-1190401,-1.118060334027777,24
mp-1079647,-2.263063682252604,8
mp-16742,-2.183376328333333,8
mp-9844,-3.252279562777777,12
mp-12885,-2.768880493749999,12
mp-1019531,-2.382469394285714,28
mp-1903,-0.24118154000000003,5
mp-1196877,-2.935126067631578,38
mp-8258,-1.5920549239583321,24
mp-16483,-0.316697639999999,12
mp-558491,-3.5424739598958332,16
mp-4376,-4.044061821071429,28
mp-13272,-0.47589118833332805,3
mp-1078453,-1.814644572499999,8
mp-1207108,-0.5559276915625,4
mp-644097,-0.450698718392857,28
mp-13149,-0.364180733333332,3
mp-1227994,-1.8045234571875,16
mp-571093,-0.45983012531250006,4
mp-31243,-0.7792174177777801,18
mp-9767,-0.819017123750001,8
mp-9769,-0.8445243012499991,8
mp-1214472,-1.834266692833333,30
mp-15325,-0.619441594374999,8
mp-1077361,-0.927193380833335,6
mp-9744,-0.9268007058333291,3
mp-8458,-0.9916395283333331,12
mp-570775,-0.722707377499999,8
mp-30363,-0.740450749999997,3
mp-1190864,-1.745518992608695,23
mp-30364,-0.44300406166667206,6
mp-558430,-3.542616619848482,11
mp-1195214,-2.611067719824562,38
mp-954,-0.409972365,7
mp-9784,-2.625826847291667,24
mp-1103527,-3.430444624166667,14
mp-1199844,-3.383666902600732,39
mp-6040,-3.116867103184523,24
mp-1191182,-0.484617397777777,24
mp-866301,-1.210869094523809,28
mp-555070,-3.120560616212121,22
mp-1227988,-3.129981198406593,13
mp-12797,-3.30665925,24
mp-12431,-3.929139663333339,24
mp-754604,-3.324733488080356,16
mp-550751,-3.3246150149999982,7
mp-642792,-2.095644275217392,46
mp-554084,-2.389789524470047,31
mp-559186,-2.6110974963095233,28
mp-1206552,-2.326006932000001,10
mp-552806,-2.409013681000001,10
mp-1041349,-2.833950647777778,36
mp-2767120,-2.747589091666665,36
mp-551243,-2.184123108,10
mp-1228172,-1.8133421075,16
mp-559051,-2.233427010999999,20
mp-27365,-1.3171996901562482,40
mp-27456,-2.5807169366666702,12
mp-1012551,-2.7891997933333332,12
mp-23070,-3.422976659999997,6
mp-1195678,-1.542902668333333,42
mp-1214417,-0.081763334285715,14
mp-1029375,-0.9736777762500001,4
mp-5504,-2.682779261000001,20
mp-561446,-2.634351782857142,14
mp-606338,-0.775539293181818,44
mp-569603,-0.7560053975000001,44
mp-18065,-4.1013565515,40
mp-560577,-3.7708051657499997,40
mp-8416,-3.73498281475,40
mp-16252,-0.5828065666666661,12
mp-1519241,-2.779050502500001,40
mp-1102214,-0.5910742266666641,12
mp-16253,-0.393707309166668,12
mp-11265,-0.676116901666669,12
mp-527,-0.309211824999999,2
mp-31216,-0.12608137708333,24
mp-11266,-0.30959315333333304,6
mp-1078435,-0.492565979999999,8
mp-1190335,-2.101627822272726,22
mp-1095151,-1.948395214375,8
mp-30426,-0.510969750000001,8
mp-621924,-3.20683579925,40
mp-11816,-0.45231877666666703,6
mp-7899,-2.136694586874999,16
mp-6695,-2.7924746581168822,22
mp-1228125,-0.43958682666666005,6
mp-1078693,-1.946298582499999,8
mp-1227971,-0.515772764999995,6
mp-10502,-2.025183939492336,18
mp-1516655,-3.8427719149999993,40
mp-569380,-1.7938816400000022,12
mp-4887,-1.227158454999999,8
mp-3187,-3.589836753000001,20
mp-568662,-2.96823858,3
mp-23432,-3.6019593516666673,6
mp-19143,-1.966875552307692,26
mp-1194023,-2.563938020714286,26
mp-19203,-2.6788259741666662,48
mp-19086,-2.074947819166665,12
mp-18965,-2.047858012,20
mp-19278,-2.753409940389611,22
mp-1192170,-2.79653768897959,21
mp-541137,-2.603035794642854,28
mp-541031,-3.576210748928577,28
mp-559246,-3.31118269,8
mp-1029770,-0.9847818781250001,16
mp-18571,-2.46133507083334,24
mp-19110,-2.889971435389609,22
mp-30428,-0.07352185500000001,8
mp-9639,-1.73323289196875,20
mp-17947,-1.058076236458333,24
mp-17252,-0.9520959122135421,24
mp-17954,-1.052913258541665,24
mp-12364,-0.9756099205468741,16
mp-27424,-0.8240477865624981,16
mp-11145,-0.145442860714285,28
mp-11143,-0.171180671071428,28
mp-1192715,-0.14049464464285602,28
mp-9898,-0.745497724166662,6
mp-6571,-1.9701728240909082,44
mp-29199,-0.46787788888888804,18
mp-997034,-1.99196457625,8
mp-16254,-0.7276669115476241,6
mp-8851,-2.6480144217532473,22
mp-1147715,-1.387985878749991,8
mp-11700,-0.757941335000002,6
mp-9195,-2.238203543085938,8
mp-5792,-0.451466058749998,8
mp-557735,-1.812993904393939,22
mp-1194284,-3.678984393333333,28
mp-9503,-1.450041400277777,12
mp-1207068,-2.480258880740739,9
mp-12803,-4.418706838181815,11
mp-1193827,-3.7146178107142873,28
mp-1195744,-3.6174564834375,32
mp-14969,-1.958185137916666,12
mp-1029,-4.162401843333335,3
mp-1080821,-3.19318655375,8
mp-1190858,-2.639946740408162,21
mp-1103865,-2.635519018021978,26
mp-561035,-1.671514027072368,38
mp-561063,-2.789432288520409,28
mp-1215009,-1.952314815277776,36
mp-1214455,-2.7611882820833342,48
mp-1194498,-2.562997197838346,38
mp-1192651,-2.1502811303333322,30
mp-1214449,-2.9689710713492063,36
mp-1219,-0.46331017166666505,3
mp-560870,-2.763670269861109,24
mp-1227983,-1.225585044499999,10
mp-1227993,-1.330769891999999,10
mp-335,-0.45104950200000005,5
mp-769971,-2.48627306875,24
mp-4309,-1.258634606874999,24
mp-1194652,-2.522508563311403,38
mp-10509,-3.1632819270833332,16
mp-1008511,-0.21939949437500103,4
mp-541629,-3.52080012857143,28
mp-1102026,-0.543794131666666,12
mp-1018095,-0.5332795509375,4
mp-1540000,-0.36373034125000003,14
mp-1227940,-0.428509079166668,3
mp-1008506,-0.43715596968749904,4
mp-1018094,-0.5414035909375,4
mp-17143,-3.6056465425,28
mp-505438,-3.015181963888906,18
mp-1202710,-3.7783246683333322,48
mp-1197749,-3.5676785271875,32
mp-1518724,-5.153567591,10
mp-1102297,-1.958406533749999,12
mp-20157,-1.8230161028385412,12
mp-1095273,-1.469994218333331,12
mp-1730,-0.5962258124999991,4
mp-1095485,-2.799973547857142,12
mp-2139,-0.5302564979166671,24
mp-1198185,-0.353779728124999,32
mp-28710,-1.146028342499999,32
mp-1069708,-0.524893118999997,5
mp-1068447,-0.570319616999999,5
mp-22346,-0.632367121,5
mp-1070247,-0.562918800999997,5
mp-3848,-2.3543098241666662,42
mp-1029679,-0.35506666333333303,36
mp-1227958,-0.511960961000002,5
mp-14006,-3.401715624375,8
mp-13863,-2.696001211500001,20
mp-1192417,-2.349798765714287,28
mp-22151,-0.9001778516666641,12
mp-1195469,-1.433299476249995,40
mp-23715,-0.6047468716666671,12
mp-23904,-1.776260473125,16
mp-642844,-1.692264442125,20
mp-642834,-1.742991589624999,20
mp-24424,-1.66233117208333,6
mp-643036,-2.3018639871875,16
mp-23861,-1.8344749187499971,6
mp-24565,-2.4067877540625,16
mp-23862,-1.399409345416668,6
mp-643384,-2.129415744687499,16
mp-1105495,-3.409701174833333,20
mp-545548,-3.350602843273808,12
mp-1194160,-3.519879744642858,28
mp-1214420,-4.210183255625,16
mp-10322,-1.52112418875,8
mp-998552,-3.786714650999999,5
mp-1105549,-2.139777798999998,20
mp-2197,-0.530035256250001,2
mp-11267,-0.501785035000004,6
mp-555736,-1.659566770357145,28
mp-864618,-0.430415881250005,4
mp-867770,-0.43417235062500703,8
mp-1193593,-0.27296143928571803,28
mp-1190454,-1.9269570238636362,22
mp-3915,-1.9609385931250012,4
mp-1228081,-0.498360987500001,6
mp-560702,-1.744168052604168,48
mp-28007,-1.404814385624999,16
mp-17363,-3.6946238200000012,28
mp-23260,-2.050704712499999,12
mp-1214491,-2.346634888333334,12
mp-22951,-3.146598396666661,6
mp-31509,-0.41639085083333305,8
mp-22141,-0.47692720111110903,6
mp-1205018,-2.711770589614512,42
mp-22780,-0.36466235958333204,8
mp-1025520,-0.566229482083331,8
mp-21032,-0.6262856920833311,8
mp-11078,-0.45787030583333205,8
mp-22687,-0.346905143333333,5
mp-1095357,-0.243749004166666,12
mp-1228148,-2.949014915666667,20
mp-13545,-2.771339213750001,8
mp-555699,-1.487824404749999,40
mp-1201929,-1.37947426590625,40
mp-1228069,-1.868184513461538,26
mp-6770,-2.124826997270114,18
mp-752656,-3.606246316428572,28
mp-8809,-3.030775586666667,18
mp-1197417,-3.798077128333333,48
mp-559703,-2.320939061060606,44
mp-1203123,-3.290893364545455,44
mp-16452,-2.150266564722222,18
mp-1227841,-0.48957221178571203,14
mp-18079,-1.966379829583333,24
mp-541430,-1.856938119921875,24
mp-17063,-1.517794134999999,24
mp-30111,-1.8700117208333331,12
mp-1078225,-0.561279521249999,8
mp-557892,-1.198350985075756,22
mp-569396,-0.42101846523809505,7
mp-570771,-0.27943568380952405,7
mp-1103771,-2.607254220685551,28
mp-27454,-0.257458162916666,8
mp-558310,-2.982801668541666,48
mp-210,-0.0007388033333330001,30
mp-543044,-3.860047451203703,36
mp-10616,-0.9396946902777781,3
mp-6499,-2.958859195833334,24
mp-554076,-1.533421497916666,24
mp-560949,-3.492257260648148,36
mp-13140,-0.531027867083333,16
mp-23818,-0.6094920114166651,5
mp-13277,-0.9094072093253971,6
mp-10485,-1.008913952777778,6
mp-1194557,-3.632689089895833,32
mp-1183308,-0.0402513825,4
mp-1935,-0.05186177416666601,12
mp-583042,-1.132048698809523,42
mp-1202101,-0.393484580681818,33
mp-680283,-0.967347450543476,46
mp-1206322,-0.176819606111108,6
mp-985705,-0.7764827454166651,16
mp-865885,-0.27755000166666705,4
mp-13407,-0.348359378888885,6
mp-510280,-0.755950821666664,8
mp-31420,-0.46128081388888603,6
mp-2088,-0.502238053333333,6
mp-1226637,-0.25823952249999704,6
mp-1226644,-0.398093601666668,6
mp-1025445,-0.888538368750001,8
mp-567305,-0.45864147125000004,8
mp-1226650,-0.34974247633333205,5
mp-1070063,-0.579720583999998,5
mp-1069443,-0.49259246200000106,5
mp-20338,-0.608201551666667,6
mp-4785,-0.8546510016666651,6
mp-13504,-0.48929717666666606,12
mp-12017,-0.42149738999999903,8
mp-30750,-0.535053100833332,12
mp-1213792,-0.6312978358333321,12
mp-1078427,-0.637123593749999,8
mp-1078224,-0.616502328749998,8
mp-4817,-0.583317357499998,8
mp-672344,-1.011326964444443,36
mp-1213784,-0.503577427499998,8
mp-1102423,-0.660280730833334,12
mp-571542,-0.512263699999999,6
mp-1206928,-0.594403591666666,6
mp-1102352,-0.893538374166665,12
mp-11351,-0.568344964444443,9
mp-1226626,-0.49967570166666403,6
mp-19843,-3.620338527999999,20
mp-21158,-0.809705669999999,9
mp-1106138,-0.8713719199999971,16
mp-19827,-1.016719620833331,12
mp-3344,-0.8916973124999991,24
mp-604008,-0.602825359583332,24
mp-1206597,-0.701184648333331,6
mp-2748,-1.76066340625,2
mp-1226657,-0.782787381249998,8
mp-574159,-0.8920101397222181,18
mp-1193745,-2.843470298214286,28
mp-8948,-1.330524994166666,6
mp-10478,-1.2581861849999991,12
mp-1080105,-2.051013279374999,8
mp-1095675,-1.8266350009374972,12
mp-607004,-1.5989418391145822,24
mp-1025468,-0.655926381249999,8
mp-1077442,-0.6765218616666651,6
mp-1524494,-0.83175767166666,6
mp-865572,-0.583065826249996,8
mp-1103758,-0.378347973571433,14
mp-8667,-0.600598679583332,12
mp-10964,-0.615347130555553,6
mp-1226636,-0.6816856547222211,6
mp-11593,-0.671960808055558,6
mp-6191,-0.614215378888888,6
mp-5757,-0.765778537499999,6
mp-1188136,-0.584093417708332,16
mp-5940,-0.508995821388885,6
mp-1974,-0.6676267045000011,20
mp-1203793,-2.6826398530729163,32
mp-21343,-0.584408567857145,7
mp-20882,-3.412399983833333,20
mp-22435,-0.9882546805000001,5
mp-20051,-0.856721432916666,12
mp-510376,-0.799905212499999,5
mp-457,-0.151077074285714,28
mp-23285,-1.166013417500003,2
mp-1078370,-0.5613821775000011,8
mp-861888,-0.580154864999999,4
mp-604453,-1.028045071666667,3
mp-1018162,-0.9325651566666631,3
mp-569850,-2.261770134999998,8
mp-754112,-3.227982858333332,6
mp-20288,-3.038902384444444,36
mp-640089,-0.179083294999998,36
mp-866189,-0.33158148333333304,3
mp-2863,-0.322184762499997,4
mp-11082,-0.5318187788888861,9
mp-866185,-0.570034574999992,4
mp-866274,-0.46699460624999706,4
mp-1227074,-0.508248183333336,6
mp-12006,-0.34020869666666603,6
mp-1079977,-0.568676573333329,9
mp-582011,-2.567102358125,8
mp-22952,-3.4051250333333343,6
mp-1112,-0.23419471666666503,6
mp-1025095,-0.458673697222221,6
mp-4454,-0.47751153305555505,6
mp-1203867,-0.8007090023809521,36
mp-1193469,-0.44992153892857,28
mp-20753,-0.293339018749999,8
mp-21339,-0.579672264999999,6
mp-1079178,-0.6535379249999991,8
mp-21116,-0.570767636999998,5
mp-644499,-0.655798514062495,8
mp-1079392,-0.731608126249999,8
mp-568089,-0.667851143999993,40
mp-1018660,-0.635787703333334,6
mp-7095,-0.7469604775,8
mp-1070753,-0.6578500220000001,5
mp-6258,-0.466738325833333,6
mp-20650,-0.426064556999998,10
mp-21871,-1.671636384499998,20
mp-20170,-1.471222202406251,20
mp-2801,-0.11083111166666701,6
mp-1226656,-0.535204604999999,5
mp-1194241,-0.122010115238094,28
mp-12562,-0.220984353571429,28
mp-581942,-0.106328285357142,28
mp-20766,-0.582538709999996,6
mp-1226908,-0.6074031453124981,8
mp-1096897,-0.29568849333332603,6
mp-5766,-1.628191004531251,16
mp-672238,-0.749206370000004,8
mp-22740,-0.640837746666666,6
mp-1226605,-0.663051931999999,5
mp-1226625,-0.7212999200000001,5
mp-22761,-0.538675721666661,6
mp-20775,-2.4042347131875,20
mp-1226635,-0.483847925833333,6
mp-1226734,-0.57125431892857,14
mp-2038579,-4.389466343749999,24
mp-510560,-4.305516417083333,24
mp-542001,-4.057656529333332,30
mp-204,-0.08034454166666401,6
mp-20722,-0.504454995000001,5
mp-20245,-0.5844433266666651,6
mp-1025450,-0.6521331850000001,8
mp-1018276,-0.625698357499999,4
mp-2209,-0.723751536666668,3
mp-1227509,-0.37560250583332705,18
mp-1226676,-0.38346043833333404,6
mp-1025446,-0.576111439999995,8
mp-1227952,-0.512334419166665,18
mp-862696,-0.619208526249998,8
mp-1226631,-0.557484264499999,5
mp-1226613,-0.527511801999997,5
mp-1226603,-0.642557031999996,5
mp-1078348,-0.684558597499997,10
mp-3494,-0.726272432083333,6
mp-30267,-0.463041188888882,36
mp-711,-0.36660620428571405,14
mp-1190078,-0.43048234937498503,8
mp-580215,-0.480850014374999,8
mp-1203026,-0.554564489166667,36
mp-1077578,-0.407685988055553,6
mp-1071448,-0.551116544166666,6
mp-1226702,-0.26112830000000004,6
mp-1213791,-0.8501251283333291,12
mp-31492,-0.6125861447222191,9
mp-1226588,-0.472720854583331,6
mp-1102053,-0.796269040833335,12
mp-639863,-0.8063627493749951,16
mp-1103487,-1.009702300833334,12
mp-1102417,-0.8093416858333311,12
mp-1226572,-0.7604824200000001,6
mp-1079395,-0.7032170899999991,8
mp-1189580,-0.864415506875,16
mp-13122,-0.654839912999999,5
mp-21689,-0.6950936427777761,36
mp-13121,-0.6881033349999971,5
mp-1198354,-0.6019523089999971,40
mp-4219,-0.7452239566666651,6
mp-20022,-0.8855562308333351,12
mp-21647,-0.9069781372222201,36
mp-627355,-1.1153373179166661,24
mp-505282,-0.9058820324999961,12
mp-24011,-1.5772010628645812,6
mp-1213799,-4.2256855225,28
mp-1213837,-4.264207262777769,18
mp-702,-0.46794474374999506,2
mp-30506,-0.499326008333336,3
mp-862668,-0.432295460624999,8
mp-1184341,-0.509137670624999,4
mp-1079310,-0.6098875352777781,9
mp-1183753,-0.39161914958333005,4
mp-1545417,-1.718154452499998,8
mp-1191263,-0.6710810876388871,24
mp-1206906,-0.559971635,8
mp-20369,-0.5227776000000011,4
mp-19961,-0.23741705476190003,7
mp-20975,-0.37652915333332804,7
mp-20294,-0.564806904285709,7
mp-1078439,-0.450058424666664,10
mp-672191,-0.26713019249999803,4
mp-19718,-0.6102294155555561,9
mp-636232,-0.6333426766666691,4
mp-20665,-0.403753805555557,9
mp-1214036,-0.21937157428571402,28
mp-20449,-0.681186746666666,9
mp-21492,-0.44518198555555605,9
mp-1206393,-0.36710128277778703,6
mp-21387,-0.7173117266666631,9
mp-640922,-0.916540587777777,9
mp-1071478,-0.8071788644444451,6
mp-1079553,-0.791226604444444,9
mp-582,-0.794724663333327,6
mp-1191930,-0.633348392083335,24
mp-1213828,-0.355078299999999,20
mp-1103919,-0.035442006153845004,13
mp-697677,-0.412733163124999,40
mp-13505,-0.279945984166666,12
mp-1798,-0.05458833874999901,4
mp-1199279,-0.21463265625000003,32
mp-759835,-0.540785976111112,9
mp-1183717,-0.648001093749997,4
mp-1183727,-0.202599081249998,4
mp-21375,-0.35389170749999904,9
mp-1183744,-0.38191538500000305,4
mp-1213919,-0.460255374166665,12
mp-13435,-0.38833065916666604,6
mp-19731,-0.5531805994444401,9
mp-19934,-0.8297022472222231,9
mp-1213760,-0.5420632427777751,9
mp-3545,-0.47950913125000005,16
mp-1095568,-0.450955738333332,12
mp-21518,-0.19824427166667002,9
mp-13254,-0.27305012374999904,4
mp-1213778,-0.596287130330459,24
mp-5901,-0.651657767370688,8
mp-2493,-1.746165499374996,2
mp-7550,-3.473460117499996,12
mp-1226589,-3.6487381167499997,10
mp-1226534,-1.707487596250001,4
mp-1226502,-2.304540925781246,4
mp-21188,-0.31243531749999603,4
mp-1654,-0.37606512333333303,6
mp-10860,-0.48055300055555406,6
mp-580354,-0.390226659583332,24
mp-1095459,-0.45223726819444204,12
mp-1910,-0.34413840833333004,6
mp-574423,-0.388559626428568,28
mp-1061766,-1.016250069166663,3
mp-1191074,-0.5843726744444431,24
mp-1076951,-0.7447320474999951,6
mp-3541,-0.725137949999998,8
mp-1103629,-1.168385950714283,12
mp-1226516,-0.8291752266666631,3
mp-22539,-0.8154229837499961,8
mp-568237,-0.7079298269999981,40
mp-21119,-0.590188871666665,12
mp-643790,-0.603847197187498,16
mp-542856,-0.599526099499998,10
mp-10688,-3.232231492499998,2
mp-20194,-3.9271761966666663,3
mp-755074,-4.084567068333334,6
mp-1102302,-0.24643546333333302,12
mp-1226566,-0.26948988833332904,6
mp-2154,-1.756998903988094,2
mp-22524,-3.109137874928571,40
mp-566,-0.637632621646822,12
mp-504897,-2.811459265910714,40
mp-12920,-1.21197964821428,6
mp-4136,-3.4324044923015933,24
mp-7003,-1.203466868214285,6
mp-1080729,-0.6447711119285711,10
mp-21372,-2.227316696160712,8
mp-1006371,-1.72698442529762,24
mp-561261,-1.359194167232142,48
mp-686050,-4.114417969166666,12
mp-20225,-0.354788227499995,4
mp-1183814,-0.5589214249999951,4
mp-1018086,-0.7748391274999981,4
mp-1226474,-0.915104599999999,4
mp-2092,-0.8212443124999991,4
mp-1025415,-0.484818358749997,8
mp-983551,-0.47552318187499704,4
mp-983559,-0.248268974374998,4
mp-21245,-1.233589757499999,4
mp-2109,-1.153960923333329,6
mp-1226653,-0.5829639266666621,6
mp-11318,-1.032251205000001,4
mp-542777,-0.7909169800000011,6
mp-1226551,-0.97882042,6
mp-22361,-0.577357480277775,24
mp-1018117,-0.804688919999996,4
mp-951,-0.7625730166666691,6
mp-1518,-0.657204234999998,4
mp-1079682,-0.64184541111111,9
mp-607,-0.282104381666661,6
mp-1206127,-0.24044842700000102,5
mp-1096,-2.24176775140625,2
mp-20594,-2.049441479374998,24
mp-1213844,-2.498470744687502,24
mp-4973,-3.234072194166664,6
mp-387,-1.407199144999999,2
mp-1102986,-0.950606049166665,12
mp-1079698,-0.800721782499999,8
mp-1101808,-0.892702450000002,12
mp-1018662,-1.184261033333333,6
mp-22249,-1.093737207499998,12
mp-1103153,-1.581840586614578,12
mp-30152,-1.344564583888885,6
mp-16097,-3.442636500083332,20
mp-1226501,-0.8581363443749971,8
mp-20953,-2.315307633187498,20
mp-2563,-2.048877901171872,2
mp-1096430,-1.939128129479165,24
mp-21115,-0.749129367499996,8
mp-1898,-0.6778101900000001,6
mp-1080480,-0.499570707916666,8
mp-1079402,-0.9147445337499981,8
mp-13475,-0.9399671783333231,12
mp-1018666,-0.535659118333332,6
mp-15653,-0.795617816249999,8
mp-1191823,-0.47912386499999904,24
mp-1226508,-0.803158105999999,5
mp-3284,-0.9619997612499991,8
mp-1213768,-1.014437221666665,12
mp-1025521,-0.786309112499999,8
mp-1226491,-0.9615113139999971,5
mp-1068906,-0.839946479999999,5
mp-29466,-1.4897114845833341,36
mp-1068364,-0.6550181099999941,5
mp-1207122,-0.797867792,5
mp-1070394,-0.8207631660000001,5
mp-13120,-0.7225186839999961,5
mp-22225,-3.367056123020832,24
mp-1226545,-0.8503381389999981,5
mp-1226517,-0.9626563169999991,5
mp-604496,-0.770666635312499,8
mp-29535,-1.145231056666666,6
mp-21441,-0.9144104350000011,12
mp-1105540,-1.004984055624999,16
mp-20710,-0.719681676666664,6
mp-1072537,-0.5869670999999991,6
mp-505005,-0.6367607150000001,6
mp-1213807,-0.858107440833331,24
mp-1072580,-1.105894759999999,6
mp-1206104,-1.214706739999997,8
mp-1207119,-1.054200257999992,5
mp-31078,-0.995723801249998,8
mp-8653,-0.763973854999998,6
mp-1226571,-2.2846903343749982,8
mp-1911,-0.534640256249996,4
mp-1191226,-0.641576661249998,24
mp-1198476,-0.519540024499998,40
mp-11081,-0.739031595000002,6
mp-867310,-0.656840798749994,4
mp-20835,-0.8519636916666711,9
mp-21490,-0.83661813583333,12
mp-20834,-0.9841565333333311,12
mp-12374,-0.8836737561111091,9
mp-610687,-0.627678915833329,12
mp-22074,-3.6628021208055532,24
mp-1525,-1.571865663333332,2
mp-1226486,-0.5577263978571421,14
mp-1226547,-0.6642597520000011,20
mp-1226556,-1.760693609374996,4
mp-1205531,-0.669301494666663,10
mp-1227002,-3.485640598148148,36
mp-1206755,-0.43258772,2
mp-1194799,-1.082164444511904,40
mp-1195195,-0.9145905771681541,40
mp-638100,-1.018705782162698,48
mp-20603,-0.325969957500007,4
mp-867361,-0.516936933333336,4
mp-1195336,-1.049715066147185,44
mp-30512,-0.6904437600000001,9
mp-1184197,-0.5620050000000021,4
mp-1226640,-0.9992945391666641,12
mp-1226573,-1.5424236114999972,10
mp-2767168,-3.76798382983333,15
mp-753493,-3.8070645327777752,18
mp-1226527,-1.608994042499997,4
mp-1226593,-0.849559671874998,16
mp-1226870,-0.38509125666666505,12
mp-1226542,-0.18515620333333202,6
mp-984048,-0.587677257499997,4
mp-1226769,-0.544873335000001,8
mp-1226462,-0.872986735000001,8
mp-1006256,-0.460305484999999,4
mp-640370,-0.197829122499999,24
mp-1385,-0.294554233333333,6
mp-1188098,-0.29296146562499903,16
mp-7247,-0.259160623333333,6
mp-13118,-0.571899726666664,6
mp-1226482,-0.30780722999999605,6
mp-13549,-0.58276365833333,12
mp-1226509,-0.734047499857141,5
mp-1018671,-0.45905287583333104,6
mp-19927,-0.589730007499999,12
mp-1006399,-0.338758053888884,6
mp-1079342,-0.40390332111111005,9
mp-13207,-1.990492516160713,8
mp-13381,-0.6525053522222201,12
mp-12504,-0.8660220374999981,12
mp-607738,-0.6792832279166651,24
mp-1226464,-0.5182204099999991,3
mp-20886,-0.5585938983333351,12
mp-1213767,-4.123051020357143,28
mp-22724,-4.176784459999995,18
mp-22848,0.0,4
mp-31050,-0.30258604611111,18
mp-619575,-0.6182932559375001,32
mp-1213763,-0.603381318749999,12
mp-23207,-0.352869884583334,24
mp-22869,-0.33921599625000004,16
mp-753945,-0.9172557804999991,20
mp-102,0.0,1
mp-19292,-1.620584872222222,9
mp-1069105,-0.46274469500000004,5
mp-1104546,-0.48625886250000006,14
mp-7573,-0.414710932999997,5
mp-27768,-0.41092450392857105,14
mp-765403,-1.3358870674074081,27
mp-28137,-0.560274762045454,44
mp-572672,-0.969356553333333,36
mp-30006,-0.921105642222222,36
mp-754168,-1.160993608571427,14
mp-674355,-0.710747377857131,14
mp-19238,-1.021103145,40
mp-31516,-2.035404187727273,22
mp-546936,-1.1643603814285681,14
mp-1193389,-1.6267590764285722,28
mp-21908,-1.811366018333333,36
mp-2956,-0.602806514374998,32
mp-5094,-0.523631975253906,32
mp-2994,-0.158883350937497,32
mp-570152,-0.542088130253905,32
mp-866481,-0.421919233125001,32
mp-705094,-1.485607919999998,36
mp-551131,-1.4933836296875,16
mp-1202958,-1.506828889305556,36
mp-19955,-0.07822026500000101,10
mp-3925,-0.5034428230357141,14
mp-548805,-1.655759844285714,14
mp-770995,-1.062120947857144,28
mp-644838,-0.195541872857142,28
mp-22658,-0.745516640714294,14
mp-22204,-0.40633885349206106,12
mp-550468,-2.250671190616882,22
mp-622183,-1.959027435892856,32
mp-505217,-1.920177615654762,36
mp-1199584,-0.42518661543232905,38
mp-19905,-0.331056189166666,12
mp-17775,-2.515171201836734,42
mp-36028,-1.637988171428572,14
mp-18855,-1.474494457692308,26
mp-22632,-2.2781895807575783,22
mp-19264,-2.156004351868131,26
mp-19807,-0.48341481071429104,7
mp-505097,-1.307907693029514,36
mp-1183837,-0.023213681249998,8
mp-1271793,-1.290338224285714,14
mp-562742,-2.304656201753247,44
mp-865193,-0.075736843749999,8
mp-943,-0.5121890544642861,14
mp-20456,-0.349812147321427,14
mp-1226198,-0.592370703482142,42
mp-1226019,-0.730139155714285,14
mp-33332,-1.4869248114285711,14
mp-562833,-1.260220709755435,46
mp-562327,-1.398851575277777,48
mp-17489,-1.4648406442857151,42
mp-685142,-1.528850798571428,42
mp-1188878,-0.732440719411764,17
mp-1181796,-0.7176172417647051,17
mp-2767725,-1.234326876071429,28
mp-1513,-0.439116766029411,17
mp-19178,-1.005616199166666,8
mp-2715,-0.290117705833334,12
mp-452,-0.29503400499999904,16
mp-29758,-2.433222992391305,46
mp-553946,-0.480634103437499,6
mp-505511,-0.38076552010416703,24
mp-997158,-0.9538455450000001,8
mp-20857,-0.297524255,8
mp-22759,-0.36355844083333405,12
mp-1190466,-1.7755594803999992,50
mp-1105091,-1.6534395684375,32
mp-545522,-1.4589127130000001,5
mp-30033,-0.6677658133333331,3
mp-21434,-1.665704252999999,10
mp-23240,-0.942769024999999,3
mp-1226116,-0.657063199285712,14
mp-555908,-2.341685073333334,6
mp-1271079,-2.150928883125,16
mp-21237,-0.072474573750001,8
mp-1206874,-0.051942740625000004,2
mp-1192030,-1.181906084166666,24
mp-643547,-1.607606811944444,36
mp-23853,-1.233406687222222,9
mp-27913,-1.3021709928125,4
mp-569610,-0.24168568666667,3
mp-866480,-1.5110067841536452,24
mp-22262,-0.5529794193253961,12
mp-1025557,-0.6155813239880951,8
mp-1178424,-1.136651947999999,10
mp-1226037,-0.507503998214284,9
mp-1226004,-0.088807944999998,4
mp-1226048,-0.213990056666666,6
mp-22408,-1.2718311462500012,4
mp-1400906,-1.072432660000001,12
mp-22270,-0.500380255238095,8
mp-14285,-0.506288872817461,12
mp-24536,-1.769815492823129,42
mp-505235,-2.350182173798701,44
mp-1944,-0.495244297857142,16
mp-24300,-1.6658224079120871,39
mp-774466,-2.431482152584033,34
mp-2761326,-2.120692145773811,24
mp-1018673,-0.5929216915476161,6
mp-1226003,-0.582053775262898,12
mp-10368,-0.6121159002455361,24
mp-1102504,-0.35296490599206204,12
mp-949,-0.073157964999999,4
mp-922,-0.047526424999997006,4
mp-556492,-1.9411580149999992,8
mp-19210,-1.03533258,16
mp-865960,-0.004903000624992,8
mp-1226106,-0.701416429166665,12
mp-2070,-0.454813428541667,12
mp-19379,-1.7370555291666672,24
mp-550763,-1.461084595312499,32
mp-1317,-0.147884075,16
mp-5881,-0.37052628010416705,24
mp-20862,-0.345678589375,6
mp-18973,-1.272770595898438,32
mp-551407,-1.333769276640624,12
mp-7577,-0.4929253525,8
mp-2379,-0.41107844000000104,3
mp-1226006,-0.42309461000000004,6
mp-20536,-0.09587967583333301,6
mp-985707,-0.049153361874999,32
mp-561319,-2.648394465625,8
mp-865733,-0.007355645000000001,8
mp-9945,-0.18488016166666402,6
mp-551806,-1.670296165185186,18
mp-1226075,-1.449877877361117,24
mp-19092,-1.918304684166666,12
mp-90,0.0,2
mp-1206931,-0.420073197000002,10
mp-698567,-1.672403235128204,39
mp-505626,-0.37273138820175306,19
mp-30205,-1.7208289165217372,46
mp-19361,-2.014279678382353,34
mp-641573,-0.08599214517241201,29
mp-641575,-0.084368898620686,29
mp-723,-0.070768306896548,29
mp-1238827,-0.8334234516666661,14
mp-20118,-0.44519081690476303,14
mp-19262,-2.141551745,14
mp-4338,-0.983280842142856,14
mp-22605,-0.8274603791964281,14
mp-20758,-2.132410751428586,14
mp-22803,-0.9210871042857111,14
mp-3880,-0.7528170849107121,14
mp-22625,-0.45779294309523705,14
mp-1104680,-2.180387279285714,14
mp-20197,-0.129634181874999,8
mp-1226437,-1.715939719374999,40
mp-21074,-1.886074827500002,14
mp-15973,-0.8526310274999991,14
mp-5602,-0.7220372402678571,14
mp-1226352,-0.17313177099999902,5
mp-1974686,-2.042750392857141,14
mp-19399,-2.366587769,10
mp-556473,-2.250070627767856,32
mp-557217,-2.148650980267857,32
mp-1226355,-0.11138942300000101,5
mp-1226363,-1.19218155,6
mp-555569,-0.9933775114999971,10
mp-2832,-0.8104281324062481,10
mp-2750,-0.46550123049999703,20
mp-540537,-1.752028875686286,34
mp-21355,-2.022343471296295,18
mp-19894,-2.305236911666666,18
mp-546111,-1.641716069305554,24
mp-23581,-2.6175982128819433,48
mp-558442,-2.576920988923611,48
mp-1213769,-2.667987317256944,48
mp-20937,-0.09858621249999801,20
mp-1226326,-0.823171307142856,14
mp-1226433,-0.995960614249995,40
mp-1226323,-0.515841226071429,8
mp-729,-0.14233230875000102,8
mp-23565,-1.535249863083333,20
mp-1226280,-0.763073599315475,14
mp-1226405,-0.743853269196428,14
mp-1226247,-0.986059919821427,14
mp-1226304,-0.802006105446427,14
mp-1226264,-0.9915397713461531,13
mp-1226293,-0.93617870845238,14
mp-1226322,-0.7825749697916661,14
mp-20809,-0.7855761346726151,14
mp-1189261,-0.47336979849702304,16
mp-1226160,-0.947547189047617,14
mp-1181961,-0.9787200392307681,26
mp-1104327,-0.8122932552884601,13
mp-1213754,-0.47490478717948803,13
mp-1226091,-0.9142838549999981,28
mp-557592,-0.646436608595232,20
mp-1226281,-0.520396303501487,10
mp-19378,-1.6847351029166662,4
mp-3532,-0.596073166588541,4
mp-1226291,-0.7587676995238091,14
mp-1226303,-0.660701050863094,14
mp-20717,-0.1856117475,8
mp-1204934,-1.966665451805549,36
mp-1070789,-0.070824973999998,5
mp-996996,-1.6227390800000001,4
mp-7113,-0.760279661249997,4
mp-1080664,-0.41076425125000005,8
mp-1078278,-0.265362689999999,10
mp-19299,-2.620118576833333,10
mp-21100,-2.341418702380951,28
mp-1226306,-1.864559151296296,36
mp-27734,-1.21740412,24
mp-559161,-2.608249265000018,8
mp-18781,-1.631303849999999,12
mp-567504,-1.425545254374999,8
mp-22946,-2.023977388333333,6
mp-1183740,-0.114220481249999,4
mp-18788,-1.5653893133333332,12
mp-1102834,-0.561685778214285,12
mp-572465,-0.655135611678569,40
mp-1226296,-0.49991660233482005,10
mp-510625,-1.784819649999986,8
mp-1226299,-0.8034213842857121,14
mp-554340,-2.822883553333335,6
mp-560338,-3.04001977,8
mp-554855,-2.60675029,40
mp-639662,-2.309802503333333,24
mp-1391848,-2.063723397142856,7
mp-21495,-0.557252527380952,12
mp-1070544,-0.104997613999999,5
mp-1183690,-0.38577897937499905,4
mp-1183688,-0.205630712500003,4
mp-8829,-0.8617633184062491,20
mp-1206594,-0.287216905000001,4
mp-541449,-0.419505622000001,10
mp-734815,-1.343920983181817,44
mp-23910,-1.9860185846875,4
mp-556308,-1.500121868250001,20
mp-558864,-2.308362642812519,8
mp-19155,-1.299659134583334,24
mp-1213805,-0.723041855833334,24
mp-12083,-0.258463607500004,4
mp-753633,-1.719145625,6
mp-557158,-2.90843886625,8
mp-1213733,-2.166948223333333,6
mp-1213761,-2.041855450185186,36
mp-1213740,-2.192959935757575,22
mp-4989,-0.21253556249999803,9
mp-690539,-2.534242858750021,8
mp-18726,-1.5371248025000002,12
mp-1101790,-0.514590547380951,12
mp-1226272,-2.291926426830386,16
mp-19177,-2.04770086166665,6
mp-21048,-0.40680133273809405,8
mp-7302,-0.264165119380952,10
mp-775489,-2.528283801407563,34
mp-19401,-2.59617238077381,36
mp-1197980,-2.8396973392500002,40
mp-22373,-1.696236294374999,16
mp-19146,-1.7243814908333341,24
mp-865786,-0.127191602500001,4
mp-1063607,-1.685489044999999,16
mp-1206750,-0.275839335,2
mp-2515,-0.342668942500004,4
mp-12585,-0.14720329499999701,4
mp-755263,-0.8691883449999991,3
mp-22998,-1.113927550833332,6
mp-22498,-0.046233308333337005,6
mp-1226278,-1.873557977142856,42
mp-557145,-2.461112771458333,48
mp-33857,-2.119747337916659,24
mp-9130,-0.7856886109999991,20
mp-15236,-0.6863518204062491,20
mp-1009581,-0.7685572382291661,3
mp-8937,-0.25700194666666604,3
mp-1196749,-2.079500198749999,40
mp-865791,-0.49520412375000306,4
mp-3779,-0.438944071999998,10
mp-1018066,-0.289901121249998,4
mp-1226180,-2.125878194444444,36
mp-685055,-0.47679501111111106,24
mp-540922,-0.45052173312499805,32
mp-12743,-0.42683443611111205,6
mp-18785,-2.281001475000003,6
mp-1949606,0.0,8
mp-1206348,-0.45915273293103803,5
mp-569012,-0.609050766931034,5
mp-570837,-0.38757642093103806,5
mp-24136,-0.42521708903846106,26
mp-672338,-0.5948350747413801,44
mp-1206830,-0.37118253693103404,5
mp-557018,-0.722538781124998,5
mp-1238823,-1.118101121022166,28
mp-28884,-0.25733018693103404,5
mp-1207125,-0.48472639778817606,5
mp-561682,-0.958929841919645,14
mp-1104663,-0.926507818098059,14
mp-1229220,-1.387487593310347,15
mp-1229211,-1.4863608413793101,14
mp-1229166,-1.344206779024186,9
mp-559998,-1.67243663051724,18
mp-1207365,-0.757835349190475,5
mp-1206405,-0.8532386531904761,5
mp-1207015,-0.7290987031904761,5
mp-8890,-0.615817549464286,14
mp-3312,-0.6016597880357121,14
mp-561786,-1.645410420332056,18
mp-1229164,-1.69263771048611,9
mp-1229153,-1.301625956666669,9
mp-1229235,-1.467745599227023,15
mp-753119,-2.245138814973477,13
mp-1226383,-0.509562345517242,21
mp-1213727,-0.623003913254869,44
mp-1113578,-1.322267520847702,10
mp-561622,-0.879610696059625,16
mp-567776,-1.4474644520977011,10
mp-1078258,-1.510083130500001,10
mp-1114309,-2.471992757000001,10
mp-640052,-1.598892396412833,24
mp-1190886,-1.662833654583333,24
mp-510565,-2.303777902142857,14
mp-1206546,-1.986505021666665,9
mp-540881,-1.320910873079503,24
mp-1113226,-2.602620705097701,10
mp-1112940,-1.651126571097701,10
mp-1226182,-1.835969256628351,18
mp-554206,-2.500848698408488,13
mp-1019602,-2.9746650486648982,26
mp-560387,-2.991625041573072,15
mp-557359,-2.513358363408488,13
mp-1113614,-3.0340755550977,10
mp-989535,-0.17249546234770102,10
mp-1111952,-3.200818633264369,10
mp-989575,-0.20625497101436802,10
mp-8857,-0.503128553862067,10
mp-1206558,-0.493126870862074,10
mp-15557,-0.43271962336206904,10
mp-1226376,-1.621742937193606,30
mp-29194,-0.7905192645982141,14
mp-558539,-2.453567828394397,32
mp-1019603,-2.8856225659246713,48
mp-1193604,-2.170488689544335,28
mp-5013,-3.29938227275862,28
mp-755292,-2.017852933362068,20
mp-1080693,-0.49212774900000206,10
mp-1229208,-0.750633159879809,26
mp-989543,-1.201150333931035,10
mp-1029699,-0.571404758195402,15
mp-2032711,-0.572164421499998,15
mp-616458,-2.063233068635058,24
mp-1025267,-2.237610422758619,7
mp-1025185,-2.435854882857143,7
mp-15157,-3.4682948657142862,7
mp-697133,-0.439033130714286,7
mp-1226202,-2.885440854466337,12
mp-1202328,-2.635270666817529,48
mp-567386,-0.880730419999998,18
mp-559668,-0.9900200831810341,40
mp-1182453,-1.7326655134729032,28
mp-1188970,-0.24605865558189602,16
mp-1103539,-1.3862717434729022,14
mp-1195999,-2.529674210924671,48
mp-623165,-1.377816909493881,31
mp-1113262,-1.8869487550977,10
mp-1101094,-2.276860933888886,9
mp-768223,-2.669666480718389,12
mp-1214168,-1.5268290531157631,28
mp-1193242,-1.734418117857144,28
mp-610706,-2.472950881034483,9
mp-542168,-2.298495789288794,32
mp-572375,-1.676280052752235,27
mp-28497,-1.872968705714285,7
mp-557324,-2.969485863256706,9
mp-1204482,-2.437889239959432,34
mp-647813,-2.067413580972909,28
mp-1192085,-0.7595336491844631,22
mp-638252,-2.240625920777468,46
mp-1194546,-2.442241901350574,36
mp-28467,-0.5795965455681801,22
mp-1192723,-1.482696955615763,28
mp-616439,-1.581658369285715,28
mp-1025265,-2.500000421428573,7
mp-2042825,-2.189869759999999,9
mp-1191467,-2.406190851966337,24
mp-540695,-2.451739208125001,32
mp-1214000,-2.451185341979165,32
mp-1214346,-2.215431865937502,32
mp-1213714,-2.886040013976293,32
mp-17443,-1.439120684187192,28
mp-1113583,-2.688667714847702,10
mp-1200899,-2.412375312672157,48
mp-29372,-0.5700115987500021,40
mp-1113592,-2.209648464097701,10
mp-1213731,-2.424784149062498,32
mp-1226191,-1.728364108572792,18
mp-572598,-1.071860271034482,36
mp-1226455,-2.656378363498564,16
mp-27882,-1.8067872082567011,9
mp-8217,-3.052358112701146,9
mp-560216,-2.59037369514409,40
mp-1102254,-1.132241111056933,12
mp-1104024,-1.048959332669335,14
mp-662549,-0.820066914425285,28
mp-1183735,-0.368048216330049,14
mp-643010,-0.48047235857142806,14
mp-758948,-1.603478866120689,30
mp-643243,-0.469140110277777,9
mp-1539190,-2.597877944961685,18
mp-1238793,-2.046308469923367,9
mp-1120741,-2.262170020555553,9
mp-13948,-3.7293915677777782,9
mp-29398,-1.508881836590033,9
mp-1178405,-2.8232959390517243,12
mp-1202194,-0.6484524835906721,42
mp-1213712,-0.7964337904540241,15
mp-540574,-0.94678018898541,13
mp-1105419,-0.778646151867812,18
mp-1106156,-0.805449093465041,18
mp-17905,-0.626981313120692,30
mp-1183950,-1.566939390258622,28
mp-2759442,-1.433529481071429,28
mp-8963,-2.439617690258624,7
mp-28421,-1.261049519544335,14
mp-1113177,-2.528273312181036,10
mp-7232,-1.285047978362071,5
mp-1185537,-0.8529707771192531,4
mp-1213722,-2.5730091511638,32
mp-989516,-1.372084801931035,10
mp-2049132,-0.298604841000002,10
mp-1113554,-1.472874406764367,10
mp-1096926,-1.739095379764367,10
mp-1113588,-2.6328010377643682,10
mp-28651,-1.388654682777775,9
mp-572797,-2.396600496666666,9
mp-650532,-1.384625765317528,24
mp-556400,-1.781646286047701,40
mp-505040,-1.4720149933315652,13
mp-13687,-2.3958961098227,10
mp-1113092,-3.423887091656034,10
mp-1112792,-1.578519398406034,10
mp-1113137,-2.800384116406034,10
mp-573204,-2.932455240656035,10
mp-1112787,-2.160229750656034,10
mp-540729,-2.718215617656034,10
mp-1205683,-1.948814964874999,10
mp-560956,-3.113987139656035,10
mp-6968,-2.570865261656034,10
mp-1112785,-2.401450988375001,10
mp-559454,-2.9453288056560343,10
mp-989531,-3.073085906406034,10
mp-1207104,-2.516008354156034,10
mp-1113046,-1.7453492563227,10
mp-1112759,-2.038482780322701,10
mp-989639,-3.008938931322701,10
mp-1112760,-2.518982010322701,10
mp-572298,-2.958681821408525,36
mp-560861,-2.983461569449137,10
mp-557133,-2.985054783656035,10
mp-1112758,-2.173311539406035,10
mp-989585,-2.774147984656034,10
mp-1112754,-2.168916045822701,10
mp-561561,-2.639720883656034,10
mp-1112583,-2.626373155656035,10
mp-571124,-2.452173358156034,10
mp-1113131,-3.575326795156035,10
mp-1112710,-1.639713362156034,10
mp-1079871,-2.501133066156034,10
mp-580631,-2.514091067322701,10
mp-6178,-3.308803861989368,10
mp-989526,-2.724906554989368,10
mp-862811,-3.237675478111318,23
mp-558895,-3.164672170656035,10
mp-1112842,-2.180973091656034,10
mp-1112690,-2.509723881656034,10
mp-6059,-3.579909350656033,10
mp-1206442,-2.407882218374999,10
mp-40143,-3.378490365656034,10
mp-1213737,-1.545500270784205,31
mp-1213735,-1.549219300784205,31
mp-1213736,-2.286944189913801,32
mp-1213724,-2.494501427812499,32
mp-1019606,-2.756388813915271,50
mp-8313,-2.102343527330779,18
mp-504849,-2.468895151775222,18
mp-8294,-2.526923392701148,18
mp-555140,-2.003143927681034,20
mp-13634,-3.662050771257982,18
mp-1206808,-3.4377826902643682,10
mp-14364,-2.096997168767959,16
mp-1111848,-2.132611850264368,10
mp-1226357,-3.11173661403576,18
mp-1206440,-3.114727902264368,10
mp-1113018,-2.4873172784310342,10
mp-1111446,-2.489334767264368,10
mp-1113199,-2.303256872764368,10
mp-6654,-3.078533694014368,10
mp-1112624,-2.482845278264368,10
mp-989405,-1.701866446931034,10
mp-571527,-2.012196700931032,20
mp-574653,-0.36910487079023,16
mp-570379,-2.487084079931035,10
mp-18722,-1.88183337694684,32
mp-1110974,-2.955805476264368,10
mp-573030,-1.491994384080459,16
mp-1194993,-2.830112944039751,48
mp-1111845,-2.144003541014368,10
mp-1112834,-1.671915922014368,10
mp-1111839,-2.140288113431034,10
mp-1113008,-1.670642214431034,10
mp-1189625,-2.427202017764368,20
mp-1112671,-2.476640961764368,10
mp-1112669,-2.487051111931034,10
mp-1112998,-2.386300208166665,10
mp-1226312,-3.228650995702426,18
mp-541190,-2.365512989705459,16
mp-510338,-1.455389584705459,16
mp-1111833,-2.147137565264367,10
mp-567652,-2.4818211412643683,10
mp-1112663,-1.665472209264368,10
mp-569387,-2.493433478249179,28
mp-1113542,-2.213980608764367,10
mp-7331,-0.457082043394397,16
mp-866620,-2.216463746867153,31
mp-863753,-0.8575749577808721,22
mp-2884,-1.271234085522029,18
mp-3704,-1.202847188299807,18
mp-5927,-0.9493663031609221,18
mp-556529,-0.9927388632241381,40
mp-600186,-1.727800930320198,28
mp-1025252,-1.9874760092118242,7
mp-1205772,-1.696653019942529,9
mp-1206528,-2.965928856748767,7
mp-555223,-2.9765578840301723,8
mp-557912,-2.909271344137932,9
mp-1226311,-2.798176958724138,20
mp-505300,-1.7285986863916252,28
mp-505034,-1.319898979021553,10
mp-1199926,-2.512663316112853,44
mp-573947,-1.303543036521552,10
mp-22235,-0.8129580954885051,16
mp-610744,-1.130425235896555,10
mp-1193056,-2.117735942287357,30
mp-18353,-1.968016867869673,36
mp-1207229,-1.516381913256704,9
mp-570990,-1.664493802777776,9
mp-1194312,-2.203920136687191,28
mp-560635,-1.175792686607142,28
mp-866654,-1.135338229812192,28
mp-616507,-1.507259281896551,18
mp-504852,-1.613931031761493,40
mp-562541,-1.422391085678161,40
mp-12309,-3.653021051149425,18
mp-6528,-3.407736822568965,20
mp-989642,-0.314065184818965,10
mp-1197430,-0.345263397568965,40
mp-1110566,-1.5512136298189652,10
mp-1112596,-2.7859535898189662,10
mp-8314,-2.026449079148707,16
mp-1080041,-1.796543229000002,10
mp-560790,-2.9280084390689662,10
mp-1079458,-2.461676563068965,10
mp-1110982,-3.513165307068965,10
mp-1112656,-1.6711747860689652,10
mp-558211,-2.7057548850689663,20
mp-557047,-3.096754161568966,20
mp-1110563,-2.497153603235632,10
mp-580589,-2.500041670068965,10
mp-13816,-3.603906971068965,10
mp-1112989,-2.306261582568966,10
mp-504611,-2.927675845568965,20
mp-6163,-3.056253279318965,20
mp-1213705,-0.424724626245894,12
mp-1112657,-2.491442455068965,10
mp-542951,-2.497521565568965,10
mp-996943,-1.716573456735632,10
mp-989571,-2.013801218735632,10
mp-13898,-2.996682126735633,10
mp-989610,-0.18844397348563102,10
mp-989559,-2.4279958164022992,10
mp-1111824,-2.499181396735632,10
mp-989568,-2.959081592568965,10
mp-1110968,-2.971331244068967,10
mp-1112145,-2.152428136818965,10
mp-1111821,-2.475811504818966,10
mp-1110981,-3.525873904818964,10
mp-989556,-2.769691429068965,10
mp-1112146,-2.148250080235632,10
mp-1111820,-2.469188892235632,10
mp-1110980,-3.511409330235632,10
mp-1112144,-1.681292552235632,10
mp-1111979,-2.620182286068965,10
mp-1112013,-2.609729962068965,10
mp-1112534,-2.090647527568966,10
mp-1111433,-2.430181970568966,10
mp-6204,-3.560766908568966,10
mp-1112141,-1.608572185568968,10
mp-580541,-2.4845680815689652,10
mp-1205868,-3.549816545568966,10
mp-18360,-0.7979557537698391,36
mp-10582,-0.9275670126587281,36
mp-1105373,-1.240475141964285,18
mp-41472,-3.222599094099027,44
mp-6473,-3.420683907329906,42
mp-28879,-1.057331754908424,13
mp-1104669,-0.477749015714284,14
mp-1103570,-0.7358550721428561,14
mp-1214063,-0.210306689166665,24
mp-17564,-1.057943245624999,32
mp-793,-0.554245293125001,16
mp-1106280,-0.677722715138887,18
mp-1202595,-3.030644825476177,42
mp-556759,-3.121802199285714,42
mp-1247440,-1.2887616762499992,44
mp-2786,-0.200851730624999,16
mp-542496,-0.315113251250001,23
mp-1227088,-0.6080875510714301,14
mp-1104786,-1.082650831416665,15
mp-579544,-0.547186898333333,15
mp-1227494,-2.454632534772726,44
mp-16916,-0.9319473533333331,24
mp-17875,-0.9844566178125,24
mp-17577,-1.00085639941092,24
mp-989590,-1.314570633,10
mp-989584,-1.306336873999998,10
mp-1246515,-1.551299843409091,22
mp-568511,-0.618217814349592,41
mp-984055,-0.9856834907142861,21
mp-567722,-1.346796342631578,38
mp-31158,-0.488762669375,24
mp-30961,-0.7544589864583331,12
mp-1227114,-0.9005348266666661,24
mp-1190736,-0.176105388181817,22
mp-1191538,-0.417590735909091,22
mp-569892,-1.5762510293478251,46
mp-30446,-0.6482595470454551,44
mp-27262,-0.6556539261363671,44
mp-21594,-0.8896565311363581,44
mp-1183474,-0.852907361874997,4
mp-865173,-0.612949323125008,4
mp-985450,-0.562932201875,4
mp-1183488,-0.076156435624999,4
mp-1183483,-0.453061799374999,4
mp-1183500,-0.506917204375,4
mp-864962,-0.272621318124999,4
mp-538,-0.306086769999998,4
mp-13270,-0.281140916666667,6
mp-5615,-0.8982986191666661,9
mp-1213950,-2.046540524166666,14
mp-568664,-0.6397542166666641,6
mp-1200102,-0.5310732250000001,36
mp-997004,-1.902973244166665,8
mp-12277,-0.8588143732142851,9
mp-1205978,-0.39159442388888704,9
mp-11214,-0.757239733055554,12
mp-1206764,-0.52204260222222,9
mp-2044367,-0.564815498333331,9
mp-2404,-0.355376705,6
mp-1227323,-3.426420772692307,26
mp-557689,-3.267489926111109,24
mp-1226791,-0.550265749999997,5
mp-1749,-0.220582133999999,5
mp-4867,-3.463972205833334,24
mp-11350,-0.381182389166666,12
mp-3479,-0.240652199999999,22
mp-568424,-0.758781767500001,12
mp-559759,-3.322331291309524,28
mp-571039,-0.753648914166667,12
mp-1102631,-1.040275554999998,12
mp-567191,-0.445902588333333,15
mp-888,-1.274510102916667,12
mp-1213993,-2.618063421,15
mp-1900,-0.6725508368750001,8
mp-3927,-0.9990167908333321,6
mp-28763,-1.051519560624998,48
mp-28340,-1.151342647499998,18
mp-12723,-0.8549962350000011,4
mp-443,-0.774710868333334,6
mp-568920,-0.452440076666666,6
mp-28705,-0.6132523613888891,6
mp-1194867,-2.8249733817045453,44
mp-1213975,-0.4606473535,20
mp-865,-0.47496618928571505,7
mp-1192226,-2.758793667569444,24
mp-1206909,-0.5539117944999981,5
mp-1845,-0.09797634571428601,28
mp-1077466,-0.603138178333338,6
mp-556615,-2.399999724792627,31
mp-568398,-0.8070770083333371,3
mp-553025,-2.432455363,10
mp-1227238,-2.168917279,5
mp-755893,-2.264222731499998,20
mp-1213983,-0.8073560041666681,12
mp-22888,-2.402401639999999,6
mp-1575,-0.13803003333333302,6
mp-1200920,-1.534250194999999,42
mp-4124,-1.040555056874998,4
mp-3953,-2.687544458,10
mp-1073,-0.33554150999999904,2
mp-1227329,-2.221535567000001,10
mp-1444,-0.305773326666664,6
mp-1105752,-0.48716739062499803,16
mp-760403,-1.848988828749998,8
mp-569628,-0.608601469166665,12
mp-866010,-0.5571728124999971,4
mp-16258,-0.48149429611111105,9
mp-866104,-0.35914281875000303,4
mp-753287,-2.344317947499998,4
mp-1213987,-2.783027142662337,22
mp-623089,-0.37421893,9
mp-1103172,-0.5882633474999991,12
mp-1103046,-0.707127392499996,12
mp-568695,-0.487043260555554,9
mp-1228062,-0.31811654323529304,34
mp-1229253,-3.615002708809524,42
mp-866040,-0.577729531249999,4
mp-1183677,-0.5731214125,4
mp-1227227,-1.460997576875,4
mp-1227255,-3.028649919166666,12
mp-571642,-2.647301069166667,12
mp-27546,-3.4642298591666663,6
mp-1045787,-2.688315323531745,36
mp-1398496,-2.73487642125,8
mp-1213999,-2.343906481785715,28
mp-1932798,-2.719313165333323,15
mp-540593,-2.7209668489285663,28
mp-1388114,-3.535186316666667,12
mp-556748,-3.561919715000005,14
mp-557519,-3.29080727,8
mp-19215,-2.43201730833334,12
mp-19134,-2.871509720616883,44
mp-585949,-0.106909582000001,40
mp-1404968,-2.261940485454545,11
mp-1147653,-1.56071767125,16
mp-1882,-0.11010331000000001,6
mp-4120,-0.9415454925000001,6
mp-12266,-3.043225753333333,12
mp-1337320,-2.723776985357143,28
mp-21779,-0.510463177777778,36
mp-8432,-0.9806242109920641,6
mp-14694,-2.631960237889609,44
mp-5910,-0.731821528333333,6
mp-570879,-0.44361545222222104,18
mp-866228,-0.602105964999999,4
mp-866216,-0.616526022916663,4
mp-1183609,-0.5407482587500071,4
mp-1183574,-0.25548029875,4
mp-2741,-4.22225448,3
mp-1043513,-2.342413028999999,40
mp-1045812,-2.7321423465873,36
mp-698695,-2.494762093081633,35
mp-1040883,-2.58792971538961,44
mp-549711,-2.374016877,10
mp-542232,-3.33115487428572,28
mp-19115,-2.2285190305,20
mp-1343599,-2.798918775162337,44
mp-743601,-2.651234257718227,36
mp-6914,-0.5294938375,4
mp-11284,-0.595009248333333,6
mp-1080561,-0.505523482499999,8
mp-1101789,-0.370609520416666,12
mp-11431,-0.48185687208333206,12
mp-1227072,-0.6547267465000011,5
mp-1976,-0.42335285200000006,5
mp-17914,-2.506107837916667,24
mp-11811,-0.7741387808333351,12
mp-567485,-0.6220695137500001,40
mp-557855,-2.9093757377380953,28
mp-1227107,-2.653597008402777,24
mp-541310,-0.6135812216666661,12
mp-1018093,-0.46962978343750006,4
mp-7263,-0.868637857916667,6
mp-31152,-0.9194034225000011,12
mp-1227042,-0.5264824650000001,3
mp-1227314,-2.8030612957894743,38
mp-867315,-0.572022508750002,4
mp-2360,-0.7516937049999991,4
mp-567456,-0.555440400000001,3
mp-1105802,-0.7341439337500001,16
mp-21710,-0.7222714347222201,36
mp-7801,-0.8207689481250011,8
mp-17761,-2.749981945333333,30
mp-31153,-0.9069371558333301,12
mp-23713,-0.6668815449999991,12
mp-1104135,-2.875533860357142,14
mp-1207169,-0.5692839752499991,5
mp-1193655,-1.805179879537036,27
mp-1182712,-1.057088174347826,46
mp-1204240,-1.181068993260869,46
mp-24422,-1.572255617083334,6
mp-23859,-1.7564586887499951,6
mp-642725,-2.4544680165624992,8
mp-24204,-1.299942560416665,6
mp-34932,-0.8929288191666671,3
mp-1029359,-1.875544676875002,4
mp-754853,-3.820938063,20
mp-1213969,-3.810031318833334,20
mp-11286,-0.5927816487500011,2
mp-11287,-0.5177227816666671,3
mp-863648,-0.42269959687499803,8
mp-7041,-2.093016145625001,4
mp-1041214,-2.550745396499999,20
mp-1041241,-2.773120962499998,20
mp-1183554,-0.594504837500004,4
mp-1041222,-3.121268677499999,20
mp-30031,-1.89441126,3
mp-21187,-0.5830892187499981,8
mp-21068,-0.589382456666667,6
mp-22602,-0.639449738749998,8
mp-20846,-0.566189015312499,32
mp-1080611,-0.35881638458333104,8
mp-22766,-2.392656165476187,14
mp-22717,-0.7076915612499981,8
mp-21027,-0.8198423087500011,8
mp-1214064,-0.6261514634374981,32
mp-20838,-0.467623379166667,12
mp-21220,-0.515970893333332,12
mp-20378,-0.7679717808333301,12
mp-28534,-1.824617550333334,10
mp-620571,-0.7648142274999971,12
mp-570689,-0.9439857433333331,12
mp-20220,-0.612339487499999,12
mp-570436,-0.534670940000002,6
mp-4243,-2.101949517000002,10
mp-560622,-3.147361248020832,32
mp-1227220,-3.726068436904762,42
mp-862795,-0.30696450874999903,4
mp-1227186,-3.574616511249999,24
mp-1183579,-0.8259485562500021,4
mp-866000,-0.36111094125000004,4
mp-1043874,-2.352552896,20
mp-1639336,-2.718929198,20
mp-559969,-3.223998694642857,28
mp-862846,-0.6360104200000051,4
mp-861643,-0.09486094875000001,4
mp-684801,-3.535297843233333,20
mp-1043970,-3.217203053733333,20
mp-862962,-0.315703181249999,4
mp-6459,-2.5687827805,10
mp-6766,-3.343864678,20
mp-1183430,-0.11749836666666601,6
mp-5795,-0.9967938875000001,5
mp-7035,-2.885291694687499,16
mp-1183548,-0.23406664874999902,4
mp-15641,-0.6504774483333331,12
mp-558362,-2.867154420714285,28
mp-867144,-0.40955122000000205,4
mp-24052,-0.5000086760714281,28
mp-861738,-0.423588522499996,12
mp-1102662,-0.6106093758333321,12
mp-5473,-0.40260349583333205,12
mp-6493,-3.360924786785713,28
mp-4864,-0.542887714999998,12
mp-867266,-0.266686155416668,4
mp-1043484,-2.447887774293105,20
mp-1045779,-2.790898375639011,36
mp-18844,-2.4479014340517242,28
mp-1047886,-2.6051158973860833,40
mp-557426,-3.410114536133009,14
mp-1387972,-3.198458827241378,8
mp-1214074,-2.5686730111330043,28
mp-18743,-2.901390524292431,22
mp-1213991,-3.054609996490149,28
mp-1401355,-3.242683640000001,8
mp-989635,-0.792266584000009,10
mp-607467,-2.619377736499999,20
mp-19330,-2.639627267500002,12
mp-1009657,-0.639265689166666,3
mp-29792,-3.024087829999995,28
mp-17101,-3.237535069722227,36
mp-557786,-3.057174504955356,32
mp-1227240,-2.9670089035897282,39
mp-1183555,-0.301223394374996,4
mp-1227115,-3.547924586458332,24
mp-867224,-0.34509426937499904,4
mp-865955,-0.619156613124999,4
mp-866220,-0.30792768687500005,4
mp-1045813,-2.68302037575397,36
mp-2295,-0.18914730833333201,6
mp-19473,-2.483307683571428,44
mp-8307,-0.30364731319443905,12
mp-505457,-2.060292846805555,36
mp-1079500,-0.965432657291666,8
mp-1389691,-2.894890377857142,14
mp-1323553,-2.578357005,8
mp-1077470,-0.548330649999998,6
mp-13512,-0.539102191249998,8
mp-1207078,-0.5611345147500001,5
mp-28645,-0.794289061666665,6
mp-1195052,-1.9022000425,40
mp-1227243,-3.165228359836309,24
mp-2605,-3.306019392499999,2
mp-634859,-2.206560153333333,3
mp-1345,-1.2564584531547611,12
mp-24130,-1.8148766453896101,22
mp-643898,-2.581980973482142,24
mp-1214043,-2.583296714935064,44
mp-9122,-0.7309107334821421,8
mp-697657,-2.572141027951114,38
mp-1195714,-0.7376460903416151,46
mp-10677,-1.006515299325395,6
mp-24390,-2.799886724056121,28
mp-28339,-1.28124761265873,12
mp-9789,-1.236962133282737,20
mp-11007,-1.051984898032739,20
mp-20034,-0.520882229999998,4
mp-20549,-0.290333107499997,4
mp-20463,-3.030607506249999,8
mp-771691,-1.070896201250001,32
mp-833,-0.7146243599999991,6
mp-3315,-1.514350873749998,16
mp-11826,-0.366331009999998,6
mp-7922,-2.493979944999999,8
mp-672254,-0.622544973333335,9
mp-1183552,-0.30359460937500005,4
mp-862882,-0.8781849018749951,4
mp-862881,-0.342690436874997,4
mp-862883,-0.621058623125001,4
mp-1183567,-0.08034153187499901,4
mp-862884,-0.754423509374998,4
mp-862886,-1.106369869375001,4
mp-862888,-0.30823673437499904,4
mp-1044742,-2.731335463166666,20
mp-866060,-0.306290548749997,4
mp-1227113,-3.543019718055555,24
mp-867257,-0.35011003291666404,4
mp-867217,-0.6143249616666681,4
mp-40630,-2.741404495752873,20
mp-1044426,-3.585082267833333,20
mp-866015,-0.303852802916666,4
mp-842,-1.026136726666664,6
mp-30481,-0.600580696666668,6
mp-8255,-2.5396984625,8
mp-1103307,-0.6863531766666641,12
mp-866312,-1.977231038269231,26
mp-989606,-0.7351132354999901,20
mp-571262,-0.43747289666666705,6
mp-9928,-2.6397501387499993,8
mp-1078659,-2.093056296999999,10
mp-20947,-2.226688614499999,20
mp-1672,-2.436088926406249,2
mp-4406,-2.668935733749998,12
mp-7493,-0.740698304999996,6
mp-16245,-0.8008058683333311,6
mp-1213959,-0.9336692158333311,12
mp-8487,-0.9770890066666671,12
mp-4056,-3.783688220714285,28
mp-39167,-3.5854160185,40
mp-1415,-2.315957819531251,2
mp-557997,-2.306927035968752,20
mp-1095230,-2.115444610807291,12
mp-1563,-0.6011244975000001,4
mp-2699,-0.42687056833333403,6
mp-1068653,-0.634010671999998,5
mp-1069604,-0.6844212309999981,5
mp-1191649,-0.5982878477272721,22
mp-1227046,-0.712450351666665,3
mp-10797,-0.526817888749999,8
mp-4429,-3.4480482148333342,30
mp-8842,-0.814780433333332,12
mp-4478,-1.077307350000002,12
mp-1227050,-0.508219788571427,14
mp-864620,-0.33884080124999905,4
mp-866014,-0.616676951249999,4
mp-1227140,-3.4053862390000003,20
mp-1227151,-2.764515817086207,20
mp-866061,-0.30602266375000003,4
mp-2450,-0.648111144999998,4
mp-14398,-2.837426864333333,10
mp-11957,-0.581363194999998,8
mp-11958,-0.666313169999996,8
mp-11959,-0.6577403887499981,8
mp-11290,-0.40684440874999606,4
mp-984716,-2.5942814607959193,35
mp-977359,-0.5924160312499981,4
mp-4782,-3.402839576875,8
mp-1019104,-0.512881214166671,6
mp-1029633,-0.612578144375,16
mp-4438,-2.694555046500007,20
mp-30437,-0.8061516041666631,12
mp-1102040,-0.9155204474999981,12
mp-861935,-0.551106108749998,4
mp-556697,-2.848434713190477,28
mp-18229,-3.48066448774074,36
mp-3079,-3.426525166208333,32
mp-15733,-3.484082552166667,16
mp-1183566,-0.609332303750001,4
mp-1183546,-0.605651189166666,4
mp-989638,-0.57333014225,10
mp-1188853,-2.475116318499999,20
mp-1519,-1.917514015000001,2
mp-5040,-2.097978778541672,32
mp-15511,-1.896779987916666,24
mp-12221,-2.269806247777776,24
mp-16831,-3.099354685176871,35
mp-1044314,-2.986791975681216,36
mp-27315,-3.971624565416666,8
mp-39160,-2.896108553736772,36
mp-17784,-3.049192665416666,32
mp-1044354,-2.913297633736772,36
mp-4019,-3.556087157166666,20
mp-6109,-3.476201650416667,32
mp-2861,-0.512651260000001,2
mp-526,-0.279634900000004,4
mp-1205521,-1.915718183666667,10
mp-998787,-2.225906207666676,10
mp-1183581,-0.5804501362500071,4
mp-556730,-2.443331495227258,44
mp-9360,-3.231684344523808,48
mp-554227,-2.494191232890623,24
mp-1227453,-3.395426235888889,30
mp-1227253,-3.58238166574074,36
mp-2015886,-1.373128403124997,16
mp-3960,-3.695424939999997,6
mp-1045800,-2.8004801913095223,36
mp-504712,-2.801427047499998,28
mp-19305,-2.801475021250001,16
mp-27624,-2.6997670455555562,9
mp-16967,-2.204038629912281,38
mp-1391106,-3.492439452500001,8
mp-1213869,-3.1051841578125,32
mp-1395540,-3.36734935875,8
mp-19426,-2.726062027499999,12
mp-1213894,-3.517551614880951,28
mp-866223,-0.602788378750002,4
mp-1227085,-0.7153895105000031,10
mp-1183582,-0.49422107124999504,4
mp-30483,-0.24749411749999903,4
mp-18567,-0.16496461416666702,24
mp-1725,-0.30290577833333104,6
mp-18308,-2.705513512252746,26
mp-542953,-0.315994453888888,18
mp-1734,-0.227941309999998,6
mp-1227020,-0.314119315555553,6
mp-24018,-2.1605787595833332,36
mp-16263,-0.530284868333331,6
mp-1213948,-0.6379041266666671,12
mp-16266,-0.427757855,6
mp-31160,-0.516805693333332,6
mp-554495,-3.277844582440476,48
mp-556440,-3.250465469367347,35
mp-1029267,-1.796189295625,4
mp-4571,-3.670175069499999,20
mp-1227163,-3.6219146856060602,44
mp-1213957,-3.736250838333334,20
mp-94,0.0,2
mp-1025377,-0.6328093847619031,7
mp-7128,-1.696672477222217,9
mp-29169,-1.535642893636362,22
mp-557715,-1.2680480613333311,30
mp-1190754,-0.12221104803030201,22
mp-756301,-1.319261409285712,14
mp-772099,-1.080805735714285,14
mp-1096867,-0.5034926709375,5
mp-21333,-1.6170501857142852,14
mp-1213982,-1.257593673636364,22
mp-3443,-2.030379208571428,14
mp-4452,-0.8257759216071421,7
mp-3772,-0.8853534391964281,7
mp-13949,-0.46911883428571505,7
mp-2051619,-1.3169060284999992,10
mp-27640,-1.023053216388888,36
mp-559200,-0.7876428866071431,14
mp-22304,-0.8343265846726181,7
mp-21374,-0.507855047142856,7
mp-8212,-1.076017277999997,10
mp-14100,-1.207960801428568,14
mp-8922,-1.8425228622222232,9
mp-31170,-0.151908938750001,4
mp-1183537,-0.174336392916664,4
mp-861878,-0.09371767624999801,4
mp-541677,-1.842931281874999,32
mp-556653,-1.64887122325,20
mp-13361,-2.140788739175835,13
mp-6356,-0.8115381298958321,16
mp-3917,-1.761721731071428,28
mp-558011,-1.629915077272726,44
mp-24015,-1.372690263194443,36
mp-2745436,-1.195809379659093,22
mp-5950,-1.462361143636362,22
mp-27686,-2.340521466753244,22
mp-29276,-2.451668246914286,50
mp-557910,-2.319555828705356,32
mp-861269,-1.370324338571426,14
mp-865926,-0.23827578749999903,4
mp-865929,-0.1725645325,4
mp-1183541,-0.14111849749999902,4
mp-505552,-1.4011993481818181,22
mp-1191189,-1.784500141363636,22
mp-541108,-2.559254113027209,42
mp-4530,-2.215267584285709,14
mp-5966,-1.706836854999997,14
mp-1192130,-1.6871452349999991,22
mp-30940,-1.5106892580303022,44
mp-5560,-2.086124205303029,22
mp-29297,-1.4199080907142871,14
mp-1227011,-0.17161916331746102,15
mp-27899,-0.990581138928571,28
mp-676464,-0.58707686892857,7
mp-30370,-0.159890943333332,24
mp-1196945,-2.133405153257575,44
mp-1195436,-2.178141069900793,48
mp-2441,-0.123177781940475,40
mp-29415,-0.8829669564965981,14
mp-1226891,-0.580400018520406,7
mp-1183641,-0.1574664275,4
mp-13820,-2.028223059444443,18
mp-14243,-1.504367380166665,20
mp-1199295,-0.09903641612244601,49
mp-1226936,-1.94592408375,24
mp-28855,-2.283292852727279,22
mp-8921,-0.5997514267546581,23
mp-30371,-0.20018613062499901,16
mp-567857,-0.053803280769229,26
mp-2642,-0.0530409375,2
mp-1197203,-0.5864483032291641,32
mp-1226771,-0.634293034880951,14
mp-1183647,-0.046257173749996,4
mp-867260,-0.24643497291666402,4
mp-471,-0.06123098999999901,6
mp-1025294,-0.38031841107142605,7
mp-1025311,-0.22882793821428302,7
mp-16886,-0.211002030555549,18
mp-865144,-0.153912301249995,8
mp-997036,-0.8891108574999991,8
mp-1226996,-1.6837571289743591,39
mp-550553,-1.597906265,10
mp-755478,-1.4350966490000021,10
mp-568722,-1.226469973333333,6
mp-10969,-0.027482624374998002,4
mp-4385,-1.754963526999999,10
mp-22881,-1.2745155149999992,3
mp-1213911,-2.415384014642857,36
mp-1227073,-2.397177636865079,36
mp-13982,-0.6501249718749991,16
mp-10967,-0.570855355546874,8
mp-6449,-0.7558171031249981,16
mp-1189879,-0.6097984155468741,16
mp-1087540,-0.381776322083332,8
mp-1078292,-0.6550641731249991,8
mp-9075,-2.150013655,12
mp-241,-2.457565739999999,3
mp-703231,-2.352485540795919,35
mp-684826,-2.382031356051586,36
mp-861909,-0.357465039374998,4
mp-555027,-1.7806711045,40
mp-4953,-0.07637719499999901,8
mp-1245535,-0.119496214999999,16
mp-3668,-0.15083163273809402,8
mp-1194602,-1.65218316861111,36
mp-721583,-1.30505241359375,36
mp-24356,-1.009579785,36
mp-1226730,-0.781625260681818,11
mp-695891,-0.6772015433928571,28
mp-1192575,-0.555474209464285,28
mp-644222,-1.408678980312499,8
mp-1226809,-1.7910139703124992,8
mp-560904,-1.3807889647500011,20
mp-556369,-1.070476693234376,20
mp-570838,-0.40619386318182005,22
mp-569454,-0.490622911250001,16
mp-2695851,-1.027777795625001,4
mp-570437,-0.827083558444443,9
mp-19803,-1.842010734047615,14
mp-862374,-0.462063496666664,4
mp-977367,-0.363751637499998,4
mp-19039,-1.814628006666668,12
mp-553877,-2.216809399404761,36
mp-1213935,-2.411356851031707,36
mp-1017554,-0.10067525574999901,5
mp-1132,-1.346151347499999,2
mp-913,-0.181319395734126,24
mp-1197015,-1.795502030204081,42
mp-7904,-0.120742532380951,10
mp-1204110,-1.875685138204365,36
mp-1078100,-0.44900407923469304,7
mp-1025187,-0.33184433780612305,7
mp-5328,-0.5271939382827381,10
mp-1079559,-0.581421915334821,10
mp-1077904,-1.552727685714284,7
mp-37216,-2.197492193750001,8
mp-685257,-1.375123976249999,40
mp-1696,-0.39152519499999805,4
mp-1183633,-0.2871393425,4
mp-865985,-0.259304325,4
mp-1025371,-0.35318023462053205,7
mp-13984,-1.9473143287499992,8
mp-1194,-0.287571474999998,4
mp-1067236,-0.169653454999999,4
mp-5858,-2.003090078749999,8
mp-1183697,-0.061599629999998004,4
mp-15638,-1.9678029687499992,8
mp-672,-0.7766083889062491,4
mp-17586,-1.771557907499998,40
mp-8459,-1.824414109583333,12
mp-1321,-0.09586984937499901,16
mp-1070,-0.837606193671875,4
mp-1095493,-0.635285370729166,12
mp-9178,-1.326093619960942,16
mp-9186,-1.4144812314687512,20
mp-761036,-1.3100962353906231,12
mp-3078,-0.10667615875000001,8
mp-4666,-0.272582178988093,8
mp-3829,-0.1169992175,8
mp-1226720,-0.19565236666666802,3
mp-13907,-2.601074608750001,8
mp-754329,-1.8377478320000011,10
mp-5213,-0.084895882321427,8
mp-861877,-0.329812378749998,4
mp-10063,-0.082539881249999,8
mp-406,-0.5607400050000031,2
mp-1203009,-1.518267788148148,36
mp-555560,-1.727071637962963,18
mp-28290,-1.521631727583333,40
mp-19387,-1.985844491666664,12
mp-28,0.0,1
mp-3910,-0.170987423478261,46
mp-1197724,-0.243318580869564,46
mp-20003,-0.337407083076923,13
mp-16486,-0.412553496153843,13
mp-1194542,-0.46854093545454306,44
mp-607077,-0.41851392045454205,44
mp-1193938,-0.35677411461538305,26
mp-31364,-0.5154062223076921,26
mp-1078886,-0.6961185989999961,10
mp-1214275,-1.7222087931249992,48
mp-3303,-0.503096841999999,5
mp-3286,-0.38204573599999303,5
mp-1189855,-0.355093469999996,17
mp-1021508,-0.47409743058823606,17
mp-1087498,-1.033866495999998,10
mp-20908,-0.521316082000001,10
mp-8680,-0.7168388816666461,10
mp-1190481,-0.561377326851849,18
mp-558621,-3.156138904499999,40
mp-1080734,-0.47900970866666603,10
mp-1188930,-0.42409534574073804,18
mp-1201565,-0.530177532129629,36
mp-1197565,-0.141551513478258,46
mp-768918,-0.855132859047619,42
mp-1205398,-0.33982381710526205,19
mp-568182,-0.7197202689999941,5
mp-20933,-0.570215317999997,5
mp-5820,-1.002406097857165,5
mp-3437,-0.725938275999998,5
mp-2873,-0.5803184449999981,9
mp-1214035,-0.5190312001360541,42
mp-20173,-0.498672065999998,5
mp-5452,-0.593460608000003,5
mp-1189064,-2.3689860804999983,20
mp-1021509,-0.405623462941166,17
mp-1006322,-0.49237559351851806,18
mp-21882,-0.449572431999999,5
mp-6957,-0.9939684678571351,5
mp-16272,-0.647170686218489,17
mp-1181682,-0.34622223470588204,17
mp-3035,-0.628450515999998,5
mp-1196595,-0.37740514227272703,44
mp-1095071,-0.765462036999997,10
mp-1103596,-0.743200266363638,11
mp-1190040,-0.39056510882353,17
mp-1068908,-0.502726022000003,5
mp-510315,-0.785544749999996,10
mp-13467,-0.7889955859999991,5
mp-20400,-0.898570233,10
mp-5577,-0.8561592080000001,5
mp-22343,-0.6487171459999981,5
mp-1189290,-2.396533220187495,20
mp-23493,-1.336918337941175,34
mp-1105574,-2.380998213687499,20
mp-19865,-0.38685437799999806,5
mp-16487,-0.33031742628646105,13
mp-21089,-0.45092706717241504,5
mp-2965,-0.630216267793105,5
mp-38564,-1.081040314166665,15
mp-21695,-0.39097972473684706,38
mp-610645,-0.803890307999999,10
mp-3325,-0.6666246099999981,5
mp-569697,-1.007968155857142,5
mp-1078924,-0.7015454719999981,10
mp-1078794,-0.500898182999999,10
mp-1021505,-0.6244398973949511,17
mp-10069,-0.6823808385714271,17
mp-1079211,-1.044946456857144,10
mp-5843,-2.971486411071429,26
mp-1207218,-0.9590554998571441,5
mp-607725,-0.9833585133503391,28
mp-505502,-1.209520480190474,10
mp-574244,-1.022574305857144,5
mp-27861,-0.444471895714286,7
mp-1105726,-0.311474804117635,17
mp-1189811,-0.476115077647058,17
mp-541090,-2.138710006631945,36
mp-5173,-0.580852651999996,5
mp-569496,-0.461635238571424,7
mp-21900,-1.057473966999998,10
mp-4537,-0.778879963999999,5
mp-4767,-0.717167661999997,5
mp-3826,-0.880937751999999,5
mp-22438,-1.064728638999998,10
mp-4090,-1.061100813999993,5
mp-3566,-0.8569384119999991,5
mp-1193462,-0.6104514664285701,28
mp-20752,-0.34812414090909005,11
mp-1080026,-0.7208434759999991,10
mp-567387,-0.26542400927536103,46
mp-1188911,-2.394614313687498,20
mp-1006324,-2.3984050541875,20
mp-1199912,-0.229453045434782,46
mp-1077954,-0.48879063714285803,7
mp-1213847,-0.586407386989795,14
mp-1213990,-0.601010985238094,21
mp-1192200,-0.385920253333331,24
mp-1203675,-0.275213652421875,32
mp-570369,-0.32609869899999605,50
mp-1213885,-0.8373413835714271,28
mp-1213916,-0.846833182857141,28
mp-1227070,-0.6956440355882321,17
mp-1213867,-0.8801519038636341,11
mp-1213877,-0.6719970276785671,28
mp-1213907,-0.6944118837500011,28
mp-1214327,-0.538563743749998,28
mp-1227310,-0.482971990624998,8
mp-1190580,-0.520299676590907,22
mp-1193751,-0.7157215168965501,29
mp-1226905,-0.397468231875002,8
mp-11665,-0.38543335500000003,11
mp-17567,-0.39122477090909,22
mp-647805,-0.46697677604166504,48
mp-570981,-0.998514541111106,27
mp-18232,-0.46708660166666605,18
mp-1226991,-0.543583871999998,10
mp-1227010,-0.5919274706944431,18
mp-1105912,-0.436916808333332,18
mp-1190720,-0.49794838291666405,24
mp-1078316,-0.515097475999995,10
mp-30898,-0.7581152209259251,18
mp-1077367,-0.8024929899999991,6
mp-23003,-2.869922813999996,5
mp-570537,-2.109908248958332,48
mp-1104603,-2.19362999428571,14
mp-1025352,-2.328577454999999,7
mp-1078814,-1.013039480999947,10
mp-20181,-0.37686934850000003,20
mp-1213870,-1.530719484285716,14
mp-11965,-0.651066946,10
mp-11964,-0.9311388879999971,10
mp-1226843,-0.8528226157142861,7
mp-1191328,-0.759863000595237,21
mp-1188584,-0.59318137,20
mp-1189037,-0.730071990499998,20
mp-574273,-0.434688458425925,36
mp-1226767,-0.27313676333333203,6
mp-2018303,-0.26449163750000004,6
mp-9277,-1.441053632499998,6
mp-541196,-0.7168669172619021,21
mp-1226857,-0.27746479833332904,6
mp-5981,-0.393675694666666,30
mp-567195,-0.388683286666666,30
mp-568885,-0.41670279666666604,30
mp-1226949,-0.501104523999998,10
mp-1226980,-0.604023002249998,10
mp-1226896,-0.896901921666668,12
mp-1188091,-0.745780766499999,20
mp-1106369,-0.8052210899999991,20
mp-985298,-2.207799110820314,32
mp-1006367,-1.940497612402342,32
mp-19733,-0.40696587666666,6
mp-645068,-0.43122005285714204,28
mp-19989,-0.29612407939393504,11
mp-1102172,-0.41086956575757105,11
mp-1103614,-0.428068596666663,11
mp-1206465,-0.5625773254545471,11
mp-1206585,-0.667567475333338,10
mp-20959,-0.643179368333332,10
mp-640108,-0.46323811333332904,10
mp-20165,-0.7484416583333341,10
mp-20357,-1.015605245333328,10
mp-1205710,-0.8203367009999961,10
mp-1191224,-0.15054065195652,23
mp-22511,-0.646278862999997,10
mp-19910,-0.306411762999997,10
mp-505296,-0.553454670999998,10
mp-1226784,-2.617230367516932,7
mp-1227057,-0.04709500499179001,21
mp-10068,-1.520320355122126,6
mp-13263,-0.369601912857141,7
mp-1101996,-2.434280765208333,12
mp-1191623,-0.525152436309523,21
mp-1214085,-0.69305692148496,38
mp-569521,-0.7503243077380931,21
mp-22713,-0.502317038999996,5
mp-1213960,-0.648223738499999,20
mp-1189522,-0.282026236999999,20
mp-1204381,-0.37674166416666405,36
mp-505789,-0.8592874352747241,26
mp-21169,-0.576847378205128,26
mp-1226785,-0.333143676666664,6
mp-542313,-3.768251280249999,40
mp-628664,-1.038937004404763,24
mp-1102498,-1.001301014361465,11
mp-21443,-0.737181032999995,10
mp-1025285,-0.532452428571428,7
mp-1197667,-0.570980274749996,40
mp-985704,-0.291477234500001,20
mp-20973,-2.409448382687498,20
mp-3972,-3.429321157499999,5
mp-22678,-0.9832181700000001,6
mp-20356,-2.974765033999993,5
mp-629511,-1.6775189522222211,36
mp-1226772,-1.3885194291666632,4
mp-505512,-0.8284448091666671,36
mp-32578,-2.100741785156247,40
mp-27617,-3.808537906049131,7
mp-1069558,-1.906792960468748,5
mp-754640,-3.354982122468743,5
mp-1226865,-0.9237029666666641,6
mp-662527,-3.5638162843181798,44
mp-1205534,-0.608687779999998,10
mp-31163,-0.8556015383333341,12
mp-1105703,-0.9534299664999991,20
mp-1183797,-0.743794761499999,20
mp-1213852,-0.7766601725000011,20
mp-628614,-0.862579937083333,48
mp-1226899,-0.674127509999997,8
mp-1203477,-0.578097838823527,34
mp-1213936,-0.5937691204999981,20
mp-1206052,-0.829364304999999,10
mp-1106406,-1.733398568437499,16
mp-1195865,-2.228753902719308,38
mp-1104233,-1.748588756190475,14
mp-4873,-3.209099825333325,5
mp-1226812,-2.223442493072914,6
mp-1201912,-2.389223496757807,32
mp-560000,-3.603050980476188,28
mp-768309,-3.749865975104166,32
mp-985558,-2.233854403945312,32
mp-985277,-1.903603474902342,32
mp-567492,-0.34852409700000003,20
mp-542458,-0.241285253157894,19
mp-606377,-0.37997502785714504,14
mp-1106202,-0.46721100999999804,16
mp-1226818,-0.509233060000004,7
mp-1226796,-0.8094218528571421,7
mp-560329,-3.813959809090908,22
mp-1203122,-2.173762482812501,32
mp-1194651,-2.004439597714842,32
mp-640597,-0.7313313396969671,11
mp-542824,-0.444669583333332,11
mp-1213926,-0.585155776578948,38
mp-31079,-0.6462118089473661,38
mp-3603,-1.551559743148149,9
mp-22623,-0.5500083154545441,11
mp-1213977,-0.715742329642855,28
mp-21597,-0.8522174978571421,28
mp-1206300,-0.887360456363635,11
mp-21556,-0.45540772083332703,28
mp-1214002,-0.6756789623399001,29
mp-1192814,-0.7836776331034511,29
mp-1206722,-0.7556152663636351,11
mp-510324,-0.582503235909092,22
mp-1103548,-0.901022454545453,11
mp-978253,-0.8346747353571401,28
mp-1102698,-1.015147319999993,11
mp-867221,-1.6509978697424241,11
mp-2413,-0.23543659249999702,4
mp-1213865,-0.40233300571428404,14
mp-10036,-0.347754207999997,5
mp-1192925,-1.9126884864583311,24
mp-10881,-0.8997610077499981,5
mp-680695,-3.251897071666665,28
mp-1105587,-0.660964651,20
mp-1105392,-0.858599480499999,20
mp-580802,-2.097928652777776,36
mp-573743,-1.386541904999999,18
mp-1214556,-0.61744595958333,24
mp-1189165,-0.7815127139999981,20
mp-1213889,-1.526837387582416,13
mp-558303,-1.716054755624997,24
mp-570564,-1.5498084834505201,24
mp-558375,-1.805704806458332,24
mp-571472,-1.594270830533853,24
mp-510567,-1.695654588541664,24
mp-19920,-0.336930792499998,4
mp-30278,-1.057525809687501,16
mp-1201534,-0.352515906999997,40
mp-1213908,-0.672120948124998,16
mp-1226804,-1.7777270849999982,6
mp-1213881,-1.111594018888884,18
mp-20984,-0.34361695750000004,4
mp-606102,-0.46157563749999503,8
mp-20992,-0.48984475000000005,5
mp-1192762,-1.240380539642855,28
mp-2767730,-1.378469496071427,28
mp-645694,-2.1153949998229162,40
mp-1227195,-0.5790030385185171,9
mp-866500,-1.884728052952585,24
mp-1106339,-0.42256812657407306,18
mp-21136,-1.230539086333331,10
mp-1213875,-0.663877172916666,12
mp-510126,-0.549313944583333,12
mp-1188974,-0.126361149374997,16
mp-1213927,-1.800244374948976,28
mp-1213898,-1.4283432642346892,28
mp-570018,-0.276019757499997,4
mp-1103851,-0.795990699999999,14
mp-1104294,-1.208953496428567,14
mp-510277,-3.331260575312498,32
mp-543033,-2.277140687812497,28
mp-1188608,-1.189482412000001,20
mp-662558,-0.9471913807142821,28
mp-1227866,-2.474563706383927,21
mp-1193362,-2.038360047790175,28
mp-567370,-2.111994037053569,14
mp-623044,-0.905238538749998,32
mp-669378,-1.7760986367857121,28
mp-542133,-1.80586909392857,28
mp-555409,-1.726164995357142,28
mp-541712,-1.530149469562499,40
mp-866605,-1.753894574513887,24
mp-18071,-1.557959609422742,24
mp-1214037,-1.210342035357141,28
mp-30155,-0.842330237777776,18
mp-569913,-1.10005256222222,18
mp-1226845,-1.8340435767708332,6
mp-20735,-0.410198418749999,4
mp-1200449,-0.49677630849999804,40
mp-7203,-0.5533918464999981,40
mp-28416,-0.587013770499995,10
mp-1206922,-1.046695569999997,5
mp-558609,-3.4540194409487173,26
mp-22422,-1.644045810238096,14
mp-1213815,-1.086582012407404,18
mp-21412,-0.269940165000001,4
mp-1213830,-3.128397221153842,26
mp-862292,-0.28959432714285505,14
mp-698212,-0.25041740359999903,50
mp-1213800,-1.148756031111108,18
mp-1213853,-2.366090722567565,37
mp-582245,-0.501992273030303,33
mp-23252,-1.021689501428568,14
mp-569330,-1.084614049545454,22
mp-1204612,-1.524781533541666,48
mp-542752,-0.507071718636362,11
mp-1226848,-2.469957549333332,15
mp-30944,-0.978176397954544,22
mp-1213824,-0.694796731428571,14
mp-1213848,-0.666168222727271,22
mp-675328,-1.9108486721874982,8
mp-1226890,-0.666231567749999,15
mp-1199723,-0.49284614028571205,35
mp-1205465,-0.48173585147058706,17
mp-582774,-2.144235629332792,24
mp-1227331,-0.513652624000004,15
mp-1227577,-0.724094156874998,16
mp-570629,-0.371323679285712,14
mp-19976,-3.280934060681818,22
mp-1105809,-1.975368230781275,18
mp-1206019,-1.316436107499999,10
mp-1190081,-0.722649634117643,17
mp-641183,-1.7241355080555532,36
mp-1226869,-4.007362578666666,15
mp-1193043,-0.898813743928569,28
mp-1105171,-0.44457163576922903,13
mp-670677,-0.6745358510606081,22
mp-1192858,-0.49234967809523705,21
mp-1106401,-0.36092421518518003,18
mp-1213880,-0.5048282112962941,18
mp-1226853,-1.090091261999998,10
mp-1229080,-0.5273264826587291,36
mp-1189550,-0.33479382222222004,18
mp-1189602,-0.46117132874999905,16
mp-1214716,-0.653685319062498,32
mp-542005,-0.621520168124997,32
mp-21651,-0.5581275034374981,32
mp-1189506,-0.6047013677777731,18
mp-1200696,-0.706362505555553,36
mp-1199773,-0.616008506249999,32
mp-1213986,-0.809687253437497,32
mp-680536,-0.7244636658333311,36
mp-640447,-0.379318306111108,18
mp-32613,-3.9571209660714253,28
mp-1203369,-0.8845936559920631,36
mp-1190312,-0.329514458749996,16
mp-510369,-1.030977366666663,18
mp-570175,-0.637579376249998,16
mp-637308,-0.529866996874995,16
mp-1213873,-0.609902571111109,18
mp-21693,-0.5745311255555521,36
mp-570060,-0.948268117738093,14
mp-1192664,-0.18593581425000102,30
mp-1192742,-0.0944866545,30
mp-1214373,-0.681996609679486,39
mp-1214139,-0.8951286302655661,39
mp-676287,-4.231695849827586,29
mp-568922,-1.287155253499999,40
mp-1106112,-0.527024764499998,20
mp-2629,-3.917592265263155,19
mp-1227542,-2.500462030395114,29
mp-643264,-0.48299047833333303,12
mp-643451,-0.524300972083333,24
mp-1019549,-3.294698232291667,48
mp-1078462,-0.38511283312499905,8
mp-1079433,-0.23736935625000002,8
mp-1041212,-3.0965032295,40
mp-754515,-0.524012354999999,6
mp-1227881,-0.33987546900000004,5
mp-1047848,-3.50267215925,40
mp-18343,-3.112968518116882,44
mp-9934,-0.35283726000000004,6
mp-1047850,-3.696001451249999,40
mp-1196057,-2.9346034744468383,48
mp-1204296,-2.719899778564298,38
mp-1228782,-2.038069592537961,50
mp-540958,-3.41258288613301,28
mp-1029775,-0.846937353857759,16
mp-18840,-2.489944874252874,15
mp-1195656,-3.03700868361932,36
mp-18703,-2.9168630402015223,44
mp-1194882,-2.847857914730433,36
mp-8347,-1.585543703232757,16
mp-1542939,-2.813069997440477,12
mp-16802,-2.693897771360543,42
mp-555338,-2.510484298193277,34
mp-555195,-2.573749861446427,40
mp-554548,-1.936707446855468,32
mp-19322,-2.5167960949999992,5
mp-19276,-2.654552259166666,12
mp-1001,-0.7517035683333341,6
mp-1247744,-0.011399782772988,24
mp-861906,-2.95782266478888,14
mp-1228057,-3.157506589806474,49
mp-6660,-2.851670440090996,12
mp-31235,-0.755547202681991,9
mp-542264,-2.7001993129228232,42
mp-1182061,-0.628337474319922,9
mp-867147,-0.39486731409482906,4
mp-1019555,-2.844957427668665,46
mp-9732,-0.7632014775629471,9
mp-866302,-1.950024810532816,34
mp-1227883,-3.004402576574595,14
mp-1182298,-3.157152778155695,22
mp-1227892,-1.5875672548399,28
mp-560732,-3.9262212668879313,40
mp-2032699,-2.986411684166667,18
mp-28150,-3.216098964999999,18
mp-1188841,-2.867384822812499,16
mp-1192672,-2.194228877666667,30
mp-505517,-2.728184333636361,11
mp-761128,-2.7973198200000002,14
mp-505078,-2.579162836764705,17
mp-3020,-3.178754561000029,5
mp-1195589,-1.475641081499998,40
mp-17836,-3.436739420555556,36
mp-19118,-3.027558883333338,9
mp-16456,-2.035298276159003,18
mp-18763,-3.010076863333333,9
mp-2892,-3.5134170467857153,28
mp-8514,-2.973795253888888,18
mp-556525,-2.974262720555556,18
mp-1198101,-3.7554444364583333,48
mp-10350,-2.8401014112962963,18
mp-546665,-2.756928560929119,9
mp-19388,-1.9536336480769232,26
mp-18909,-2.537440351483517,13
mp-540991,-0.45846598049999504,30
mp-3202,-0.6668071038809541,30
mp-555321,-3.38353836916667,12
mp-613910,-2.64310074375,8
mp-1147557,-1.526703367222232,9
mp-21653,-0.588426413333331,36
mp-19138,-1.8200224730000012,10
mp-1214404,-2.740188257662336,44
mp-11879,-0.47532961299999804,5
mp-1190517,-2.448658155681818,22
mp-1191675,-3.190482628586309,24
mp-8558,-3.376933662750002,5
mp-1214391,-3.465243820208333,24
mp-1342,-2.8236427075,2
mp-1182576,-0.6015697763636351,22
mp-1105,-2.170192663333334,3
mp-1105095,-0.8030356214285691,18
mp-642646,-1.8130086162987,22
mp-505234,-2.827917035844154,44
mp-1214414,-2.6105446010714273,44
mp-7808,-0.66459478973214,8
mp-28373,-0.8983299264880871,24
mp-985439,-0.875082199880953,6
mp-9078,-0.9155305807142861,12
mp-1197491,-3.284489056190476,48
mp-1227860,-0.949516123214285,12
mp-21236,-1.079450174047616,12
mp-11006,-1.474063243928571,20
mp-11008,-1.294053817834819,20
mp-8557,-3.563953094999999,5
mp-20136,-0.5882220674999971,4
mp-21446,-0.372574795,12
mp-1214389,-1.8443848993749992,16
mp-19799,-3.030567061249998,8
mp-22230,-2.108850153,10
mp-1064367,-0.549201019999999,4
mp-1106270,-1.160546170555555,18
mp-1205352,-1.701237552968749,20
mp-1687,-0.5777905816666651,6
mp-2606,-0.33909857666666304,6
mp-12623,-2.851794986666661,12
mp-4009,-1.471095382499999,8
mp-1194578,-1.4746262046666652,40
mp-16124,-2.038351962640485,18
mp-18802,-2.98089192425926,9
mp-17412,-3.472732953333333,28
mp-9759,-2.947633575370384,18
mp-1195909,-3.739574395694444,48
mp-1214381,-1.45635821111111,12
mp-549776,-2.744526661392081,9
mp-31498,-0.7489619924999991,4
mp-747,-0.726165013333333,6
mp-811,-0.473208788333333,6
mp-505025,-3.34406189474999,20
mp-1214641,-2.144437589583334,48
mp-28911,-0.418383138522722,22
mp-989637,-0.6977909885000171,20
mp-568430,-0.090883238333335,6
mp-7660,-2.7875180299999993,8
mp-1194442,-1.6761988056666661,30
mp-3597,-2.1901550725,20
mp-733954,-1.787024621428571,42
mp-1500,-2.329565223749999,2
mp-684,-1.7528733849999991,6
mp-239,-1.4342925506249982,8
mp-1019557,-2.002803418611111,36
mp-3164,-2.707112589583333,24
mp-624668,-0.850043534444442,6
mp-861962,-2.993863724666665,15
mp-9768,-0.9061885287499991,8
mp-556539,-1.9203974856666661,30
mp-568895,-0.925474241666669,6
mp-545500,-2.501479447,10
mp-18099,-3.373108278928571,28
mp-8606,-0.940368766666667,3
mp-18291,-1.041214254999998,40
mp-3564,-3.6896490030952362,42
mp-1194834,-3.54833001625,32
mp-1103664,-1.8721116820833321,12
mp-1253,-2.283761781171875,2
mp-7547,-1.7082743515625,6
mp-28536,-1.9180706830859422,32
mp-7548,-1.391277738007811,8
mp-6989,-2.318079119468748,10
mp-12010,-2.156183486640623,24
mp-2499,-0.385979767499999,4
mp-1214345,-0.446009516388888,36
mp-1477,-0.312893252083338,24
mp-6764,-2.341155775714285,28
mp-3031,-3.360721377187507,32
mp-1070137,-0.43619774400000305,5
mp-18502,-3.092743077142858,28
mp-557414,-1.5562191359375,16
mp-29703,-1.342045567500002,36
mp-1190822,-0.378636722916666,24
mp-1227729,-0.579091880000001,3
mp-5588,-3.839245049999999,8
mp-3777,-1.306235193125001,16
mp-776084,-3.404013206000001,30
mp-722278,-2.675550258230518,22
mp-1102609,-0.7051340941666641,12
mp-1101912,-0.9251635274999981,12
mp-19248,-3.076737321666666,9
mp-17960,-3.575071462499998,28
mp-8515,-3.009463532222222,18
mp-1200892,-3.77711634999997,48
mp-15073,-2.90590646818182,22
mp-1214324,-2.452790783333333,9
mp-872,-0.7026438649999991,4
mp-540635,-2.35182028357143,28
mp-1102308,-2.8299908278571433,12
mp-567510,-0.5843012333333311,3
mp-696946,-1.906150635833333,18
mp-27802,-1.2595916695833291,36
mp-7759,-0.44317191250000004,8
mp-1068048,-0.502566114999997,5
mp-11269,-0.6468947850000021,5
mp-30433,-0.681184819000002,5
mp-1103397,-3.378080711666666,12
mp-8290,-3.396749804374999,8
mp-11819,-0.574680997500001,6
mp-555954,-1.141194678928571,14
mp-3163,-2.587468271999999,5
mp-12181,-1.543447148749999,16
mp-1019558,-3.376693823214286,14
mp-1227831,-2.0267502425,20
mp-1227650,-0.003694495999999,5
mp-559427,-3.637355124545455,44
mp-1214332,-0.738515049499997,20
mp-1227545,-3.09875275958418,34
mp-1522133,-3.007535548250001,20
mp-1519366,-2.988876333166666,20
mp-559151,-3.487807100424242,22
mp-1183386,-0.41321573666667305,4
mp-1516562,-2.8092072,40
mp-4001,-1.7826291849666651,10
mp-18258,-3.662951830119048,28
mp-555174,-2.4663650413333382,30
mp-1000,-2.003574658333334,2
mp-2150,-1.474518219444442,6
mp-29177,-2.907432135641024,26
mp-8234,-1.201598257499998,8
mp-5431,-2.357057434333336,10
mp-754967,-2.25012785236111,24
mp-27499,-1.189533620333334,20
mp-1192105,-3.422828911190476,24
mp-1195483,-2.383212996562498,32
mp-1206598,-1.362820061249998,8
mp-1189614,-3.7750959409999982,20
mp-1214314,-2.527016124861111,12
mp-1227524,-1.352691243974359,26
mp-1214296,-3.190398111051586,12
mp-6661,-3.385292812738096,28
mp-1018735,-1.6946891927777772,6
mp-558159,-3.532110458333396,32
mp-1070806,-1.550733975277777,6
mp-759489,-3.4851504418666672,50
mp-8291,-3.974811880416666,8
mp-5777,-3.492277977666666,5
mp-16915,-3.928887087261905,28
mp-1079893,-1.770214763072915,10
mp-30434,-0.385091675555566,6
mp-754897,-1.666569444166668,28
mp-1091391,-0.23627580666667303,10
mp-865984,-0.398012974583339,4
mp-541006,-2.518580615119048,28
mp-7693,-4.428986136363634,11
mp-1199878,-1.918988414687497,32
mp-1195370,-1.695679815527341,32
mp-1105536,-1.220893614791665,16
mp-1227825,-3.126558944117661,34
mp-574430,-1.490003352499997,16
mp-35730,-3.486460204999997,20
mp-5611,-3.6680901462499973,24
mp-1203857,-3.451930976214284,40
mp-3601,-2.022008931999984,20
mp-1194611,-1.044413659999998,32
mp-560110,-3.6218420828703692,36
mp-18723,-2.271684773846154,13
mp-557348,-2.853949163503401,42
mp-1205427,-2.017501866250001,18
mp-18929,-2.693702212592591,27
mp-556790,-2.399899590763889,48
mp-2763659,-2.739930981399999,25
mp-17264,-2.455192690277778,36
mp-1214298,-3.298060462249999,40
mp-559481,-2.770726779166666,24
mp-556379,-3.449738876785715,28
mp-18520,-2.872445018293651,36
mp-3451,-1.669534512499999,20
mp-1047908,-3.337140264,40
mp-1047945,-3.242570979444435,36
mp-989622,-0.8219546254999991,20
mp-19048,-2.729128477500001,12
mp-768240,-4.375317280909102,11
mp-3952,-3.644422620714285,28
mp-560478,-3.588372896250001,32
mp-6647,-1.773074978116318,12
mp-10337,-1.4644986619444431,12
mp-1103275,-1.950495586249999,12
mp-1101801,-1.809767559505208,12
mp-10336,-1.4514473525,12
mp-752675,-4.33565048357143,14
mp-11670,-1.43608270076923,26
mp-1192369,-2.533679460192307,26
mp-1206981,-4.452467351363636,11
mp-18752,-3.116472022083337,9
mp-1214224,-1.421831624166666,12
mp-1205399,-1.91692376246875,40
mp-672225,-0.174472639642858,28
mp-30435,-0.19734314333333203,6
mp-560441,-2.856035180833333,24
mp-303,-0.221107078333332,12
mp-1041309,-2.560656872166666,40
mp-1079320,-1.988987680624999,8
mp-11166,-2.709447530625,16
mp-23373,-2.268066550833335,24
mp-1041302,-2.74429844375,40
mp-3881,-3.392223955833333,12
mp-11818,-0.49056409499999704,6
mp-1227349,-0.34481708599999705,5
mp-1047902,-3.14330971125,40
mp-4236,-2.3654240366666652,12
mp-14345,-2.8378817703896093,22
mp-548469,-2.078282849375,8
mp-31147,-0.35156586833333303,6
mp-31148,-0.525703331666667,6
mp-1191811,-1.978848924393938,22
mp-1214231,-2.619087496249999,12
mp-559348,-3.334656806833334,20
mp-556139,-3.287506394107157,12
mp-1214228,-3.464303285,28
mp-505400,-4.093492791923077,26
mp-560308,-3.260100587938776,35
mp-556738,-4.1375930259375,32
mp-3104,-1.423864360000001,8
mp-1019544,-3.639240691,10
mp-540771,-2.107697715499998,20
mp-998427,-1.920462955906249,20
mp-87,0.0,4
mp-770957,-1.790018201428597,14
mp-757917,-2.50923507595238,42
mp-1019545,-0.8947092060884351,42
mp-27588,-2.780126906031745,36
mp-1475,-0.12780441923076802,13
mp-568912,-0.148409677692308,13
mp-571438,-0.10248673076923001,13
mp-568827,-0.10411236923076801,13
mp-1214241,-0.192389780517242,29
mp-1214229,-0.38335245431034104,29
mp-30441,-0.197799639210526,19
mp-569364,-0.0647649475,46
mp-1227442,-2.330070615265152,11
mp-554023,-3.178649017738095,14
mp-1569,-0.23053140166666702,3
mp-1215013,-1.772708651578947,38
mp-867274,-0.45885382749999903,4
mp-867271,-0.412348772499999,4
mp-867270,-0.5855304224999981,4
mp-30438,-0.22044840916666703,12
mp-2031,-0.1403742,6
mp-867273,-0.39975566500000004,4
mp-865869,-0.459643522500002,4
mp-865308,-0.422358172499999,4
mp-2225,-0.27759050166666505,12
mp-865003,-0.601694587499999,4
mp-867280,-0.7096500949999981,4
mp-1183419,-0.38714356250000004,4
mp-1677,-0.31991649249999904,12
mp-11272,-0.134875928000002,10
mp-865229,-0.5821398599999981,4
mp-866224,-0.642503884999998,4
mp-864895,-0.591903532499999,4
mp-864961,-0.6840280950000001,4
mp-866115,-0.650607097499999,4
mp-862600,-0.7654158374999991,4
mp-11275,-0.37955290416666604,12
mp-866024,-0.414462902499998,4
mp-1103315,-0.332087546666664,12
mp-867307,-0.257657087499998,4
mp-865021,-0.518279809999999,4
mp-3347,-3.176623356904762,42
mp-27187,-3.197747547916668,32
mp-11281,-0.21818012416666502,12
mp-11282,-0.303591991666665,12
mp-1214242,-2.230840535460662,46
mp-24570,-2.008922607894737,38
mp-17493,-2.582043845326088,46
mp-16793,-2.578585944014945,46
mp-17167,-2.558801447681159,46
mp-1183423,-0.285188863749999,4
mp-983590,-0.20898726124999903,4
mp-862714,-0.461441378749999,4
mp-18337,-1.217352798500001,40
mp-11273,-0.23579205124999802,12
mp-865168,-0.28368570124999903,4
mp-567841,-0.23136165360714203,40
mp-24674,-2.422602676015037,38
mp-864894,-0.442138165,8
mp-865562,-0.334430163749999,4
mp-977552,-0.2665730625,4
mp-6856,-2.6890353066304353,46
mp-1227359,-0.11968357916666601,12
mp-1227272,-0.236783661666664,6
mp-1227279,-0.291239673333333,6
mp-27757,-0.016717138833333003,10
mp-707304,-2.847125684558824,34
mp-27608,-2.572461434305555,12
mp-1220,-0.08535215583333401,6
mp-650,-0.31534194249999903,6
mp-1072399,-0.461596844166666,6
mp-3081,-3.352918253928567,28
mp-4262,-0.052399171388889006,3
mp-865966,-0.7749259637500001,4
mp-862287,-0.8688942487500011,4
mp-30365,-0.136192663750001,8
mp-12761,-0.135768288333335,3
mp-30139,-1.399311373333333,6
mp-1189451,-0.5648687118750011,16
mp-570974,-1.846174582499999,48
mp-2773,-0.29332581750000003,2
mp-862706,-0.29541524750000003,4
mp-865901,-0.5671847212500001,4
mp-1193887,-2.600075347142854,28
mp-1183416,-0.10977993875000001,4
mp-867837,-0.142905241249999,4
mp-561543,-3.551075402222222,36
mp-862669,-0.379209641249999,4
mp-867840,-0.32620436874999903,4
mp-867116,-0.493593135624998,4
mp-862291,-0.671457313124999,4
mp-1009088,-0.16887196750000003,8
mp-1019550,-0.8018419456250001,16
mp-1013527,-0.26762326107142803,8
mp-862713,-0.279699512499998,4
mp-768203,-0.16487134361111,18
mp-757836,-1.721702212167969,32
mp-1200927,-1.328254889318182,44
mp-706913,-1.296160498809523,42
mp-23996,-1.637747829305554,36
mp-30140,-0.836349655000001,48
mp-867828,-0.27588973375000003,4
mp-1033,-0.468281252499999,2
mp-2542,-3.102855802499999,4
mp-27148,-0.319383066011903,24
mp-695815,-1.660014346071428,44
mp-24473,-1.8517452561038832,44
mp-11274,-0.5927108225000001,2
mp-13452,-0.5061120183333321,3
mp-13453,-0.381979747499999,8
mp-11276,-0.607815922499999,2
mp-862622,-0.20696927374999902,4
mp-422,-1.307732301249999,2
mp-5046,-2.302504960416666,6
mp-1541,-1.029387863671874,2
mp-1009087,-0.20533040624999901,8
mp-865904,-0.663109713750001,4
mp-7913,-1.400415780625,16
mp-865792,-0.508235893749999,4
mp-867107,-0.29568593874999904,4
mp-1009085,-0.37259544357142804,8
mp-867767,-0.812091816249999,4
mp-867835,-0.5546445212500011,4
mp-1009084,-0.16972815874999903,8
mp-252,-0.570361940833332,2
mp-3733,-2.703259285595238,28
mp-1227475,-2.038936290833334,28
mp-1227516,-2.598600427568025,28
mp-866288,-0.280405191249999,4
mp-867304,-0.23227479624999903,4
mp-867275,-0.24832689374999703,4
mp-867874,-0.35139449374999904,4
mp-23152,0.0,2
mp-554718,-2.58729035375,40
mp-1104660,-1.148015225,14
mp-558215,-1.812897028108108,37
mp-645514,-0.31919412676470804,34
mp-1195274,-0.371235674411766,34
mp-691119,-1.697635304615385,39
mp-759924,-1.7052643568589732,39
mp-629690,-0.721297862727272,22
mp-1195213,-1.888413521029423,34
mp-618309,-1.248398051875002,32
mp-1101783,-0.077140283333335,12
mp-558392,-1.46893560636364,22
mp-1200193,-1.6870197215625,38
mp-23064,-1.857507857499999,36
mp-23262,-1.641727215000003,20
mp-554545,-1.486731913636363,22
mp-28541,-2.472385317293247,38
mp-675543,-0.502461465178571,7
mp-1227497,-1.157419119999999,14
mp-23012,-0.388550415803572,14
mp-1103697,-0.37629585187499903,14
mp-30464,-0.250986444999999,14
mp-29259,-1.408942188214287,28
mp-1227322,-0.304879254999995,4
mp-568531,-0.28532103958333205,24
mp-23341,-1.330811493636362,22
mp-23217,-0.2228227425,12
mp-555225,-1.458941563636362,22
mp-977592,-0.519016867142856,14
mp-23445,-1.553611266818189,22
mp-1078366,-1.000889814000002,10
mp-22856,-0.414615469187504,20
mp-27891,-1.338651716499998,10
mp-541837,-0.43407693543750203,5
mp-1193554,-1.41250524146875,30
mp-552098,-1.351369364468753,5
mp-29839,-1.58014964341797,32
mp-27910,-0.33192813256250103,5
mp-29666,-0.346632669812504,5
mp-34202,-0.274401004000003,5
mp-30097,-0.6049124567647101,34
mp-849872,-1.2661092213333331,5
mp-23334,-1.644739106145836,32
mp-27251,-1.616918000740741,18
mp-23480,-1.956552777222222,36
mp-1193877,-0.897175858666669,30
mp-866311,-1.630138166874999,8
mp-2756056,-1.3684751753125,16
mp-2755713,-1.2534812006250031,32
mp-30304,-1.7795944595454571,22
mp-23544,-1.613249207727276,44
mp-30130,-1.494979854772725,44
mp-30303,-1.569201818181821,22
mp-541772,-0.46931114928571505,14
mp-541771,-0.32209606642856503,14
mp-1214311,-1.762317510322582,31
mp-505697,-2.256616235437789,31
mp-1190898,-2.425375946086959,23
mp-561068,-1.771183774166667,12
mp-567414,-0.731505600624998,32
mp-31250,-2.290466749833336,20
mp-556601,-2.094411144166665,28
mp-2913080,-1.172513377500001,16
mp-23072,-1.555466066666671,6
mp-22908,-1.044261659374999,16
mp-22939,-1.695745048333333,6
mp-23237,-2.621525922500002,16
mp-27743,-1.871315934166666,6
mp-22849,-0.7663869175000011,8
mp-22987,-1.334933545,6
mp-1191266,-1.235655969166666,24
mp-1102836,-0.41905545583333303,12
mp-1103228,-0.33974397302083503,12
mp-30012,-1.259169145185184,36
mp-557993,-1.459764126666667,12
mp-2767589,-2.230428690833333,12
mp-1227709,-2.36002907836466,38
mp-24348,-2.410865821656745,36
mp-1190564,-2.414275679107143,24
mp-556878,-2.225278606205357,16
mp-27133,-0.367511936329367,48
mp-1227444,-1.588329075,5
mp-23084,-1.679936678,10
mp-1227389,-1.4530009430000002,5
mp-1008488,-0.299458342500003,4
mp-30463,-0.233392613749998,16
mp-1095370,-0.40854343885416705,12
mp-1066078,-0.294186384999996,4
mp-1103607,-0.40129416802083,12
mp-1064554,-0.19327081000000101,4
mp-1103098,-0.561277465833333,12
mp-1101765,-0.48071976885416706,12
mp-23324,-0.8865928066666711,12
mp-23318,-0.7342089301041691,12
mp-1227290,-0.0069253724999990005,2
mp-1227565,-2.467411369166666,24
mp-23018,-1.8414490133333272,12
mp-610491,-0.734089398854166,12
mp-556378,-1.466983623723958,24
mp-33723,-0.8220315505555551,3
mp-28944,-0.655658539166665,6
mp-22965,-0.637094973888891,3
mp-1227372,-0.307808057500011,12
mp-1195032,-1.318038298240741,36
mp-863374,-1.6138287606944441,24
mp-29011,-0.35464625333333705,12
mp-29638,-0.38061501083332805,12
mp-1227426,-0.425780460000003,12
mp-1525121,0.0,4
mp-23154,0.0,4
mp-28933,-0.198695136500001,40
mp-1066781,-0.35956457500000005,4
mp-1524139,-0.019922322500001,4
mp-23297,-1.2406468612500001,8
mp-27987,-1.326850845833333,12
mp-29526,-0.5361104965000001,20
mp-36262,-0.639116652499999,8
mp-3347313,0.0,2
mp-28131,-0.28195466026785704,28
mp-1167,-1.904165606,10
mp-20066,-1.768723351666668,12
mp-45,0.0,1
mp-1047036,-1.34347086119048,14
mp-10877,-0.29084872230769204,13
mp-1104462,-0.34855676076923003,13
mp-17871,-0.405855484545453,44
mp-570703,-1.971750738181818,44
mp-9690,-0.40727522600000005,5
mp-3862,-0.48071680000000006,5
mp-36988,-1.4032251023214282,14
mp-7704,-0.35477174999999905,5
mp-30175,-0.28946907599999905,5
mp-16044,-0.71111373909091,11
mp-4555,-2.227475808333333,9
mp-5610,-0.737910503,5
mp-28153,-1.586015681333335,15
mp-2898,-1.466215879285709,14
mp-1227448,-0.45419479363636106,11
mp-10289,-0.42951374900000105,10
mp-1196257,-0.413707648399998,50
mp-1190619,-0.47831445484848506,22
mp-14445,-0.7787672710000011,10
mp-8431,-0.600185274666687,10
mp-1018630,-0.6064358749999991,5
mp-11918,-1.248534829000001,10
mp-1017548,-0.7282680198571421,5
mp-7067,-0.569298998999997,5
mp-1078064,-0.43805657857142305,7
mp-9570,-0.5474108918571421,5
mp-7430,-0.517741565999997,5
mp-768870,-1.196812312222221,36
mp-569298,-0.614443232999998,5
mp-4259,-0.41355985,5
mp-17544,-1.878585158214284,28
mp-1385949,-1.5507002415384612,13
mp-3210,-0.843527303857136,5
mp-1070152,-0.552075956,5
mp-28006,-0.40476749357142905,7
mp-22295,-0.500592162278912,14
mp-4441,-0.411326418,5
mp-1047437,-1.7102426450000001,14
mp-5486,-0.42470240199999904,5
mp-568974,-0.317747624,5
mp-1194059,-2.40433364077381,28
mp-1068300,-0.530344038999994,10
mp-5597,-0.8430152878571361,5
mp-13464,-0.288369337647057,17
mp-675750,-0.585864777058823,34
mp-1070099,-0.6272899199999991,5
mp-1078849,-0.796646166190475,10
mp-16259,-0.754838245999997,5
mp-16260,-0.7147530319999981,5
mp-1091390,-0.773471207999998,10
mp-2015893,-0.847230349,10
mp-16261,-0.868845092,5
mp-19791,-0.563112430000001,5
mp-644307,-0.6896962625,28
mp-23879,-2.164703914499993,5
mp-1194276,-2.4064787169642843,28
mp-27535,-1.528087315833334,36
mp-1079772,-0.759321721190477,10
mp-674712,-2.354881227291667,42
mp-505362,-2.40069353529762,28
mp-9564,-1.129124516999999,5
mp-29208,-0.516634074000004,5
mp-9565,-0.77549995,5
mp-19824,-0.33838627717240904,5
mp-1104194,-1.012704434833333,15
mp-3142,-1.5225083833333342,36
mp-21312,-0.35391835026315605,19
mp-510484,-0.345874144999998,14
mp-4744,-0.661425000999999,5
mp-2949,-0.546682147999999,5
mp-1372361,-1.662092417499998,28
mp-4064,-0.8504969958571411,5
mp-11168,-1.017184773190479,15
mp-6926,-0.847426071857156,5
mp-8580,-0.9590294938571211,5
mp-5157,-1.011215721190475,5
mp-17998,-1.792791924285709,28
mp-1214123,-0.250718454705881,17
mp-9125,-2.370946821111111,9
mp-17597,-2.252192421964285,28
mp-7364,-0.513944779999997,5
mp-5292,-0.6166805160000031,5
mp-567769,-0.815204341999998,5
mp-1069956,-1.039918009999999,5
mp-1386933,-1.79054689102564,13
mp-1048589,-1.710701503066689,25
mp-1194132,-2.409249856607143,28
mp-18642,-2.407047725892858,28
mp-9571,-0.6555636290000011,5
mp-1029258,-0.5222702640000001,5
mp-9569,-0.6998979558571421,5
mp-7429,-0.523427615999999,5
mp-1195864,-3.253250209496753,44
mp-17516,-3.283132694882948,41
mp-1205012,-0.996864520249999,40
mp-1214215,-1.060504777142854,42
mp-27298,-0.9456154535714251,42
mp-1214384,-1.057568984880958,42
mp-29722,-1.055011220079364,42
mp-12241,-1.03713046642857,42
mp-1193055,-0.29042181111111204,27
mp-642331,-0.7612598602450931,34
mp-1227788,-0.2875282175,8
mp-1227416,-0.45036340500000105,14
mp-1227579,-0.35832023710937305,32
mp-568793,-0.355330012051281,39
mp-16770,-0.22075397611111003,18
mp-864991,-0.46661966791666404,4
mp-1068053,-0.604550230999998,5
mp-867751,-0.532931791666665,4
mp-1227593,-3.040782182833308,30
mp-695316,-1.915285999886364,44
mp-677248,-1.883164274431817,22
mp-1227376,-1.012561421071425,13
mp-1193801,-3.766335151538461,26
mp-1078304,-0.7852274809999981,10
mp-1078362,-1.092063576999999,10
mp-1251643,-3.174685863333334,36
mp-1227383,-0.188522674736838,19
mp-6929,-2.509705237272775,11
mp-557347,-2.157593992738095,42
mp-560595,-2.75325286625,32
mp-28554,-1.500340893124999,4
mp-29175,-0.9235060309374991,8
mp-1019560,-3.242779313148148,36
mp-542455,-0.450860993249999,10
mp-554263,-3.213737082380951,28
mp-24266,-1.188179890902779,24
mp-23632,-1.75122796486111,24
mp-10233,-2.07956978111111,24
mp-569535,-0.907907213333336,6
mp-557070,-2.54039071275,20
mp-23009,-1.635277027499999,4
mp-1095180,-0.9200470659999991,10
mp-977453,-0.41226820416666604,4
mp-1078908,-0.8925133748571411,10
mp-865167,-0.49253916749999804,4
mp-1068286,-0.6548108999999991,5
mp-1069824,-0.8143099299999961,5
mp-569267,-0.854672659499999,20
mp-861940,-0.551291871249999,4
mp-10923,-0.6892207139285711,21
mp-1408395,-1.846933615384614,13
mp-1287594,-2.12642163525,40
mp-1029532,-0.8337875895000011,5
mp-552051,-2.354738702166666,40
mp-19161,-2.6169339309999993,20
mp-1367307,-2.401740640499999,20
mp-12614,-0.080960578333333,12
mp-545481,-2.260203145714285,7
mp-772813,-2.070055870833334,36
mp-28660,-0.5332504461446881,13
mp-1375998,-2.0191868105,20
mp-558663,-1.9210221466666662,19
mp-1227643,-0.305492280833333,18
mp-22113,-2.456190248055555,36
mp-1205964,-0.6509286475,9
mp-1306506,-2.24188327125,40
mp-31763,-2.55467773025,40
mp-20431,-2.54563916075,40
mp-1275487,-2.672509629,20
mp-760729,-2.655437511166666,30
mp-1227351,-0.422191242499999,10
mp-1227436,-0.502011446999998,10
mp-30472,-0.292262311999999,5
mp-1078280,-0.795755202,10
mp-1078428,-0.9711134194999971,10
mp-1227300,-0.5961856937500011,4
mp-1009755,-0.7149471366666661,3
mp-29809,-0.9813410222499991,40
mp-560647,-2.990227975714284,28
mp-1078326,-0.7921471879999991,10
mp-1071127,-0.7914306374999991,6
mp-1078483,-0.9490920340000001,10
mp-540773,-1.68222379392857,28
mp-1207196,-0.7095563258333341,9
mp-1079896,-0.7098598275000001,9
mp-24119,-0.9456374556250001,16
mp-1103139,-0.44323106666666906,12
mp-866105,-0.5960727531249981,4
mp-28553,-1.358238939999999,8
mp-510086,-0.770033779166666,8
mp-20792,-0.7601758499999981,10
mp-21885,-0.988502850000003,10
mp-1227404,-2.106184376999999,10
mp-1227469,-3.0998927565,20
mp-1196550,-3.157632202134145,41
mp-557662,-3.351645355256411,39
mp-1214276,-2.213057013157895,38
mp-867350,-0.29738252541666604,4
mp-1068035,-0.6699748829999991,5
mp-1068002,-0.880901074999995,5
mp-1227487,-2.86709453425,20
mp-861645,-0.27888994458333405,4
mp-19324,-2.9928794245,20
mp-18893,-2.416973564137931,13
mp-23716,-2.097711290417423,38
mp-1029959,-0.985573419238505,24
mp-1227575,-2.394197838793103,20
mp-19108,-2.777544282293102,20
mp-1029689,-1.050433568333332,24
mp-2686,-0.8977212895833341,3
mp-22936,-1.796587630312501,4
mp-13979,-3.297524677045454,44
mp-1214115,-3.115843763499999,40
mp-1214121,-2.941695491999999,40
mp-1029832,-1.2667730977083331,24
mp-1227481,-2.829084382249999,20
mp-1227405,-3.5639388009833333,20
mp-1191589,-0.466517389166666,21
mp-1104825,-0.5030077828571421,14
mp-1105997,-0.148624289444443,18
mp-510001,-0.745532654890108,26
mp-1047142,-2.094400157,20
mp-22020,-2.258249558499999,20
mp-19114,-2.6081808730000002,20
mp-2923,-2.237136337727267,22
mp-17922,-3.213395772435064,44
mp-1214153,-2.710066630901361,42
mp-758337,-2.855925476314286,50
mp-554081,-3.2600333130803563,32
mp-23040,-1.503881859910714,4
mp-8977,-1.358631708204366,24
mp-30478,-0.5509389933333301,12
mp-20723,-0.701022883999998,10
mp-21137,-2.551106224285708,14
mp-8710,-1.8014381423076862,13
mp-1227265,-0.9270526550000001,4
mp-554638,-2.163831028181818,22
mp-9925,-0.9454077566666661,6
mp-16280,-2.5944479686363593,22
mp-29284,-1.372295938055555,36
mp-571215,-0.821918418333332,18
mp-1214125,-3.508125961499999,20
mp-1105395,-2.915159888999999,20
mp-1227341,-1.0399285853021971,13
mp-1189528,-3.1275018395,20
mp-1214081,-3.628419579233333,20
mp-28535,-2.072683431310118,26
mp-1009733,-0.534257671666667,3
mp-29570,-0.513929418333333,12
mp-28922,-1.406582083333332,30
mp-1214093,-0.8835800640000001,20
mp-30312,-0.7394271079999991,10
mp-4481,-3.476631411785713,28
mp-1194033,-1.7529088494642862,28
mp-22735,-0.647288542499997,12
mp-21774,-0.724886747250003,40
mp-866229,-0.659526856875,4
mp-1029915,-0.804732184,20
mp-4747,-2.88604820642857,14
mp-866503,-1.678317246785714,28
mp-1214103,-3.233319104233332,40
mp-1366540,-3.083761082733332,20
mp-1029773,-1.38577105976389,24
mp-1373426,-3.254614706733334,20
mp-1397126,-3.5559112699999993,13
mp-867849,-0.39802235833333305,4
mp-1183453,-0.5669576818750031,4
mp-1183531,-0.5482594699999971,4
mp-861604,-0.495178358333334,4
mp-27614,-2.908076423636363,22
mp-1284741,-2.8625693223076922,13
mp-554381,-2.747112326500001,20
mp-557276,-3.009406187812499,32
mp-17892,-1.413516451874999,24
mp-17019,-2.767006752916666,36
mp-571306,-0.76274758299107,16
mp-1227661,-0.37083846625000005,6
mp-1227660,-0.48322643875000004,6
mp-8818,-0.848958886000002,5
mp-1205338,-1.143821291666667,18
mp-10670,-0.603305947142858,7
mp-1205337,-1.176275938544974,18
mp-569257,-0.620125604999975,17
mp-3575,-3.28817981121212,22
mp-31278,-0.5452760589999951,30
mp-1192828,-0.47644539566666505,30
mp-570710,-0.28484122833333303,30
mp-571162,-0.945776336666666,18
mp-11285,-0.487152415454545,11
mp-1189986,-1.028657002989417,18
mp-31480,-0.7414815385714281,28
mp-31479,-0.8577130457142831,28
mp-18504,-0.9285455169444431,36
mp-1095240,-0.7618062318181841,11
mp-17817,-0.924094267433861,36
mp-650513,-1.031447416111111,18
mp-21677,-0.25544984477777705,30
mp-1195188,-0.40101447099999904,50
mp-540696,-0.981333039166666,36
mp-11176,-0.8772608254545441,11
mp-1194866,-0.883592787896824,36
mp-27997,-0.6229662850000001,32
mp-1029921,-1.430873635340908,22
mp-11430,-0.337991456666666,12
mp-10876,-0.35616364499999903,12
mp-17186,-1.260281226785713,28
mp-29596,-1.229088554821428,28
mp-18300,-0.9172372214285741,28
mp-27294,-2.014183470357142,7
mp-28069,-2.252943995714286,7
mp-1214087,-1.686082694999998,28
mp-4192,-1.292340810249999,20
mp-30366,-0.5012645812500011,16
mp-12699,-0.8282316014285731,14
mp-1182037,-1.181245724393939,44
mp-1214049,-1.381870094583333,32
mp-649453,-1.551805647395832,32
mp-1195197,-1.639171421018518,36
mp-30315,-1.2842448612500021,7
mp-31149,-1.204245116750002,5
mp-28160,-1.211400115625,16
mp-18167,-0.27349162049999803,20
mp-755287,-2.831232277499999,8
mp-561911,-2.07962360471875,40
mp-8670,-1.095505850178572,14
mp-41109,-3.324719248825758,44
mp-1324016,-2.410423277916665,24
mp-1246856,-0.717895894090909,22
mp-1029659,-0.9272981735714271,14
mp-31481,-0.706121084999999,32
mp-607230,-0.639562423749998,32
mp-29226,-2.738889307395833,48
mp-30473,-0.584581634375,16
mp-541062,-1.003936731785712,28
mp-1029943,-0.9752302687500001,14
mp-1214045,-0.522419461428569,28
mp-1214019,-0.5043915249999991,14
mp-11822,-0.8614104477499991,5
mp-17193,-1.7076779870000012,10
mp-11288,-0.505499445000001,10
mp-606503,-0.824171309285714,28
mp-614572,-1.139431833418366,28
mp-1245445,-0.8762914744357381,22
mp-1232815,-2.607477885266457,22
mp-14763,-1.025200335418719,14
mp-1029719,-0.979993285,14
mp-844,-0.9597206842499991,40
mp-8308,-0.33624928486111,12
mp-29342,-2.253346153639455,7
mp-27272,-1.683612634591838,28
mp-11824,-1.205423485345237,5
mp-20273,-1.689312636999997,5
mp-1104661,-0.6149498026666661,15
mp-1214039,-2.802791467424242,22
mp-984698,-0.9107599013333351,15
mp-9457,-2.923372625249997,20
mp-1247259,-0.7603484701785721,14
mp-1214080,-1.628023624999999,28
mp-1013548,-1.202770444999998,5
mp-1013550,-1.02137064092857,5
mp-561991,-3.023198859090909,22
mp-540868,-3.2808403755,40
mp-542138,-0.5080494668749991,32
mp-1205330,-1.598687663999999,10
mp-1200211,-0.4378108445,40
mp-4363,-0.503033620750001,40
mp-984605,-0.6884731820833331,12
mp-29241,-1.76736699,5
mp-6853,-3.081639833036231,23
mp-5279,-2.812126670666663,20
mp-984744,-0.27051823749999904,8
mp-9216,-2.315511137878787,44
mp-1189230,-0.40583095500000604,16
mp-1247754,-1.530380917499997,8
mp-14252,-3.619776442499985,20
mp-9029,-1.267555982321429,14
mp-558558,-2.925349647954545,44
mp-781505,-3.081071199499997,20
mp-1227620,-3.592974754666666,20
mp-569617,-0.7891818062337651,11
mp-697126,-0.674557199210526,19
mp-1227669,-3.227927518888888,27
mp-8876,-3.380591705543477,23
mp-15312,-3.3449745885507243,23
mp-8789,-1.8096056999999992,7
mp-31234,-0.7451465796052611,38
mp-551873,-1.6022213792857172,7
mp-2759927,-2.002518771902175,23
mp-5251,-1.020304299444444,36
mp-1227574,-0.6343471850000001,12
mp-23326,-2.896422515454545,22
mp-1214050,-3.39381251486111,18
mp-6943,-3.377505096527777,18
mp-1227613,-0.7213274754166681,12
mp-29808,-1.005702749166666,36
mp-1029730,-1.37980596111111,18
mp-20419,-0.68832968690476,14
mp-645719,-0.6738033861764661,34
mp-6076,-3.379169608472222,18
mp-644264,-0.525035802954544,33
mp-640340,-0.21141954781249903,32
mp-1214008,-3.365327721944445,18
mp-28742,-0.18111105458333301,12
mp-1192309,-0.521846924090908,22
mp-5380,-1.770557722040813,7
mp-31233,-0.9986828755701731,38
mp-10299,-2.675235593636361,22
mp-13660,-1.781754134999996,7
mp-17185,-0.839723534090906,22
mp-1019576,-1.2228174252778001,36
mp-6388,-3.375311077916666,18
mp-568469,-1.309544041481481,18
mp-1214020,-3.383046821527776,18
mp-1029660,-1.340286513333334,18
mp-8439,-0.859342887307689,26
mp-569383,-0.850118299772727,44
mp-1246246,-0.806543304090909,44
mp-17558,-0.9420874257692301,26
mp-28489,-0.9371253954545461,22
mp-17985,-0.842812888461537,26
mp-1105294,-0.7889428041176441,17
mp-649479,-0.8338119725640991,26
mp-1029899,-0.7320533853846151,26
mp-667294,-0.9817310710504191,34
mp-1029860,-0.724545792692307,26
mp-1227364,-0.753492104333334,30
mp-571333,-1.312664792692308,26
mp-18670,-0.8640311419230751,26
mp-31172,-0.254754581874998,16
mp-10047,-1.302326325312499,16
mp-1227203,-2.740289578928577,42
mp-1227603,-2.665143488352273,44
mp-557482,-2.832639119642856,42
mp-30367,-0.572746819285717,14
mp-30368,-0.7121120562499991,16
mp-571264,-0.800555118333335,18
mp-6632,-3.37935388541667,18
mp-27145,-1.0158090446875,32
mp-1227157,-2.265344113870968,31
mp-1105558,-0.17985594437499902,16
mp-1227139,-2.989736063571428,28
mp-643912,-0.651250553472221,18
mp-570356,-0.23718706999999903,24
mp-675101,-1.237675519431817,22
mp-28170,-0.32596320381944305,48
mp-1193893,-0.43401925766666605,30
mp-568670,-2.496447220735632,10
mp-1206873,-3.58348305773563,10
mp-562050,-3.293792025735632,30
mp-1112527,-1.8345188524023,10
mp-13800,-2.718130387402299,10
mp-1112567,-2.500336801068966,10
mp-23108,-2.241433994068965,10
mp-561500,-3.087504034568966,20
mp-19447,-2.289819043836207,16
mp-571467,-2.157973410068965,10
mp-23120,-2.491634642068965,10
mp-13925,-3.573435046068965,10
mp-1112137,-1.6785762190689661,10
mp-567172,-2.400583374999999,10
mp-1201406,-2.47117046643002,34
mp-569465,-1.796092092196679,27
mp-623028,-1.290435189497126,16
mp-14637,-1.193972837544,16
mp-15223,-1.218640726085667,16
mp-8995,-3.191472776666665,9
mp-1112944,-1.897230833847701,10
mp-1112945,-2.193925534847708,10
mp-557503,-1.20124385891107,38
mp-28486,-0.9642947071455931,18
mp-14336,-0.7741281118055571,9
mp-1206689,-0.39546846686206705,10
mp-689925,-2.466306513333333,9
mp-755100,-1.245445636862069,5
mp-647426,-1.967561964228931,9
mp-1025274,-2.843703246865768,7
mp-7988,-1.180246544770117,3
mp-7896,-1.224223352327586,4
mp-1229109,-2.174315666034483,9
mp-1205610,-0.508036661719212,10
mp-14652,-0.585892831785713,10
mp-1199678,-2.187770647299206,46
mp-1196015,-1.03948542580665,32
mp-6557,-2.75026178877903,28
mp-569060,-0.777240616661085,16
mp-1105197,-3.754068688499998,20
mp-2647097,-1.709331011330049,14
mp-1213706,-1.523258277758619,14
mp-23425,-1.742068167701147,9
mp-989549,-2.267163648931034,10
mp-1193131,-1.468843829946949,26
mp-562263,-1.481390851862066,20
mp-21283,-1.536935591551725,12
mp-543024,-1.271828721034483,9
mp-607298,-1.437699943256705,9
mp-510268,-0.8843507479166671,9
mp-11694,-0.8634484318055541,9
mp-1205847,-1.366955884367815,9
mp-1078085,-1.572084017142858,7
mp-1206568,-1.368716757222222,9
mp-504729,-2.32513731888889,9
mp-31285,-0.5860474318181801,44
mp-1213749,-1.437594457450871,31
mp-1213720,-1.453005206160549,31
mp-1213729,-1.4630209913218382,31
mp-1213713,-2.561434005434635,32
mp-13548,-0.06368258,6
mp-13992,-0.882246507916666,9
mp-14338,-0.838791477361111,9
mp-30062,-1.409635323256703,9
mp-505825,-0.05227855586207,5
mp-23406,-1.432955294999999,9
mp-8191,-2.358812694444446,9
mp-23060,-1.070568932145593,9
mp-622197,-1.9194353222518281,33
mp-571448,-2.205074282638886,9
mp-1025208,-2.62964457258005,7
mp-1112134,-1.5705858744310341,10
mp-1111968,-2.779772439431034,10
mp-559695,-2.9101303966810352,10
mp-1206535,-2.554806225681035,10
mp-1112167,-2.925841278681035,10
mp-989618,-3.055141840431035,10
mp-989605,-2.987577245347701,10
mp-1112515,-2.505049063347701,10
mp-989525,-2.752321537681034,10
mp-1112166,-2.605896715681034,10
mp-1111963,-3.554173583181034,10
mp-1112117,-1.633877158181035,10
mp-1112118,-2.486713688181034,10
mp-1112115,-2.499792286347701,10
mp-989567,-2.702997824014368,10
mp-7886,-3.557187892681034,10
mp-1202505,-2.069291566312261,36
mp-567942,-1.558619941944445,9
mp-1205774,-2.739566618055556,9
mp-1206623,-2.442304976666667,9
mp-17546,-1.7267785377586211,28
mp-540703,-1.192438348437498,12
mp-1079600,-0.9696989546874981,10
mp-1193140,-0.743681253794641,28
mp-505782,-2.257878981687191,28
mp-1191118,-0.5605273737500001,24
mp-1078965,-0.613780159,10
mp-1080614,-0.6146043319999991,10
mp-1226852,-0.507386843111414,46
mp-28269,-1.5274097465900391,9
mp-1184201,-1.779874634367816,36
mp-1214796,-2.915712686788796,16
mp-1112622,-2.147683048597701,10
mp-1113115,-3.200004091597701,10
mp-1112938,-1.386986988597701,10
mp-1113068,-1.443627259097701,10
mp-1112337,-3.352392971764368,10
mp-1112484,-1.481135688764369,10
mp-1011695,-1.265029576354166,3
mp-7449,-0.9840312844375001,10
mp-541055,-0.7328415064732151,28
mp-27830,-1.2756812115624991,9
mp-989544,-2.190747526165409,10
mp-562442,-1.804141575950585,28
mp-542550,-1.119574757058788,36
mp-573721,-0.443840688862069,10
mp-1226151,-2.868871022561063,16
mp-4047,-3.389468809444444,9
mp-8932,-0.5966127281904761,10
mp-697078,-2.568855413060076,46
mp-1103520,-1.318544860572916,12
mp-637251,-1.143965374097908,14
mp-561641,-0.9287382332567041,18
mp-540707,-2.16407378662069,30
mp-505233,-0.390221832824302,21
mp-1193049,-1.144847741514778,21
mp-561185,-0.7845301964540231,15
mp-540796,-1.719397134901473,28
mp-1195304,-0.858202121724137,34
mp-8934,-0.42306429686207003,10
mp-568403,-0.7442552250288641,28
mp-641923,-1.609659967145594,9
mp-608555,-1.7082079072222212,9
mp-7297,-3.041488856034478,9
mp-27636,-1.163201927145591,9
mp-861243,-1.8971282515517212,12
mp-1103379,-1.100720237031249,12
mp-28877,-0.864558556925287,28
mp-14355,-2.9025204757163383,24
mp-18160,-2.563402076805808,19
mp-569879,-1.7934185156781601,27
mp-15218,-1.326573578538793,16
mp-569885,-2.064861539627081,9
mp-1112610,-2.864282693914369,10
mp-646007,-1.6838896450574712,17
mp-1205840,-1.636041284999998,9
mp-1079364,-2.857333918888888,9
mp-1206848,-1.040805984923372,9
mp-573763,-1.220100983333334,12
mp-581150,-0.635344633141762,42
mp-505634,-0.9087276910000011,10
mp-23405,-1.45449107844189,9
mp-23465,-1.447215981666665,9
mp-540957,-1.070394815108554,9
mp-614803,-1.826989690162835,12
mp-669353,-1.7969345708538582,28
mp-561647,-2.611909921997126,16
mp-1192509,-2.51670343571618,26
mp-1195679,-3.308357584554598,48
mp-27501,-2.407044542777776,9
mp-10488,-1.2236720534418901,18
mp-10489,-1.168822045779853,18
mp-16805,-2.433767227509579,30
mp-6748,-3.19604436552682,48
mp-1226157,-2.507120126813539,18
mp-680170,-1.323775741805922,39
mp-1213715,-3.231590101176247,30
mp-27828,-2.06158007574074,9
mp-1195388,-2.695451643202426,36
mp-1206662,-1.376752052515965,9
mp-1178403,-2.6843120737739463,12
mp-1203715,-2.8246544273107563,40
mp-3247,-1.621142408357278,12
mp-1113442,-1.5787584944310251,10
mp-1113150,-2.3620012504310353,10
mp-1112112,-1.421802531014368,10
mp-1112544,-1.059115153014369,10
mp-557664,-2.596629716500001,10
mp-541696,-1.766960899705461,32
mp-1112495,-2.8909923052643682,10
mp-504603,-2.7245106522643683,10
mp-989558,-2.851459309014368,10
mp-996944,-1.577039565931035,10
mp-1112490,-1.849192811931035,10
mp-989537,-2.787644960931035,10
mp-560710,-2.7601947402643683,10
mp-1112340,-2.422730792264368,10
mp-1112339,-2.4047394292643682,10
mp-557533,-2.948574419264369,10
mp-1213743,-2.454417691562499,32
mp-572551,-2.47846627881226,18
mp-541275,-2.698006853256704,9
mp-1192271,-1.205810326192526,24
mp-1191887,-1.117548751114402,24
mp-1190813,-1.100136649447736,24
mp-1197866,-3.220900585804598,48
mp-548479,-3.274979256755456,11
mp-562366,-2.870472926792555,21
mp-1202678,-2.665206041204785,35
mp-1228671,-3.286115133766979,33
mp-540735,-1.9703121910344832,9
mp-23077,-2.243108233333332,9
mp-571275,-1.09440537460291,20
mp-2991,-3.018815749901482,7
mp-1192739,-2.452522793793103,26
mp-560444,-2.471568887620692,30
mp-8684,-1.229353878872125,16
mp-1206014,-1.810474013888888,9
mp-27239,-3.19648337,18
mp-1226442,-2.525443574710031,44
mp-1096946,-2.073533491320043,16
mp-1226138,-2.688816068812262,9
mp-18371,-2.112789730925227,36
mp-541753,-1.4637018377011501,9
mp-30234,-1.812488828812256,9
mp-1193656,-2.2529703502586242,28
mp-17361,-1.204560789107144,28
mp-1112288,-2.207876866097701,10
mp-1110987,-3.207796222097701,10
mp-1213783,-2.4500347315625,32
mp-1112482,-3.327059235999999,10
mp-1213746,-2.454932038124999,32
mp-505633,-1.15109476625,18
mp-1199216,-0.9190624301562481,40
mp-1193173,-1.7794852156157641,28
mp-540578,-1.900625419285715,28
mp-1181768,-0.32676862454433503,28
mp-504601,-1.526711924612068,40
mp-1078823,-0.9844257721455931,9
mp-556129,-1.3684978555300131,27
mp-6694,-3.222271184287356,30
mp-1226158,-2.555746231628352,18
mp-571150,-1.310087956582515,28
mp-638729,-2.241028756666665,9
mp-1201167,-2.743874588572797,36
mp-7903,-3.671061104999999,9
mp-1206511,-1.508440314367814,9
mp-1226199,-2.3366873486350572,48
mp-8759,-2.729279389051728,12
mp-9856,-1.6363833120312492,12
mp-1214772,-1.5955129372040782,13
mp-1198053,-0.8063513457686771,32
mp-1226259,-0.5829080383559101,28
mp-582723,-0.47687160211925306,48
mp-1113118,-3.390822127999999,10
mp-561315,-2.405274430305039,26
mp-562441,-2.156945058423644,28
mp-619651,-0.6025924699503941,48
mp-1193748,-1.168032883214282,28
mp-542220,-0.21569561578304902,24
mp-1541714,-1.7028867931403942,14
mp-30300,-1.8080240271450312,17
mp-30119,-2.000332986120689,32
mp-1201774,-1.070961562292565,32
mp-505212,-0.866148916793104,10
mp-1196535,-0.8384767774939391,32
mp-573658,-0.337849621355363,12
mp-9675,-0.554626373908727,12
mp-30222,-1.246651183304596,28
mp-635413,-0.46584940374999906,4
mp-27544,-1.6039693781403952,14
mp-1104268,-1.642765434464288,14
mp-669458,-1.211825776711825,28
mp-570123,-1.828836669499998,40
mp-1112606,-2.775970918499999,10
mp-29505,-1.608117970923647,28
mp-581738,-1.132060919955356,28
mp-1205638,-1.5475638007931032,10
mp-1213703,-2.478872575624999,12
mp-1184118,-0.257930811527777,18
mp-1214351,-2.40432392925,40
mp-632715,-3.461380038896552,10
mp-29287,-1.644315800996168,18
mp-1105622,-1.8362032197222231,18
mp-1206497,-2.661095949896553,10
mp-569323,-1.285313343218389,36
mp-23451,-1.625175163140391,28
mp-1193179,-1.843279265535713,28
mp-621938,-1.169315127783251,28
mp-614724,-2.94630910854232,22
mp-1194744,-0.35579550932311504,36
mp-582423,-1.473205681896549,40
mp-582024,-1.547970491000001,40
mp-23481,-1.199703301896553,40
mp-16543,-1.082163365122125,48
mp-1193312,-2.248421280997534,28
mp-1194135,-1.738458174211821,28
mp-1213797,-2.416236267083332,40
mp-1178430,-2.2183915687807882,28
mp-541662,-2.86969627635468,28
mp-1205629,-2.89650030189655,10
mp-1193066,-1.547254847352217,28
mp-1193282,-1.108833388423644,28
mp-1194302,-1.066748727285254,28
mp-541678,-0.45256318107758603,48
mp-1113117,-3.026964315646551,10
mp-1178422,-1.78690693485222,14
mp-1201960,-0.39244830470853803,48
mp-542448,-1.284426346741071,28
mp-1226537,-2.067293000665025,42
mp-510341,-0.26901937737068904,16
mp-582708,-1.025787790068427,40
mp-1193194,-1.18615426942811,28
mp-1193606,-0.9939067998522161,28
mp-1226414,-2.357546413345306,36
mp-1226195,-1.663803232850215,28
mp-1196740,-1.083028295634795,44
mp-1203208,-0.9878017191020111,32
mp-1192709,-2.247176577783249,28
mp-1227054,-2.060495445095021,44
mp-768211,-2.207143953423646,28
mp-1206444,-1.451217752793101,10
mp-1213723,-1.487624494885058,36
mp-2212807,-1.27525208597222,36
mp-27172,-1.775917081249998,28
mp-1112970,-2.930455700999999,10
mp-28381,-1.616370270804597,28
mp-1198384,-0.49142262245039503,48
mp-1213905,-2.246180659146548,40
mp-1188821,-1.7953177013965511,20
mp-1213704,-0.24720913528735602,16
mp-643895,-0.287513181135058,18
mp-648179,-2.313976777029178,26
mp-504451,-2.031326017998083,18
mp-643706,-0.16558486757184002,18
mp-569118,-1.421442310766285,18
mp-562523,-2.430609173140396,28
mp-541742,-1.656949164107142,28
mp-17707,-0.37096819451696705,36
mp-607931,-2.323294394667487,28
mp-630851,-0.2357686331681,16
mp-683903,-1.056888840720398,34
mp-1192748,-1.196536071354682,28
mp-17450,-2.5363833700000002,22
mp-23636,-2.601377421771553,20
mp-1201856,-1.864970521081692,42
mp-510262,-0.9187472859913781,8
mp-541113,-0.532562034083332,40
mp-559808,-2.465980221076048,32
mp-583193,-1.08021588365327,32
mp-1183951,-0.26411946799568503,16
mp-1213701,-2.468270962777776,18
mp-1213891,-2.505005014063215,40
mp-1118943,-0.41039606189655303,40
mp-669364,-1.236948106533252,28
mp-1227999,-1.355104250715891,46
mp-1213725,-2.132626270996169,36
mp-2751042,-1.9305446584722221,36
mp-541646,-1.606218473140392,28
mp-10378,-0.500301612499999,4
mp-579560,-1.542848295997538,14
mp-27629,-1.814263952068962,14
mp-23029,-1.149382419568967,28
mp-1226687,-0.6836086259742661,34
mp-562072,-1.767709815566502,28
mp-1201472,-1.891426119245689,32
mp-1193894,-1.150135861562497,28
mp-1204783,-1.092780222968748,32
mp-1192816,-1.144839279241068,28
mp-17811,-1.070998582031251,32
mp-1213834,-2.16895047028325,28
mp-637194,-2.377844639107142,28
mp-1203917,-2.336381622249999,40
mp-1214751,-3.515275244,20
mp-768976,-2.26553958913793,28
mp-13748,-3.294849489545454,22
mp-1226868,-2.107441694488634,44
mp-1226825,-1.697396514772725,44
mp-1191952,-0.982600513751219,24
mp-1193021,-1.04323173628079,28
mp-17054,-1.549274933287355,32
mp-669304,-2.24947857230706,28
mp-1226739,-1.6875834447727232,44
mp-696965,-3.508558099000001,10
mp-569484,-2.075082679345237,28
mp-1112963,-3.258918559229883,10
mp-12244,-3.423382921118078,22
mp-1192769,-1.687373365759442,28
mp-1113152,-2.595313336000001,10
mp-756122,-1.352165934614122,28
mp-1201357,-1.647634144375,32
mp-669308,-1.7337876520689641,28
mp-756459,-2.231061925566504,28
mp-1201643,-3.135529211475521,32
mp-1205746,-3.203069021896552,10
mp-541084,-1.908414736249998,28
mp-1226167,-2.995534360640394,28
mp-1206041,-3.104529692,10
mp-644672,-1.652601338134797,22
mp-1200171,-1.444629510495686,32
mp-1120763,-1.241305998281248,8
mp-568937,-2.244489987426106,28
mp-1192829,-2.47087584875,28
mp-1226222,-2.124948892443182,44
mp-1113151,-3.5111850959999993,10
mp-770815,-2.182955728423644,28
mp-570262,-1.9658915391666651,18
mp-1200647,-1.47247341238506,36
mp-540822,-1.462734052426111,28
mp-1200467,-0.9850465376645751,44
mp-1104686,-0.7809329449375011,15
mp-23583,-1.807338171312261,36
mp-561567,-2.631705891931035,20
mp-1196471,-2.642416019624743,34
mp-2646918,-1.730715897822142,38
mp-505031,-2.408485024705883,17
mp-561495,-2.377665138830027,14
mp-1226269,-2.115080500931035,40
mp-1191216,-1.617868950329153,22
mp-616023,-2.776807024036505,34
mp-1205381,-1.370976541077587,32
mp-1201003,-1.498143178735633,36
mp-574485,-1.242127720028409,22
mp-1195705,-0.973604115104386,42
mp-779716,-1.856568144568966,36
mp-1200610,-0.9317447780564261,44
mp-1200567,-1.35411212387777,42
mp-771139,-2.333387039291186,36
mp-1190726,-1.236686941732952,22
mp-1225983,-1.8347721408492972,18
mp-561672,-1.445429877624522,9
mp-628617,-2.269421870477687,34
mp-561000,-2.950166326960201,20
mp-15079,-3.081775397710201,20
mp-5476,-3.425652509411764,34
mp-697948,-0.32329149271298,34
mp-1192853,-0.990199846436781,30
mp-2646913,-1.82619681376588,38
mp-1228955,-3.312048162693965,20
mp-555696,-3.096816118205963,37
mp-17733,-2.616040625882352,34
mp-866688,-0.990326858777093,30
mp-569193,-0.8277255431676581,30
mp-23436,-1.874402509874607,22
mp-1190733,-2.096315506692791,22
mp-1238804,-1.5288608739655132,22
mp-542099,-1.5020255598467411,36
mp-1192677,-1.535845167650862,24
mp-1213695,-1.417694804893899,26
mp-652494,-1.048543179613942,46
mp-650137,-0.929616752134326,46
mp-553374,-1.801426312147338,11
mp-771255,-2.203128711235632,36
mp-510696,-0.42445675923076603,13
mp-505014,-0.896056102714413,26
mp-17213,-1.744003894568965,36
mp-1181839,-1.21001066027732,17
mp-579058,-0.972455731589674,46
mp-542011,-1.352461642077174,42
mp-650007,-1.7374094801085591,36
mp-572715,-2.905078846600984,42
mp-562961,-2.764941159954023,30
mp-1192638,-3.256705192629297,28
mp-573096,-2.4533525801905602,38
mp-17951,-2.792056100294117,34
mp-1019612,-1.4158313279525871,32
mp-680246,-1.459683590648603,42
mp-768674,-1.231093151517855,42
mp-28543,-2.273180096235632,36
mp-1199840,-0.8828778944305581,44
mp-556893,-2.835184835531035,50
mp-1201412,-1.4499855250775862,40
mp-1193337,-1.222269944895833,30
mp-616141,-0.367388875363985,36
mp-542239,-0.21440217940734202,24
mp-1203906,-0.666833317982759,40
mp-556239,-1.669026671163793,20
mp-621112,-1.881543902413791,20
mp-554842,-2.501421636385697,36
mp-616140,-0.37897703008620803,36
mp-1188281,-1.189229695624998,16
mp-682548,-1.484021575750834,31
mp-966740,-0.175121758333337,18
mp-1105330,-2.016790291663793,20
mp-1178399,-1.8235070316300952,22
mp-773199,-1.46827028886207,30
mp-1193081,-1.857782984195404,30
mp-505147,-1.402424795225465,26
mp-9697,-0.578140799999999,20
mp-1178450,-1.950897666195401,30
mp-22506,-0.347898671709772,20
mp-17120,-0.46527983390578803,28
mp-541811,-0.46619755622721704,28
mp-1213698,-0.208561835652171,23
mp-18315,-2.382873220862069,30
mp-770128,-2.488192721973179,30
mp-1195078,-2.797650562510023,43
mp-619101,-0.19469918541762501,45
mp-1195066,-1.047283233294008,38
mp-510075,-0.7007308605418691,14
mp-631378,-0.431898444692886,32
mp-1200207,-0.212845511842105,38
mp-1202213,-0.36658346998706903,40
mp-1196865,-1.5438277979749802,34
mp-1226101,-2.4960599841939652,40
mp-542069,-2.932882073522466,33
mp-561017,-0.306712160524008,17
mp-1197180,-2.300200675057473,39
mp-866492,-1.354965065492612,28
mp-558217,-1.060001363132184,20
mp-866615,-0.6509650747126421,28
mp-1193928,-0.6870099889983571,28
mp-561902,-0.49726753177083305,12
mp-16234,-0.58239625405711,12
mp-1213692,-0.48878861499999904,12
mp-10480,-0.47073491083552704,36
mp-9206,-0.36323274444444503,36
mp-1198931,-0.314710139895832,48
mp-1399321,-1.237065829264368,5
mp-567558,-1.397385576249998,8
mp-28610,-1.261134702499998,10
mp-561920,-2.063023354,10
mp-8666,-0.9897648946072791,12
mp-1096933,-1.005998602830459,8
mp-865980,-0.7488115259159911,24
mp-18105,-0.712835215532804,24
mp-634446,-0.588670965714285,28
mp-505784,-2.3849798274712652,12
mp-29103,-1.813217334942527,24
mp-27260,-2.006979204583333,24
mp-510370,-3.042744035239463,36
mp-554899,-3.6381687611111113,18
mp-1191186,-2.462488051637931,24
mp-1225930,-3.207855726111111,18
mp-14069,-2.846654709913793,8
mp-1192933,-3.186565120307881,28
mp-1189272,-0.8045202115000021,20
mp-1213699,-3.32442471190613,36
mp-1185571,-1.715089245581897,16
mp-645172,-0.7028021477810671,48
mp-554229,-1.767822698096265,24
mp-30927,-2.5679592741475092,18
mp-5707,-2.718765889525862,12
mp-9820,-2.7662161571443953,8
mp-776093,-1.888655890931032,20
mp-562403,-2.587420986022167,28
mp-581864,-0.861460288585669,32
mp-2667,-0.360558844999999,2
mp-1200560,-0.9177759949808431,36
mp-555376,-1.689157804346264,48
mp-554737,-1.6005589525000001,20
mp-9384,-0.5690842609375011,6
mp-9386,-0.540020384687499,6
mp-569548,-1.218823183931034,10
mp-23484,-1.194202064500001,10
mp-1095499,-1.077038575,12
mp-572767,-1.9246664358333332,12
mp-28453,-0.94590951493103,10
mp-9986,-1.061347121551727,12
mp-997024,-1.135024628663794,8
mp-1077383,-0.9060417276041661,6
mp-574599,-0.8916692380208341,6
mp-567913,-0.580733772437503,10
mp-3977,-2.809898508850575,36
mp-1004528,-3.139649260420892,17
mp-4057,-3.211410478749999,24
mp-1225884,-0.45635162624999903,6
mp-561725,-2.602319912205459,24
mp-1228848,-1.093259212205459,8
mp-573358,-0.8540020896706191,20
mp-541722,-2.465913014956898,32
mp-865412,-3.527435293415948,16
mp-505814,-3.130751393103448,16
mp-1194731,-1.835999781072796,36
mp-1096925,-1.922469316431036,20
mp-1019708,-2.939747212689518,48
mp-1192526,-1.490361739899717,28
mp-1192754,-1.679364381022167,28
mp-553342,-3.165793868202426,9
mp-27192,-3.470375476831902,32
mp-9113,-2.292041238522166,28
mp-12262,-3.404085375431035,20
mp-24341,-0.20423279668103503,10
mp-15395,-2.868731574542575,28
mp-1205121,-0.510760389375001,32
mp-1213697,-2.023952513721266,24
mp-23163,-0.389739101666672,6
mp-29531,-0.6585908918402791,36
mp-567928,-0.6760861061458361,36
mp-27422,-2.356596623125002,8
mp-29506,-1.674317142413794,8
mp-541378,-0.8667762614062541,16
mp-22906,-2.051713427327584,2
mp-1198032,-1.69519298421551,40
mp-27641,-1.378872292413793,16
mp-1103152,-1.9637041007758622,12
mp-541226,-1.8704270980818962,8
mp-28873,-1.058973331931034,5
mp-1029718,-0.26634745688697403,18
mp-28861,-0.040660426628352,27
mp-1225916,-1.2376043086637951,8
mp-555131,-1.896073517413794,32
mp-14734,-2.328574122025864,24
mp-614311,-0.665828705538793,16
mp-30056,-2.304029258931034,5
mp-862701,-2.780938087331692,21
mp-1206863,-2.5344200994999992,10
mp-7104,-3.715830655999998,5
mp-998428,-1.8410043884310312,20
mp-1713,-0.07843240321428101,28
mp-1079080,-0.228042670269397,8
mp-1191636,-2.201031716470306,24
mp-541899,-1.585478883931036,10
mp-619015,-1.703871709499998,30
mp-8399,-2.695887164000001,5
mp-1195350,-0.8478992314703061,48
mp-1213689,-2.904090450457032,36
mp-574426,-1.567426544447736,12
mp-510569,-1.657662942859194,12
mp-574472,-1.449192159864404,12
mp-7015,-2.109942643906247,4
mp-1194418,-1.672603798392856,28
mp-573969,-1.509963012718595,28
mp-22865,-2.171597246249998,2
mp-30206,-1.104034977859196,24
mp-504708,-1.5149197285,10
mp-1225979,-2.280394028295019,18
mp-1029491,-0.07402871738505801,12
mp-1228915,-2.4228049332950192,18
mp-1189724,-1.433014544913794,16
mp-1213696,-2.363301693828284,28
mp-1213686,-2.163446979554597,24
mp-1213684,-2.098931997887931,24
mp-573422,-1.942454589554585,48
mp-540569,-1.086487999261083,14
mp-505149,-0.9177457013147001,14
mp-866025,-0.568581783070606,14
mp-1195248,-1.96401745428684,44
mp-29616,-1.721930033499998,10
mp-1225975,-2.870498638295019,18
mp-1228892,-2.681499691628353,18
mp-27149,-3.094748532720306,18
mp-1225950,-2.956924186072797,18
mp-1229022,-2.8659248094061303,18
mp-1225991,-2.108343284109196,12
mp-562965,-2.668233519676444,44
mp-1103473,-0.8910345937673511,11
mp-23017,-1.063013854942529,12
mp-572903,-2.143373806562499,32
mp-14581,-2.124188423333333,18
mp-579536,-1.139822898275862,12
mp-553303,-0.9694350532758621,6
mp-7786,-0.6124818376041661,6
mp-27336,-1.249501644431033,20
mp-23032,-1.332224125499999,30
mp-541037,-1.185304593218391,6
mp-553310,-1.348183712413794,8
mp-1198842,-0.8912720592580041,48
mp-1201069,-0.7480920456382131,48
mp-1228942,-2.157748554961685,18
mp-18003,-0.531011361458332,24
mp-17095,-0.5096873618750001,24
mp-572231,-2.546839806776821,24
mp-1213681,-2.645444619276818,24
mp-1190421,-1.065302365120165,22
mp-1213680,-2.5340730967500003,40
mp-18672,-1.321803900427931,22
mp-11122,-1.580071454725513,12
mp-12487,-1.2834591277203051,12
mp-754138,-2.960836056580458,8
mp-984555,-2.121056255156247,8
mp-1193064,-1.721881121617405,28
mp-1102146,-1.644909310558847,12
mp-510462,-1.304693866053643,12
mp-1213682,-2.577325750804598,12
mp-1190252,-1.0472599520898611,22
mp-1213445,-2.518702832916665,40
mp-17410,-2.128006259201388,36
mp-23118,-1.477186284732758,20
mp-12488,-1.272890386609196,12
mp-1198204,-3.158335579221898,44
mp-561751,-2.108745502239578,4
mp-16972,-1.715207351022167,28
mp-7155,-1.64617481528107,12
mp-569107,-1.296922583275861,12
mp-1190817,-1.390502477859199,24
mp-638685,-2.291877774931035,20
mp-1213256,-2.5000581545000022,20
mp-1192887,-1.4786639798214272,28
mp-1784,-2.833271874999999,2
mp-1104989,-2.024767683304598,12
mp-560628,-1.999110723929597,48
mp-1213156,-1.430309583695223,12
mp-1197505,-2.771279930517241,36
mp-19476,-2.51631894511956,48
mp-542475,-0.9502893320258561,12
mp-662563,-0.7575462427810741,12
mp-1213351,-1.366222624525862,24
mp-29400,-1.645267076931034,10
mp-27570,-1.680095264109195,24
mp-1226043,-2.679922508850574,18
mp-1228920,-2.501172787183908,18
mp-554225,-2.821379681609196,24
mp-744268,-1.490824513832288,44
mp-568620,-0.9393675736925281,24
mp-1225937,-2.677132267739463,18
mp-1080749,-1.731291164913793,8
mp-1192997,-1.60041453397192,25
mp-20113,-2.525021530812807,44
mp-505632,-1.024252454913791,8
mp-644325,-2.50584825387931,28
mp-1213179,-2.040740989346263,12
mp-1200987,-1.6972206941842671,40
mp-1191527,-0.316817234942528,24
mp-555006,-2.613922915536227,48
mp-574338,-0.215087933333334,12
mp-573145,-1.032267986284722,36
mp-1225982,-0.7992837652400101,22
mp-30574,-0.154486704374999,16
mp-1192476,-0.260805081810345,30
mp-1213239,-2.508966887369093,36
mp-672251,-1.611976532442529,24
mp-608516,-1.938585905775863,24
mp-1225926,-2.6384551924616853,18
mp-1191351,-0.311428949109195,24
mp-1225948,-2.82301691468391,18
mp-1200666,-2.52582192045836,32
mp-5038,-1.23019863640625,8
mp-562726,-0.9870333631875011,20
mp-510283,-0.9375506284375,20
mp-17688,-0.8982057531250011,32
mp-541789,-2.535793588965517,40
mp-1213392,-2.529492260387931,24
mp-1213254,-2.631129690804597,24
mp-1191228,-1.349750939670357,22
mp-1190455,-1.050671112272725,22
mp-1213349,-2.508595772500001,40
mp-1190996,-1.336279976033993,22
mp-1104011,-1.304881873275861,12
mp-22291,-1.4721916531977381,12
mp-755651,-2.911224106163794,8
mp-9084,-2.082173956406247,4
mp-630711,-1.730662868522166,28
mp-1104966,-1.116812280833334,12
mp-1104469,-1.320689205775859,12
mp-553970,-0.9331617317364521,28
mp-1068340,-1.446721973931033,5
mp-22988,-1.710205844931034,5
mp-28377,-1.069608593931036,5
mp-1057286,-0.24759755437499803,2
mp-1213652,-0.354671283295019,36
mp-1196282,-2.297916437650858,48
mp-1228884,-1.402650158174389,24
mp-626417,-1.441926417234195,6
mp-1198227,-0.39676863828125003,32
mp-28204,-1.376566679867097,48
mp-1238754,-1.868622745150863,24
mp-24668,-2.478793071476294,8
mp-699173,-2.221551738090517,20
mp-625136,-1.487681961968391,6
mp-1183955,-0.9236766630208321,12
mp-643586,-2.011612035908764,24
mp-1190463,-1.865770863264106,22
mp-1192419,-1.9596238565578812,28
mp-24141,-1.510668858321274,28
mp-1190089,-1.9277611662212641,24
mp-1080797,-0.20687015982758702,8
mp-574379,-0.24879828655173203,6
mp-619510,-1.157373246206897,16
mp-1542042,-1.1762758695385411,17
mp-29845,-1.553024571764372,45
mp-561947,-2.246846599431038,5
mp-1213347,-2.552484682054598,24
mp-1213191,-2.644048072054596,24
mp-1190472,-1.053497077089862,22
mp-1213367,-2.691054567215525,40
mp-672258,-1.3192155933067191,22
mp-18505,-1.6739314894444481,36
mp-12490,-1.27673329910919,12
mp-1213649,-1.561853175769575,12
mp-754154,-2.970132069913791,8
mp-1078726,-2.117354090156251,8
mp-1193331,-1.715519464950737,28
mp-505712,-1.6453272311143992,12
mp-579556,-1.2997268416091932,12
mp-614603,-1.729146057327588,2
mp-22876,-1.113519470538793,16
mp-571011,-0.9757700474310381,20
mp-22990,-1.414317306163793,4
mp-28295,-1.372726376931034,10
mp-23489,-1.167899420359194,24
mp-560851,-2.1671620345936002,28
mp-542339,-0.280249818333331,12
mp-559213,-1.919465404683909,36
mp-1112338,-1.546272448264368,10
mp-1226046,-2.477068066821443,27
mp-1225976,-2.566403055702426,18
mp-1194853,-0.9308338393869731,48
mp-607987,-1.158595765636974,24
mp-1200734,-2.60621246323705,44
mp-559459,-1.178435854531249,32
mp-1200720,-1.153762355156246,32
mp-1199743,-0.931109072187499,32
mp-1192413,-1.712733606640141,26
mp-554015,-1.094433597242098,12
mp-557807,-1.254032160692528,24
mp-863759,-0.5110704906250021,4
mp-571371,-1.9879917381655172,40
mp-551244,-1.229804064025859,24
mp-1190639,-2.463171433309063,50
mp-573324,-2.9856876227457763,14
mp-1213137,-2.716559512082512,28
mp-1195628,-2.596746646860787,50
mp-8959,-2.523919631572797,18
mp-581024,-0.556562996875001,4
mp-8564,-2.943092079888634,14
mp-641018,-1.08457020151266,32
mp-17718,-2.617462862212883,36
mp-559234,-2.939190691568145,36
mp-560260,-2.581556988929597,48
mp-1213173,-2.65771794038793,24
mp-1213600,-2.394039300965521,40
mp-505815,-1.819113964253771,16
mp-12491,-1.366133713275861,12
mp-11124,-1.530181816531069,12
mp-1178449,-2.914428993663793,8
mp-561586,-2.159362920156248,4
mp-510460,-1.366428569109195,12
mp-1019715,-2.841563735999361,36
mp-642740,-0.5114048326652301,24
mp-697181,-1.6948288144524262,18
mp-559238,-1.291387159355499,28
mp-1190687,-2.089566094722221,24
mp-555082,-2.498521899618226,28
mp-18704,-3.3528063647126443,28
mp-1188344,-2.116468611041666,16
mp-561778,-2.0949266768555,28
mp-7594,-3.018766748541665,16
mp-1225894,-1.248635223183907,5
mp-551629,-2.260392497569788,7
mp-6726,-2.301333417212643,28
mp-1178391,-2.321442898998358,7
mp-1225887,-1.3275438255977,5
mp-1213076,-2.58630772802682,12
mp-1213268,-2.495901925583331,40
mp-581696,-1.299182470427932,22
mp-12492,-1.24602762605364,12
mp-554854,-3.170149200964322,44
mp-1087532,-2.050110127830457,8
mp-1225922,-3.734724373850574,18
mp-1193046,-1.585909122686207,25
mp-29750,-1.973241884931035,10
mp-23004,-2.313710576931034,10
mp-1225938,-2.918185277183909,18
mp-1225928,-3.181844500517241,18
mp-1225927,-3.325233388017241,18
mp-721171,-1.510814475854572,46
mp-571020,-0.32104868468103503,30
mp-29751,-1.488573451931037,10
mp-1225951,-3.249697409035759,18
mp-761178,-1.7377526885719212,25
mp-18329,-2.906715185971147,28
mp-560117,-2.575042285619867,36
mp-1029801,-0.36454445966954,24
mp-567499,-1.698181232173644,28
mp-23048,-1.567758125517241,10
mp-23336,-1.9012585557298851,15
mp-1228863,-3.080869609731801,18
mp-558702,-2.987847402850575,30
mp-554411,-2.9438810816810363,24
mp-1228982,-2.889407558065134,18
mp-1204881,-2.28486705226059,50
mp-758775,-2.114343025007184,48
mp-1202031,-1.594443959326024,44
mp-1204512,-0.8493518094971271,48
mp-18994,-1.4896368375143632,24
mp-23871,-2.486231428922798,16
mp-1225934,-3.147013363065135,18
mp-541428,-2.517353575120074,48
mp-581922,-1.404492303377743,44
mp-1213536,-1.305591730227273,44
mp-1205190,-1.7924052128879322,48
mp-554274,-1.640991870795019,36
mp-1080845,-0.5933280780387931,32
mp-1200253,-1.245671316228448,32
mp-1104015,-2.597176071379317,14
mp-18496,-2.592787929676444,44
mp-18527,-2.3814296835331152,36
mp-510557,-0.21685479031249902,8
mp-3288,-1.267775601163792,12
mp-561851,-1.41455442526437,45
mp-8871,-2.224025207368637,14
mp-1194719,-2.436982821239407,50
mp-640321,-0.076788942120688,40
mp-1195634,-2.573190837791133,50
mp-505396,-1.591488129032566,36
mp-18182,-2.395163036069604,36
mp-1194022,-2.947905821126436,30
mp-998609,-2.403227270206896,20
mp-29566,-0.18531732057112102,32
mp-6973,-1.274295310937501,6
mp-8658,-1.313769136354165,6
mp-5339,-1.229981633333333,6
mp-560791,-2.7420402407279703,12
mp-6257,-2.89789627879885,20
mp-505321,-0.702966825165229,32
mp-555286,-2.847851053245074,12
mp-562854,-2.665469837695925,22
mp-573274,-1.49095038601293,48
mp-569853,-1.394795754353447,32
mp-582146,-1.556460165468748,32
mp-1213080,-1.659623680624999,16
mp-11980,-3.284983305000001,8
mp-684827,-2.879954609961684,18
mp-27556,-2.832048803681034,40
mp-1194659,-2.606237143929598,48
mp-1225952,-2.630096228850576,18
mp-1213270,-2.529240501846265,24
mp-1213150,-2.63262563226293,24
mp-1190370,-1.09857847936259,22
mp-862772,-1.727003756128771,16
mp-1103178,-1.305549586192528,12
mp-510065,-1.465701260281071,12
mp-553308,-2.846563108038792,8
mp-1095172,-2.08965787328125,8
mp-11742,-1.6802971043750001,4
mp-12342,-1.314421084525861,12
mp-647818,-2.380659328333334,18
mp-1080570,-1.296095052931037,10
mp-22950,-1.5317842365,10
mp-557772,-2.5652495650000002,10
mp-1102595,-1.3483117812619732,12
mp-862802,-1.436007625150862,12
mp-1213571,-2.69163411815613,36
mp-1201281,-2.501750919340517,40
mp-2037681,-1.010515681551724,6
mp-734596,-1.500787673304599,24
mp-1196677,-1.375367989059562,44
mp-561383,-1.317170135775861,24
mp-1192733,-1.6172852232163342,24
mp-1197651,-2.183059247412253,32
mp-1193041,-2.8891138848830042,24
mp-1201790,-0.246341467291665,32
mp-675011,-2.9845223859970242,8
mp-767240,-1.264138900679803,40
mp-1229133,-2.489789687935433,14
mp-1213226,-2.6739822593596063,20
mp-1192530,-2.4275710377568602,28
mp-562569,-0.9776288366854371,28
mp-1193277,-0.831329519453289,28
mp-504838,-0.833033696282736,10
mp-1225967,-0.43410495279389805,32
mp-1183920,-3.457622890931035,5
mp-567681,-1.634369591431033,20
mp-1539667,-1.88679431093104,10
mp-20282,-2.781618631931033,10
mp-540839,-1.263226744931036,20
mp-5972,-1.851582921249999,16
mp-18698,-2.536249298382184,40
mp-572452,-2.524512056360154,24
mp-17770,-2.920340307771848,36
mp-540686,-2.548828366776819,48
mp-1190295,-1.096251198756529,22
mp-1190682,-1.534854066332288,22
mp-11118,-1.582029620558848,12
mp-12494,-1.3056021760536392,12
mp-7211,-1.461377504308849,12
mp-9037,-2.077811845572913,8
mp-12341,-1.311351489386973,12
mp-573316,-0.7859265695312461,12
mp-680370,-1.08502425160826,44
mp-1197177,-0.11415089606322301,42
mp-1228855,-0.27177732146551503,10
mp-1111457,-2.887734068465517,10
mp-8202,-2.514136872739464,18
mp-572546,-1.7298230552693972,32
mp-1228026,-1.130443673548198,44
mp-541867,-2.514888288607758,40
mp-683890,-1.145631414965517,40
mp-1202357,-1.033578576153017,40
mp-27783,-1.209774888900864,48
mp-9632,-2.553929714062501,8
mp-29842,-2.381502616749999,20
mp-1097067,-0.373878424913794,32
mp-17621,-2.355085149525862,24
mp-557451,-2.662115719961686,36
mp-8015,-2.359593356875001,8
mp-29266,-1.107907756406248,4
mp-1191332,-1.9701985817868342,22
mp-1188913,-0.655204124609374,16
mp-561681,-2.072047674931036,20
mp-622195,-2.260244409109196,24
mp-2761130,-1.9004776761925282,24
mp-573514,-0.595107882500002,16
mp-554822,-2.4691884924117398,12
mp-1195448,-1.972172902054597,48
mp-556583,-2.8067705894655273,20
mp-1197959,-2.223383279524836,48
mp-567583,-1.5385505774568982,16
mp-23576,-2.594534383692528,24
mp-29296,-2.865629507859187,48
mp-9636,-2.922387598706896,8
mp-1192790,-1.625798676332289,22
mp-510273,-1.854186307413794,8
mp-1213195,-2.288091154683907,36
mp-561639,-0.854614326406252,16
mp-28701,-0.44357537148437404,32
mp-505281,-1.9340963007704741,32
mp-2969,-0.8353274714062481,16
mp-1225923,-1.8222093301468711,18
mp-1540169,-2.173342098295019,18
mp-1213159,-2.51303084913793,12
mp-1194629,-2.167684215684267,40
mp-1213157,-2.597089624554597,12
mp-607477,-1.177219663721264,12
mp-1213153,-4.089457220714284,28
mp-1199276,-2.148662701820607,42
mp-1206489,-1.5445554889310351,10
mp-754826,-2.976672738663793,8
mp-1105612,-1.572266986421739,16
mp-2014596,-0.8859848233125001,10
mp-1226125,-2.788542796211685,36
mp-558426,-1.099223499950739,28
mp-570957,-0.580539921999999,20
mp-1213306,-2.5365584933045993,24
mp-1213147,-2.638217751221264,24
mp-1213272,-2.536938557249999,40
mp-16445,-1.726521419878771,16
mp-510062,-1.588359889447737,12
mp-12497,-1.298861527442528,12
mp-556979,-1.5614509135221661,28
mp-1192812,-1.428511603075738,28
mp-7212,-1.463874294031072,12
mp-574651,-1.564242194936243,12
mp-7977,-2.890176996163792,8
mp-9082,-2.053268447413792,4
mp-561635,-1.731508455307881,28
mp-505709,-1.64274053278107,12
mp-12343,-1.314413273275862,12
mp-30164,-1.3908436603125,16
mp-1247749,-1.572084271431037,20
mp-27394,-1.577583273000002,20
mp-1105915,-2.779154719431035,20
mp-614013,-1.181536319931034,5
mp-1193634,-0.9168598063282891,28
mp-561710,-0.8394699596875,10
mp-1542038,-0.9688896639924571,10
mp-1195599,-0.506080236009127,34
mp-7181,-3.353239764478449,16
mp-1213104,-2.347495262931036,20
mp-1213084,-2.540642339499999,20
mp-1080232,-1.890947640931032,10
mp-9309,-3.013451491032184,20
mp-505322,-0.6819976182693961,32
mp-559118,-2.954027064689517,12
mp-1213077,-2.032214450248564,16
mp-684727,-3.010235552443168,18
mp-865606,-1.169752758061062,16
mp-606510,-1.021720585873563,16
mp-34293,-1.138485138708329,8
mp-1225870,-1.4348068958976912,10
mp-685607,-1.175393063904167,20
mp-1228798,-0.842346070397699,10
mp-1194848,-2.708126358290709,48
mp-1225854,-2.763755162998724,18
mp-1213293,-2.545005700943488,24
mp-17128,-2.9250557466607363,36
mp-1213324,-2.646164072193487,24
mp-542164,-1.334549737700659,22
mp-1213261,-2.540729749499999,40
mp-6182,-1.325631329064296,22
mp-11121,-1.5847414563921811,12
mp-12495,-1.290242505220305,12
mp-1213302,-3.144256431646141,44
mp-972199,-2.123014090156246,8
mp-1194142,-1.7252279391174041,28
mp-573710,-1.647430718058847,12
mp-638078,-1.309026672720305,12
mp-1198737,-0.9310131939030171,40
mp-27250,-2.165791816192528,24
mp-8361,-1.0644603675,8
mp-1178386,-0.47848127700000004,20
mp-18193,-0.6012330215229731,28
mp-1541909,-0.710220707107279,6
mp-541628,-2.571475782857143,28
mp-9462,-0.7501604921706181,20
mp-1198898,-3.3441776829768752,36
mp-1198377,-4.316008765588231,34
mp-645687,-1.03751825977285,48
mp-1228812,-0.771644519973474,13
mp-505663,-1.936135250583333,20
mp-1197745,-3.12325255226252,40
mp-561121,-3.00614695635248,28
mp-1105859,-1.4712912017908462,14
mp-867568,-3.383147048929218,38
mp-1225829,-3.219980293998358,14
mp-22962,-1.7109803175976999,10
mp-28283,-1.946154178833333,10
mp-40502,-3.114244638109834,36
mp-570706,-0.951975477484833,18
mp-504701,-3.4819222892480792,24
mp-684782,-3.327212825102171,18
mp-41473,-3.110899164498724,36
mp-676448,-3.205446717554279,18
mp-1213568,-1.198066639128351,36
mp-573702,-1.340932351331418,24
mp-1078203,-2.419469716,10
mp-1541564,-2.379133330416664,24
mp-1205877,-1.156939997662837,6
mp-1213394,-0.8947866188721281,32
mp-1213346,-2.550410857471266,24
mp-1213213,-2.653592392471266,12
mp-1213262,-2.516597611500001,40
mp-581749,-1.310480808761267,22
mp-12496,-1.2634230641091961,12
mp-1213300,-3.163660125130989,44
mp-1078990,-2.112461235156249,8
mp-556414,-2.445299673062367,32
mp-1194326,-1.7085442024507391,28
mp-505713,-1.638796883614405,12
mp-1103187,-1.289688254942528,12
mp-1225971,-3.798331494554597,24
mp-2747986,-3.309384283611112,18
mp-7322,-3.507236939406129,18
mp-13346,-1.388841311470304,12
mp-510662,-1.276257089725512,12
mp-1104020,-1.246796904447735,12
mp-572944,-2.781259971350574,36
mp-13348,-1.46738358952586,12
mp-7151,-1.313237876947734,12
mp-20219,-0.9411913124425261,12
mp-7489,-3.7975436937068903,8
mp-559852,-2.9421077557627253,30
mp-541035,-1.717660483103448,32
mp-541096,-3.235346197183908,36
mp-1225841,-2.781130564406129,18
mp-617298,-1.024602777040228,16
mp-562513,-3.010109101628352,36
mp-561748,-2.212936793304597,24
mp-1200557,-1.490443107471263,48
mp-559316,-2.191323815804598,48
mp-572728,-1.502475164192378,38
mp-504996,-2.70310503449456,48
mp-1196047,-2.250436025179598,48
mp-18545,-1.989104371630149,36
mp-1200471,-2.320343315663998,40
mp-651814,-2.375250615387931,24
mp-1104613,-1.068442948035713,14
mp-23038,-1.582757883931035,10
mp-22977,-1.913989785499998,10
mp-1229021,-2.753815709406131,18
mp-1192215,-3.2399121020833332,24
mp-1228886,-3.014621490517241,18
mp-22991,-1.140282601931036,10
mp-1029293,-0.9516149918749991,8
mp-1228899,-2.936362066072798,18
mp-504651,-2.415557575431035,20
mp-1193015,-2.949024023165025,28
mp-562901,-2.73039115263099,44
mp-12324,-0.9247722964946251,11
mp-1198694,-2.653014843349753,32
mp-1201217,-1.9856416221248652,32
mp-1225864,-1.971509252369094,18
mp-1225824,-3.032418923850575,18
mp-1226055,-1.078692503832287,44
mp-1213572,-1.3631574513322882,44
mp-30974,-1.6369536524568962,16
mp-29513,-1.398194127739465,36
mp-1213231,-2.559740210804598,12
mp-1195090,-2.1959886741842682,40
mp-1213335,-2.6350208708045972,24
mp-669309,-1.444515218777429,33
mp-1213252,-2.530575375250001,40
mp-1199735,-1.311749573915229,48
mp-11116,-1.580625101947736,12
mp-11123,-1.455908979031071,12
mp-1213646,-1.565006222436242,12
mp-541044,-2.934489389913794,8
mp-541412,-3.137389639221898,44
mp-555160,-2.423671558374865,32
mp-574620,-1.644911321947737,12
mp-1103744,-1.308942534942528,12
mp-568594,-1.9210589670312501,16
mp-542948,-1.459193207031248,12
mp-1213115,-1.693548189445043,12
mp-9090,-2.106947302656252,4
mp-12325,-1.986807589531249,8
mp-699213,-2.372955266442205,28
mp-1084778,-0.299692310269398,8
mp-1101093,-0.397369399241069,8
mp-560244,-2.6588697244698123,26
mp-1225874,-2.51893058329502,18
mp-1225833,-2.776032882739463,18
mp-560091,-3.180056237421318,36
mp-571410,-1.292994896764629,44
mp-582176,-1.275848170438872,44
mp-1213469,-2.061192272617555,44
mp-570192,-1.212039032844827,44
mp-7152,-1.355285959447736,12
mp-1189615,-1.112865300373561,16
mp-30,0.0,1
mp-4870,-2.292747814523806,42
mp-505042,-1.451445688214286,28
mp-556582,-0.829651572777775,18
mp-15065,-0.47733921589285605,14
mp-640926,-0.8002404886111111,36
mp-17224,-2.232536408253967,36
mp-28888,-0.429427245892859,14
mp-15613,-0.5615106980357121,14
mp-15614,-0.48147113589285606,14
mp-1188790,-1.644236641666665,18
mp-647164,-0.29932473332974,29
mp-684621,-0.337228590892857,28
mp-14266,-0.076879631052632,38
mp-768451,-1.462423984264705,34
mp-1225986,-0.90350944621142,27
mp-1198036,-1.22535767375,32
mp-1225826,-0.20821075083333002,9
mp-15252,-0.573292520416664,12
mp-4728,-0.48109025867187305,6
mp-2932665,-1.58618360159091,22
mp-10952,-0.5334485421875,8
mp-12855,-0.478189799609376,8
mp-23353,-0.44475811892857203,7
mp-1225946,-1.343353608749999,16
mp-361,-0.6445054383333331,6
mp-760432,-0.851877498249999,10
mp-3638,-2.028611891298699,22
mp-28034,-0.13935082398148102,36
mp-17281,-1.74161026494898,28
mp-504476,-1.858791852142857,32
mp-1203235,-1.685316941830358,32
mp-29396,-0.9810454259999981,10
mp-862256,-0.11528439250000101,4
mp-1106310,-0.633011808437499,16
mp-1212937,-0.5126903133593751,16
mp-1080131,-0.321316687395833,8
mp-15896,-0.5171899661718741,12
mp-1025467,-0.5388364934374991,8
mp-16566,-0.507165615859376,8
mp-1225832,-0.41034496473958304,6
mp-1025340,-0.40072272517857405,7
mp-554614,-1.312015413846154,26
mp-1192764,-1.315455871153845,26
mp-4093,-1.866838594560439,13
mp-675626,-0.19322776734375102,8
mp-2258,-0.036564252500000005,4
mp-1105186,-0.249354231911765,17
mp-628637,-1.1927057003125001,30
mp-505104,-1.212203975645833,30
mp-669425,-1.152189665645833,30
mp-643793,-1.5301407106818181,22
mp-557210,-1.141104620138889,36
mp-3934,-0.36257831302827204,16
mp-5756,-0.202158093028272,16
mp-672265,-0.099534913571428,28
mp-12086,-0.16037678500000002,4
mp-1232290,-2.04949965375,16
mp-5702,-0.30063369765625003,8
mp-20683,-0.189889615625,10
mp-14455,-1.270682493458333,40
mp-1225836,-0.968228658085937,16
mp-753552,-0.9055933625000001,20
mp-28995,-0.17165926029304002,26
mp-34126,-0.16827058131746,15
mp-554163,-1.035076477628676,34
mp-1201155,-1.077347323885869,46
mp-1225822,-0.9693743918229171,30
mp-510418,-0.532797462120535,28
mp-1103757,-0.347502579531249,14
mp-1103821,-0.183553526428572,14
mp-557225,-0.641373546874999,32
mp-1190563,-0.45180130590000006,25
mp-559633,-1.037421847333332,15
mp-624299,-0.23135375534090802,44
mp-740764,-1.66396147260204,35
mp-1225890,-0.454929984791666,24
mp-1202008,-0.7462643693859651,38
mp-1213222,-2.092089029047619,38
mp-1213198,-1.839324817718253,24
mp-2763763,-1.5645383039999992,20
mp-996975,-0.724300867916666,4
mp-31237,-2.091704110833332,18
mp-557871,-1.502168412499999,14
mp-628643,-0.554877909166665,24
mp-1078511,-0.5738295574999981,10
mp-5305,-0.23201982510416502,12
mp-1102382,-0.17330694468750102,12
mp-522,-0.048137494999999,4
mp-28376,-1.54750783642857,7
mp-996978,-0.6980129299999991,4
mp-30151,-0.393256703229165,12
mp-28896,-0.211953697499997,12
mp-12954,-0.592209918541666,8
mp-556303,-1.362707374177632,38
mp-865018,-0.45730350640625206,24
mp-22982,-0.347393063281248,16
mp-23116,-0.950861200585937,8
mp-22913,-0.517612222499999,2
mp-2360071,-0.672241919999999,3
mp-30999,-0.670025861666665,3
mp-1229,-1.8150299499999991,6
mp-867917,-0.39096948999999903,4
mp-24522,-1.449014392777778,18
mp-23955,-1.116800665538194,18
mp-24242,-1.417759754062499,16
mp-1194904,-1.07447900371875,40
mp-570081,-0.34341796833333205,4
mp-33218,-0.16940907000000002,5
mp-1192231,-0.8176255991666661,24
mp-19859,-2.35789001625,8
mp-1017556,-0.027755303750001,5
mp-1191203,-0.5527390520833321,24
mp-1692,-0.9427949424999991,4
mp-606644,-0.063789065887445,44
mp-927,-0.156310461150794,12
mp-21533,-2.2432138512987,44
mp-1197804,-0.4460697606746,36
mp-554724,-0.389578175119045,36
mp-1196912,-0.412182346733631,36
mp-571015,-0.37080123479464305,40
mp-721471,-1.735830520803572,48
mp-1201654,-1.877832547746598,42
mp-504265,-1.887335596607143,24
mp-1105187,-0.30124887878273904,20
mp-1213055,-1.962069736249999,8
mp-1018029,-0.12335180499999801,2
mp-1213075,-1.58602037125,16
mp-997012,-0.884183718749999,8
mp-644311,-0.18247179999999802,2
mp-12608,-0.105695779999997,8
mp-28488,-1.613711773125,16
mp-1192782,-1.5772633076086962,23
mp-1181782,-1.769135923125,48
mp-14116,-0.9612006149999991,4
mp-555599,-0.277785418072916,12
mp-20525,-1.509107240416665,24
mp-554497,-1.746806239259259,27
mp-606617,-2.002230323809523,42
mp-1190199,-1.752400725,25
mp-867753,-0.29537934250000203,4
mp-4468,-0.30456723890624904,16
mp-571486,-0.18522606703124903,12
mp-2000,-0.13386065937500002,6
mp-29567,-0.584083218046874,16
mp-31038,-0.336460636406249,16
mp-3199,-1.133686287460938,16
mp-28741,-0.5358364734062491,20
mp-554040,-1.009855195807296,24
mp-978532,-0.567489621249997,4
mp-4701,-2.3417658062499997,8
mp-30595,-0.348417891249998,4
mp-20826,-0.0842046275,4
mp-31036,-0.547720050208331,16
mp-30971,-0.331452256250003,16
mp-31037,-0.42627028770833103,16
mp-1203135,-1.414946227803029,44
mp-1184180,-0.068178869999999,12
mp-568778,-0.6121735780555541,24
mp-2224869,-1.237338142777777,6
mp-88,0.0,2
mp-984726,-0.309682904743588,13
mp-5091,-0.42996655782052,13
mp-1213056,-0.35492902089743505,26
mp-1104803,-0.45273018785714203,14
mp-1225665,-0.35122623397435804,13
mp-1225629,-0.38618336858974,13
mp-1206601,-0.48459748100000005,5
mp-7121,-0.414561772999999,5
mp-2958,-0.5456053069999991,10
mp-1095029,-0.740354793999996,10
mp-1202990,-0.49622015537036807,36
mp-768166,-0.9861600069791701,32
mp-1106057,-0.332393145087718,19
mp-5135,-0.552899279999998,5
mp-1189595,-0.49242435481481406,18
mp-19771,-0.600370298333334,5
mp-5976,-0.7897868223333311,5
mp-22066,-0.552149536999999,5
mp-9420,-2.08190569238095,14
mp-1225724,-1.008076848348214,14
mp-2917,-0.633819243000002,5
mp-568725,-0.436771019999997,5
mp-21426,-0.454469360333326,5
mp-1193865,-0.276850393589742,26
mp-4939,-0.6467177283333311,5
mp-1104284,-0.31952327128205005,13
mp-22180,-0.794612894333327,5
mp-1079316,-0.9453235989999991,10
mp-4337,-0.8784841763333311,5
mp-21082,-0.647457948333334,5
mp-1205433,-0.8358744505555551,18
mp-1104103,-0.34159764026083,13
mp-21000,-0.48181304150574206,5
mp-20668,-0.31942986148099,13
mp-4985,-0.675646738793102,5
mp-1103518,-1.0457019865,15
mp-11340,-0.624940569523809,14
mp-1202380,-0.392166862719298,38
mp-866032,-0.8288870137074811,14
mp-1079900,-0.557432495999998,10
mp-21415,-0.688793380333333,5
mp-5227,-1.012031162190474,5
mp-568782,-0.720205341904757,11
mp-569089,-1.034877172190476,5
mp-1206850,-0.351895480999995,5
mp-2954,-0.5494636823333321,5
mp-4065,-1.09055244833333,5
mp-4692,-0.826581188333333,5
mp-542389,-0.44062985743589606,26
mp-12088,-0.8148608609999991,5
mp-3301,-0.914674314333331,5
mp-1080061,-1.083630040333331,10
mp-2893,-1.118070554333331,5
mp-4177,-0.885264362333333,5
mp-580113,-0.19572832572463802,46
mp-1213039,-0.73187743627551,14
mp-569825,-0.7190935442592601,27
mp-1205037,-0.732932806904765,42
mp-1213205,-0.33583001715867605,41
mp-30624,-0.7284756456349081,42
mp-543017,-0.348277235457972,32
mp-1213247,-0.504259027812498,32
mp-1213103,-0.26307671999999405,18
mp-1105331,-0.263441918611107,18
mp-573622,-0.16023249263157402,38
mp-1213460,-0.36877858736842,19
mp-1213073,-0.864415525595234,28
mp-1213083,-0.8296075655952371,28
mp-1225361,-0.6343760381372681,17
mp-1193482,-0.480631320059523,28
mp-1213136,-0.670477706130951,28
mp-1213121,-0.708064757202379,28
mp-22627,-0.538509323988094,28
mp-1226188,-0.564348018124998,36
mp-1213120,-2.6565206872549023,34
mp-865161,-0.352306718749997,4
mp-1102728,-0.344273992500002,12
mp-3513,-0.583507309999999,7
mp-11631,-0.386588383333332,13
mp-11630,-0.5163146964102551,13
mp-13431,-0.37967793666666205,5
mp-1225463,-0.685807188849201,21
mp-1103411,-0.6251573719444391,12
mp-568541,-0.6631024200000011,7
mp-1198294,-0.6513084900925901,36
mp-1198707,-0.669916522592591,36
mp-20778,-3.2864306352777772,24
mp-1213057,-3.58398220486111,24
mp-1069561,-2.968465674666666,5
mp-12574,-0.44103585666666806,3
mp-13038,-2.488949032619046,7
mp-1225760,-1.3478937680555552,48
mp-1225362,-3.259751936666667,16
mp-1206555,-0.28593155666666603,10
mp-1079838,-0.7071949736666641,10
mp-864973,-0.38843705499999803,4
mp-12977,-0.795898240666658,10
mp-16267,-1.941305193333331,14
mp-570959,-1.7692832596726191,14
mp-1191588,-0.7867514521825391,21
mp-1106070,-0.074714449122806,19
mp-1206614,-0.6603791426666621,10
mp-865105,-0.575963474833331,20
mp-15898,-0.7299984633333321,20
mp-1101087,-0.737096252666664,10
mp-1225553,-0.664164502857143,7
mp-1190177,-2.338642240079363,21
mp-1025323,-0.300500644047614,7
mp-1225509,-3.048827102575755,22
mp-865220,-0.333347355833331,4
mp-1190791,-0.7052289112301571,21
mp-11705,-0.667379262619046,7
mp-669393,-0.656940439333339,40
mp-1104250,-0.285790995476189,14
mp-1225366,-0.17788598888888602,6
mp-1225325,-0.6843461983333321,6
mp-1206476,-0.39696348616666405,5
mp-1206933,-0.570409780166665,5
mp-772793,-3.059176502575755,44
mp-1205905,-0.793889831666665,10
mp-866028,-0.780728874333333,20
mp-1105812,-0.6356643508333331,20
mp-1202284,-0.572451761481479,36
mp-28351,-3.368152111354172,32
mp-21351,-0.481883855000001,6
mp-1184170,-0.387366120416663,4
mp-21866,-0.8102908430000011,10
mp-1068319,-0.524012281999996,5
mp-20870,-0.9471411820000011,10
mp-865221,-0.9080338508333311,4
mp-864999,-0.8725378233333301,4
mp-865006,-0.25568068708333,4
mp-1205987,-0.22502422666666103,10
mp-977559,-0.7650942636666641,10
mp-865007,-0.298421086249998,4
mp-1206447,-0.371593145666663,10
mp-1206818,-0.769929664666663,10
mp-1232083,-1.953513270386902,14
mp-570561,-0.6758494286666631,10
mp-1190617,-0.708375949095511,21
mp-755869,-2.893416257199581,22
mp-505334,-0.624471279344828,40
mp-1025363,-0.47046309428571503,7
mp-1213187,-2.520972093015871,42
mp-17822,-3.187545564259259,36
mp-1204364,-0.7387313020370301,36
mp-1191758,-0.532392629325396,21
mp-864836,-0.7705762288492041,21
mp-1207036,-0.592207414666662,5
mp-865205,-0.395253259814812,18
mp-568709,-0.42381276423610903,48
mp-1213050,-0.508632518076922,26
mp-1225313,-0.8386141604761901,7
mp-2345,-4.005045779666665,40
mp-1213167,-0.525578103499998,20
mp-1225373,-0.9214033507539691,21
mp-769222,-2.5488151693939383,22
mp-31088,-0.8376781776666591,10
mp-1225328,-1.199071651250001,8
mp-865216,-0.6453013658333311,4
mp-1103421,-1.055507948333333,12
mp-1178365,-2.458439323939394,22
mp-1025240,-0.596533876190473,7
mp-1196838,-0.5550635823333301,40
mp-1204645,-0.6239347912037011,36
mp-1188135,-0.413789640666665,20
mp-865222,-0.6174674008333301,4
mp-1270,-2.379733143187499,20
mp-12669,-3.584364030166664,5
mp-13451,-0.771230359047615,28
mp-1178366,-3.035161320666665,5
mp-1213190,-0.884634189166664,36
mp-7368,-2.162599036937499,20
mp-769284,-3.489225997135413,5
mp-1194579,-3.736781991223956,36
mp-1213111,-0.8858670105555541,24
mp-2750991,-0.9657957220833331,24
mp-1191528,-0.9314336605555531,24
mp-1189145,-0.6974428205555571,18
mp-1188825,-0.9708023548333331,20
mp-1225372,-0.206339389340277,48
mp-768317,-3.814613528229166,32
mp-20845,-3.027287646212119,22
mp-1106269,-0.697856100833331,20
mp-505682,-1.028169643055554,36
mp-1188427,-1.6811286880000011,20
mp-555940,-2.195683625083332,40
mp-16037,-3.327902807999997,5
mp-768313,-3.023561665555556,36
mp-1225289,-2.158092713125,5
mp-752425,-3.788647775681884,44
mp-19950,-0.8551573502777751,36
mp-770816,-3.884924218333333,32
mp-866008,-0.33241359958333305,4
mp-866005,-0.32317480666666604,4
mp-1184105,-0.519289754375002,4
mp-770559,-3.311442006203702,36
mp-30964,-0.274633795526314,19
mp-865017,-0.36363235333333205,4
mp-1199023,-2.178785511666667,32
mp-1213200,-0.6860419147368411,38
mp-1195540,-0.662973616578946,38
mp-16807,-0.562937674090908,22
mp-22039,-0.698802348636364,11
mp-20844,-0.505540211363632,11
mp-1191661,-0.551358537272725,22
mp-1213229,-0.9200248153571391,28
mp-1207275,-0.35697508240740705,9
mp-1213204,-0.729265511477831,29
mp-1213199,-0.8314819377586231,29
mp-1191905,-0.655603991363634,22
mp-29676,-0.529014536999997,5
mp-1017557,-1.087709248749999,5
mp-1192283,-0.497598409583331,24
mp-1213062,-0.657461503409088,22
mp-1191614,-0.5829526221969671,22
mp-646392,-0.14247770374999802,16
mp-1212952,-2.027208119499998,40
mp-1189135,-0.794126390999987,20
mp-558740,-1.72139590895833,24
mp-505558,-1.532251464283852,24
mp-557998,-1.810544322708331,24
mp-569557,-1.579378002200519,24
mp-1192098,-0.590634049469697,22
mp-1205197,-0.6440394552499981,40
mp-1189242,-2.001799835687498,20
mp-1189819,-0.7697084374999981,16
mp-655448,-0.871382390714286,14
mp-505577,-0.7794576968749991,16
mp-1212972,-0.602867253124998,16
mp-19881,-0.683934114999999,5
mp-31056,-1.203262676749994,5
mp-1105615,-0.5746463443749971,16
mp-14356,-0.60169600382706,22
mp-7281,-0.358840148999996,10
mp-18399,-0.5060606023611071,24
mp-1213457,-0.7842589399999971,24
mp-1225399,-0.7485136866666641,12
mp-1189887,-0.317320015625,16
mp-19818,-0.5313133199999961,5
mp-12543,-0.761640371999999,10
mp-1104399,-0.9725688092857101,14
mp-1105479,-0.7920070031249931,16
mp-1190970,-0.607456194242423,22
mp-1105501,-0.512206988124996,16
mp-1105841,-0.315162201249994,16
mp-768638,-2.66473039075,40
mp-1212841,-3.426120689545452,22
mp-2211594,-3.30264218147727,22
mp-1095468,-2.305764987890624,12
mp-567391,-2.152805241919643,28
mp-555217,-2.483394327718746,40
mp-1192305,-0.70736797708333,24
mp-19899,-0.620115104999997,5
mp-755652,-3.860788213393936,22
mp-1104161,-0.37327732714285805,14
mp-1212879,-0.761957365405403,37
mp-1212875,-1.010103367837836,37
mp-571376,-0.23053100569444002,24
mp-1212892,-0.512054960694436,24
mp-1212922,-0.28151262069444,24
mp-1212939,-0.43480707986110606,24
mp-1212919,-0.590851875277776,24
mp-570768,-0.47711481236110703,24
mp-1188432,-0.6540823794117641,17
mp-1212792,-0.626282858039214,17
mp-1191222,-0.504617553768114,23
mp-1185142,-0.509113620690475,35
mp-1105803,-0.8729152698039221,17
mp-1181515,-0.939352012156861,17
mp-20748,-0.7748124348484821,11
mp-1213425,-0.5739447922222151,24
mp-571230,-0.541577346388884,24
mp-1205839,-0.14280630907407302,9
mp-1212913,-0.13309087152777202,24
mp-1212923,-0.418638120694442,24
mp-1212902,-0.187413376527776,24
mp-571208,-0.384446385694439,24
mp-1212975,-0.23277002361110402,24
mp-1190673,-0.344089086507936,21
mp-1201962,-1.848569065833332,36
mp-1095296,-1.9737937646590922,11
mp-1194035,-0.549259530777776,30
mp-1105042,-0.523178879487178,13
mp-1197115,-0.774469713859651,38
mp-1202174,-0.8024196280701711,38
mp-1212911,-1.005888288148142,18
mp-607124,-0.512761570909086,22
mp-1191956,-0.805455750909087,22
mp-1213288,-0.963355340909091,22
mp-1105361,-3.34389256464906,19
mp-1225661,-3.354670727017543,38
mp-1212823,-0.753855963,30
mp-1212829,-0.9379489959259251,18
mp-18628,-0.612011350624998,48
mp-31464,-0.8220994278125031,32
mp-1212882,-0.767802663124996,16
mp-1213372,-0.540332208854166,32
mp-510593,-0.7438248904166641,32
mp-1213290,-0.484135626481477,18
mp-1105737,-0.920331306249998,16
mp-1106133,-0.8687554727777761,18
mp-568144,-0.535891259375002,16
mp-1104805,-0.6525377819047571,14
mp-1200226,-0.806859844479165,32
mp-9353,-0.5520702710416631,16
mp-640372,-0.519410749259257,18
mp-1225469,-0.804649931779096,36
mp-8760,-0.8615047053902091,36
mp-569760,-0.528957778541662,16
mp-1199847,-0.521967353425922,36
mp-30622,-0.34900407904761305,14
mp-1103125,-2.379324841223957,12
mp-1189399,-0.9831916554166621,16
mp-2836,-0.776258386874999,16
mp-579518,-0.56813038270833,16
mp-30623,-0.712904919791663,16
mp-1199441,-0.7286000873148111,36
mp-1181553,-0.44194371124999704,16
mp-1198172,-0.8240862546759251,36
mp-1225400,-1.976387801521736,23
mp-1194170,-0.366140972413792,29
mp-1079700,-0.7443508903703681,9
mp-2038487,-0.628308242222222,9
mp-10516,-0.696350380370368,9
mp-1106164,-0.26776604694444,18
mp-1189487,-0.34844890361110403,18
mp-1213291,-0.24783827462962502,18
mp-1225409,-1.887889007083956,23
mp-1207016,-0.5662763138314131,9
mp-1212830,-0.947695599545449,11
mp-1206619,-1.161182355909085,11
mp-1201241,-1.680616238030301,44
mp-1213064,-0.40389552629628706,36
mp-641778,-0.67130951659722,24
mp-1105786,-0.608613185666659,20
mp-1213045,-0.26896847308333305,40
mp-1191058,-0.392371364236108,24
mp-1192724,-0.33254927777777404,24
mp-2167,-0.32308649166666403,2
mp-2618,-0.318310541666664,3
mp-567574,-0.647566033888886,9
mp-867898,-0.329545077083334,4
mp-510687,-0.395864592777774,6
mp-2206902,-1.546395080781247,32
mp-10965,-0.70119505083333,8
mp-1181462,-1.436800769505207,16
mp-21198,-0.586136342777778,6
mp-4024,-1.120247139166664,8
mp-433,-0.48227621624999906,16
mp-803,-0.5868704383333321,6
mp-569385,-0.634236020416664,8
mp-864995,-0.48056081874999806,8
mp-1212853,-0.6560490008333311,18
mp-31180,-0.55090449861111,12
mp-16623,-0.509775461969698,22
mp-1102191,-0.7907927347222211,12
mp-1078857,-0.44905230833332904,9
mp-1076977,-0.7293681633333331,6
mp-3053,-0.603129893888885,9
mp-1225297,-0.5257779636111041,6
mp-1103382,-0.933337895833335,12
mp-1103319,-1.26940722833333,12
mp-1206330,-0.673814138333334,6
mp-2627,-1.8105794087500011,2
mp-5632,-2.8459666998611173,12
mp-1102068,-1.314853599166667,12
mp-1103232,-1.394297350833331,12
mp-1102052,-1.716677258055554,12
mp-2029542,-1.790706014270834,12
mp-1102952,-1.6604665646875012,12
mp-1007918,-0.8778207408333321,4
mp-11241,-0.8639723905555521,3
mp-1080590,-0.716112184166663,8
mp-1103476,-0.265182011923076,13
mp-2057,-0.642656116666666,3
mp-15644,-0.6263480234375011,32
mp-1024993,-0.692621191666667,6
mp-1189918,-0.5708622062499981,16
mp-1189977,-0.6033682237499981,16
mp-3092,-0.47139932166666604,6
mp-1206856,-0.6645428375000021,10
mp-2719,-0.6685480794999991,20
mp-864993,-0.683019862916668,24
mp-1192250,-0.5806075955555591,24
mp-1212866,-0.609679234722246,24
mp-984836,-0.6335025776388871,24
mp-1192160,-0.5944219822222291,24
mp-1212893,-0.594918605454546,44
mp-12315,-3.524008406666664,20
mp-3183,-0.793701890166664,5
mp-31189,-0.18534650047619,28
mp-22907,-1.074468570000007,2
mp-552992,-2.415745113333333,8
mp-552008,-2.466786182708333,8
mp-546266,-2.325755380833334,8
mp-1009543,-1.049426923333338,3
mp-30453,-1.183137906666663,3
mp-30307,-0.739406383888888,9
mp-864982,-2.250253531666665,8
mp-770,-0.29375911583333003,2
mp-11294,-0.28150662388888203,3
mp-11295,-0.24369010916666503,8
mp-867256,-0.268829113749997,4
mp-1206542,-0.641000579444442,9
mp-867827,-0.660763370416662,4
mp-1078853,-0.27520328833333,9
mp-1079242,-0.49672778305555204,9
mp-864884,-0.35179989166666803,4
mp-1071811,-0.34708435861110803,6
mp-867276,-0.724428725416665,4
mp-28448,-2.527565295624999,8
mp-1178362,-3.551133473888889,6
mp-2628,-0.18322078388888702,6
mp-568945,-0.154753695416663,12
mp-20193,-0.48229062333333306,6
mp-1195923,-0.9235202809920621,36
mp-1204813,-0.827759051177248,36
mp-1212868,-0.5864947851388871,24
mp-20350,-0.302077250555553,6
mp-3847,-0.33554742791666603,4
mp-1102863,-0.64860826472222,12
mp-19767,-0.688029722222218,12
mp-8742,-0.742669484166667,8
mp-22228,-0.477068743055552,12
mp-1206533,-0.434075496111109,6
mp-1191253,-0.661242333055554,24
mp-19381,-3.220740385333334,20
mp-18754,-2.779022291111109,12
mp-1105344,-2.542657223148146,18
mp-2334,-0.26587246749999904,2
mp-1071835,-0.27352977833333103,6
mp-1072033,-0.23427210222222103,6
mp-1206430,-0.37359270583333404,6
mp-1225307,-0.203688029166668,6
mp-10992,-0.9348328450000021,8
mp-20010,-0.7705650283333341,6
mp-22085,-0.38582957222221803,6
mp-1225327,-1.3492028631944422,12
mp-601257,-1.2383251860329851,24
mp-555044,-1.5935681832812492,16
mp-20859,-0.6997445091666681,8
mp-675349,-1.4194057257812491,4
mp-5365,-0.7355499283333341,6
mp-22188,-0.598488353888883,6
mp-554882,-1.998295626136363,44
mp-1183804,-0.317436559583336,4
mp-1212843,-4.499622082499998,16
mp-1757,-0.07494045555555201,6
mp-1225817,-0.28377496097222005,12
mp-568668,-0.5078236713333321,10
mp-1101819,-0.066423455416665,12
mp-1201079,-0.737878747843914,36
mp-1191987,-0.6134154338888821,24
mp-1018065,-0.26032079291666504,4
mp-22698,-0.610431015555548,6
mp-30604,-0.7493726575,4
mp-20064,-0.7667836949999981,3
mp-1106015,-0.36075701999999904,18
mp-1095135,-0.6443227879166661,8
mp-1225918,-0.556866964999994,18
mp-1092296,-0.8629113175,8
mp-865103,-0.5916981787500001,8
mp-1225592,-0.532060131,5
mp-1105019,-0.5851521268333261,15
mp-1101844,-0.53527953611111,12
mp-1078003,-0.46635322702380905,7
mp-1104534,-0.350630604285713,14
mp-605252,-0.48476353972221903,12
mp-1225663,-0.564319998333334,6
mp-1102760,-0.60783196472222,12
mp-22129,-0.957612830833336,12
mp-1189769,-0.9353382000000001,16
mp-1095583,-1.097033206388886,12
mp-862666,-0.814781299791663,4
mp-20122,-0.9759053175000001,4
mp-1188410,-0.797129137291664,16
mp-1212976,-0.757216766666664,16
mp-616492,-0.948156722499998,16
mp-22149,-0.8252924688888881,6
mp-21323,-0.931985303055556,12
mp-1190638,-0.988654885555553,24
mp-1106158,-0.9102124929166641,16
mp-20739,-1.250483799166668,12
mp-9529,-0.9751580722222141,12
mp-19986,-0.717329469722219,12
mp-24151,-0.801221917499998,3
mp-1191571,-0.723336900729165,24
mp-1207186,-1.6692610509375,3
mp-2443,-0.578035626249999,2
mp-864994,-0.40668057312500105,8
mp-1225502,-0.014702290000002002,2
mp-1183820,-0.581035958749999,4
mp-984767,-0.44030456249999606,4
mp-865005,-1.651786779166664,8
mp-257,-0.5934552324999981,2
mp-1079916,-0.42273038249999606,8
mp-1213298,-0.766723390249998,40
mp-20236,-0.521889153750002,4
mp-20996,-0.395650364999996,7
mp-20898,-0.35890147791666505,4
mp-22177,-0.7347143727777741,9
mp-30374,-0.7004257995833301,4
mp-1080594,-0.504393652777777,9
mp-1080384,-0.316629750833335,6
mp-22723,-0.700099693888882,9
mp-569086,-0.494144940555551,9
mp-30606,-0.8824236862500001,4
mp-22384,-1.1438152494444451,9
mp-1078790,-1.097572084999996,8
mp-567588,-0.7447982094444431,9
mp-861892,-0.7474745770833301,4
mp-1358,-0.824460462222217,6
mp-1183791,-0.330061112916664,4
mp-1183810,-0.28545412541666604,4
mp-1183792,-0.5662937691666691,4
mp-2077,-0.05887658833333,2
mp-13225,-0.16754234513888802,24
mp-1546,-0.048998716666664006,4
mp-1078820,-0.253100688333331,9
mp-862680,-0.29813370249999704,4
mp-1205756,-0.671659367777775,9
mp-867762,-0.771047359166663,4
mp-867773,-0.277625719166664,4
mp-1205763,-0.478101672499997,9
mp-867826,-0.444099090416665,4
mp-20573,-0.36888718333333204,9
mp-1078639,-0.679350994444443,9
mp-867831,-0.7065420116666641,4
mp-867348,-0.5543333755555541,6
mp-1206809,-0.30573028555555803,9
mp-865142,-0.335331704166665,4
mp-20656,-0.063398836061008,13
mp-18601,-2.6523155571910912,32
mp-1213165,-0.22478166532714303,13
mp-1190895,-0.653909460210726,24
mp-1212984,-2.525895946824713,32
mp-542479,-3.057447258586204,30
mp-1192462,-2.592985715595237,28
mp-555683,-2.686860015238095,14
mp-1410,-2.020705376875,2
mp-556639,-3.569322741944445,12
mp-866126,-0.29099031541666703,4
mp-2738,-0.44842314583332904,8
mp-421,-0.44547297222221904,6
mp-6223,-0.513557532499998,6
mp-1102078,-0.411973878749998,12
mp-1077279,-0.38688771861111004,6
mp-1102346,-0.48861341847222106,12
mp-1179,-0.327578571944444,6
mp-1212806,-1.046078543888884,12
mp-1190599,-0.5781554626388871,24
mp-30452,-0.668153847222222,3
mp-4587,-0.33193466041666503,4
mp-1102455,-0.79327706722222,12
mp-1078577,-0.7143618835416641,8
mp-1087478,-0.5723474593333301,10
mp-19265,-2.501074798833333,20
mp-1102152,-1.213593992936508,12
mp-4510,-0.964084313888886,3
mp-510152,-0.66791151222222,12
mp-580525,-0.5723323452083311,48
mp-1072208,-4.268987023888888,6
mp-1102508,-0.391299045000001,12
mp-2014,-1.856365871488094,2
mp-1226255,-2.237755534289021,36
mp-1198016,-1.811001431755952,32
mp-9850,-0.6370583499801581,12
mp-5767,-3.503172621884905,12
mp-1212811,-1.263438117103174,12
mp-16326,-1.5179935476587332,3
mp-1205848,-0.6743225012619001,10
mp-1192185,-1.792411274012896,24
mp-5241,-1.211442349454365,48
mp-1225510,-4.182926425277777,6
mp-867279,-0.39095390291666704,4
mp-20176,-0.275221065416664,4
mp-11242,-0.674255037222226,3
mp-2226,-0.9281805374999971,2
mp-797,-0.9265313987500001,4
mp-1080454,-0.7216113538888861,9
mp-1078613,-1.412515317500002,8
mp-2465,-1.109663841250004,4
mp-17160,-2.817237958055554,36
mp-1102210,-0.27923740500000305,12
mp-1206141,-0.46057726533333304,10
mp-1190368,-0.587880060972221,24
mp-232,-0.878626445833331,2
mp-1388,-0.7412553605555511,6
mp-15856,-0.50251371933333,5
mp-1212884,-2.581603258333331,20
mp-1101878,-0.322637493055553,12
mp-1206121,-0.21227225133333502,5
mp-2470,-2.247902868906248,2
mp-28928,-2.367139953055552,6
mp-561307,-2.466786533437499,12
mp-28929,-2.107829651388888,6
mp-1007,-1.214562465833331,2
mp-1213234,-2.866834643194442,24
mp-1225491,-1.120842200555551,3
mp-16327,-1.214195870555552,3
mp-1212894,-1.062099426388884,12
mp-1184176,-2.276298546687499,20
mp-1018677,-0.9134088705555521,6
mp-814,-1.998425757031249,2
mp-558257,-2.488030186501735,24
mp-769393,-2.525142906302083,40
mp-1182,-0.9016268125000011,8
mp-4171,-0.8349661191666671,8
mp-30621,-1.017564743611113,6
mp-1070146,-0.7822208943333321,5
mp-1213227,-0.690682816574074,36
mp-1095130,-0.566687099999997,9
mp-20281,-1.0619771213888831,12
mp-1212898,-0.784029761388885,12
mp-1077126,-0.611608460277776,6
mp-1105784,-0.9807996841666651,16
mp-20571,-1.188239201388884,12
mp-1188085,-1.160774792291667,16
mp-1212831,-1.02154345972222,12
mp-19873,-0.8037206772222171,12
mp-570595,-0.5990902653333331,10
mp-20021,-0.5850517338888841,6
mp-31414,-0.8139786638888921,6
mp-866287,-0.6910928916666661,4
mp-1080405,-0.6230525422222211,6
mp-30618,-0.9156642205555531,12
mp-21014,-0.8744328691666721,4
mp-1078760,-1.085697334444439,9
mp-1079974,-0.892856688888885,9
mp-866290,-0.791853919166663,4
mp-7703,-3.7336660264999892,12
mp-865364,-0.356988389749998,4
mp-1102084,-0.20419678500000202,12
mp-2159,-1.495048897499998,2
mp-1212803,-1.357830932500003,12
mp-1225766,-0.074204907708331,24
mp-556108,-3.538176204166665,12
mp-20626,-0.8094119272222231,6
mp-20954,-0.7309316788888881,6
mp-11374,-0.45001189749999704,2
mp-1213009,-2.377462187500001,48
mp-1105239,-0.9078833178348211,20
mp-1212931,-2.506151887499999,24
mp-2415,-0.294048468750006,4
mp-11373,-0.732270892777775,9
mp-31166,-1.73212755249999,4
mp-568062,-1.611610018281247,4
mp-21127,-0.592521515555553,6
mp-8109,-2.982551635972221,24
mp-1191457,-0.413285191944443,24
mp-20874,-0.548947279999999,7
mp-1019734,-1.260715371666667,24
mp-1103637,-0.6781301548611071,12
mp-1194109,-0.102358811428572,28
mp-1077479,-0.716074861666669,6
mp-1018695,-0.7140231450000081,6
mp-23311,-2.393062800000004,30
mp-1205810,-1.9575395887500022,8
mp-1018177,-0.18158812499999902,3
mp-1103990,-0.11255589428571301,14
mp-1212716,-0.9638538675000021,16
mp-554518,-2.6219654300000013,20
mp-580236,-0.3788026225,2
mp-583684,-0.156274763333333,24
mp-30487,-0.382334258333334,6
mp-11084,-0.60690479833333,12
mp-866297,-0.560563128750003,4
mp-1225324,-0.42426064928571505,7
mp-1102923,-0.5974157800000011,12
mp-864796,-0.45969671500000603,4
mp-1018696,-0.418606240000006,6
mp-11090,-0.598974615,12
mp-1095346,-0.730833792500001,12
mp-1018697,-0.5372550300000001,6
mp-22887,-2.6734610466666693,12
mp-569895,-2.125660104375001,8
mp-556382,-3.461556127500001,6
mp-1225172,-0.5601071860000011,5
mp-583224,-0.6748873088010201,28
mp-10690,-0.45120687500000206,5
mp-22586,-2.503723908333334,12
mp-1189915,-2.3198676312962982,18
mp-1087547,-0.136137378750003,8
mp-1071732,-0.12816801833333502,6
mp-1225157,-0.3569039225,6
mp-1079564,-0.43272539486607103,8
mp-1225153,-0.245665530833334,6
mp-2066,-0.10764859416666801,6
mp-22277,-0.832720397500005,6
mp-1198564,-0.47570865388889105,36
mp-21373,-0.880650371547621,6
mp-22292,-0.772728946666669,6
mp-21356,-2.201644781835938,8
mp-542765,-1.9240625094444432,24
mp-1184376,-0.34265632041667005,4
mp-504731,-4.093513655,3
mp-19908,-3.857402202500001,16
mp-1079244,-0.541371476250002,8
mp-21168,-0.6354865083333341,3
mp-1225128,-0.46893803000000306,5
mp-22545,-0.392396434583336,12
mp-1225152,-0.41172684150001104,5
mp-1102481,-0.5545136108333341,12
mp-1078429,-0.714510963,10
mp-21884,-0.5073272430000031,5
mp-1212681,-0.46575122687499904,8
mp-1225205,-0.679489522500001,6
mp-1101845,-0.599639387500005,12
mp-1102975,-0.9049897483333301,12
mp-1225124,-0.6366693599999991,3
mp-1102160,-0.6778067858333351,12
mp-20712,-0.808012367500001,4
mp-1068715,-0.595465364000001,5
mp-1068422,-0.5810112079999981,5
mp-19763,-0.6486200240000021,5
mp-1069658,-0.668312320999999,5
mp-1191379,-0.440634433636364,22
mp-9293,-0.7374095766666631,6
mp-20615,-0.7856746066666721,12
mp-1188312,-0.7677120187500011,16
mp-19798,-0.910838191666668,12
mp-581575,-1.359357408833335,30
mp-1102496,-0.6866981791666681,12
mp-644246,-0.590813538249999,5
mp-1070860,-1.7690249037500032,6
mp-560128,-2.2627186939062502,32
mp-753781,-3.719666126000001,5
mp-1190059,-2.0856306971875,20
mp-11375,-0.6125236712500021,2
mp-20719,-0.542237623333335,3
mp-1080132,-0.471465558125004,8
mp-1018698,-0.45115368583334003,6
mp-1102093,-1.8748465075,12
mp-1058490,-0.43719428083333506,2
mp-1524257,-0.602082327499999,2
mp-636316,-0.462747432777777,6
mp-1095411,-0.48791006348484905,11
mp-639496,-0.526435019583333,8
mp-19997,-0.36621888083333404,8
mp-1191370,-0.14431625236111,24
mp-21258,-0.614102375833334,8
mp-21487,-0.5368753258333341,8
mp-1184378,-0.360437008749999,4
mp-1102671,-0.36421785777777305,12
mp-1095660,-0.25833753111111,12
mp-1095333,-0.34973259694444603,12
mp-1103002,-0.31639520194444404,12
mp-22008,-0.45721316527777406,12
mp-19901,-0.6625764147222211,12
mp-1184408,-0.41253791916667204,4
mp-1006242,-0.189574596666668,14
mp-22322,-0.699862070555555,12
mp-21051,-0.831747409722223,12
mp-1077596,-0.6929169552777701,6
mp-1101788,-0.560640987222222,12
mp-995,-0.592173926666665,6
mp-1212752,-1.91560955236111,12
mp-1101792,-0.085892347500002,12
mp-13223,-0.13078765083333302,24
mp-1212683,-0.25962592638889004,12
mp-1184290,-0.24441278000000102,4
mp-1225137,-0.41929337450000004,5
mp-867152,-0.562314775000003,12
mp-643756,-0.49500200416666706,12
mp-861928,-0.418228918750001,4
mp-1103008,-0.433832579166667,12
mp-1102076,-0.5998248300000041,12
mp-1102652,-0.41481904083333804,12
mp-1102145,-0.560991325000002,12
mp-1212743,-0.28252931444445,12
mp-1184347,-0.294971869166667,4
mp-1184328,-0.22666262750000102,4
mp-1095254,-2.652453238333334,12
mp-582540,-2.65965903607143,28
mp-20340,-1.049405746874999,2
mp-1201130,-3.234421745000001,36
mp-2751996,-3.024576668611113,36
mp-21593,-2.8437310832608693,46
mp-1078341,-3.143563456000004,10
mp-21064,-0.356697278055555,6
mp-1103796,-0.307235994027778,12
mp-22311,-0.110666337499999,6
mp-16838,-0.5352735563888851,18
mp-582367,-0.7483200359920641,18
mp-5887,-0.5816515066666661,12
mp-1080556,-0.605846436250001,8
mp-974769,-0.5220570760000011,5
mp-1206697,-0.9691620432142861,3
mp-1213363,-3.419096551250001,20
mp-21394,-3.123422545000004,2
mp-20300,-1.208571291488095,2
mp-1079534,-0.793043139732141,8
mp-1195922,-0.41725717229166404,32
mp-22783,-0.9152064265476241,6
mp-1095517,-1.213771703492061,12
mp-3219,-3.109623819107143,24
mp-20706,-1.075513029880957,6
mp-1225129,-1.174433758214284,3
mp-20217,-1.288663336782738,20
mp-20742,-1.1070341585327381,20
mp-676409,-3.832760469166675,12
mp-20394,-0.505665372500001,4
mp-20309,-0.35227951375000005,4
mp-1018147,-0.7095176075,4
mp-1854,-0.750372288333333,6
mp-20961,-0.985764103906248,16
mp-22797,-0.9526669000000041,6
mp-623827,-0.49102363333333204,6
mp-20587,-2.46256579390625,2
mp-616175,-2.609153254166668,24
mp-611062,-0.8430464066666701,6
mp-22475,-0.8633745166666671,6
mp-510637,-2.500180786666666,24
mp-1101822,-0.9628542416666651,12
mp-20923,-1.006611200833333,12
mp-21009,-2.357297482031249,2
mp-639138,-2.133750323723959,24
mp-755177,-2.250813653468751,10
mp-769334,-2.105104032057292,24
mp-21279,-0.671324204999997,4
mp-1072248,-0.558053771666666,6
mp-560341,-2.363591008571429,28
mp-1025553,-0.655061346250001,8
mp-1190872,-0.39745960208333303,24
mp-1212688,-0.8596607337500021,8
mp-1069707,-0.7209386090000011,5
mp-1225162,-0.525360955,5
mp-1068807,-0.730941609999999,5
mp-1225155,-0.622781628,5
mp-1102440,-0.854753839166666,12
mp-1103258,-1.003821104166668,12
mp-1206050,-1.134395653749997,8
mp-567833,-0.8130087100000051,4
mp-22742,-0.667868031250009,8
mp-20387,-0.45507907874999903,4
mp-1195875,-0.37391446906249903,32
mp-867138,-0.6073447150000021,4
mp-21580,-3.2220897544444442,36
mp-1018701,-0.6551769958333391,6
mp-19794,-0.932406427658733,6
mp-22031,-0.8081600883333351,12
mp-608517,-0.9234220133333351,12
mp-505434,-3.4728088396851833,36
mp-542583,-1.9925802475000012,2
mp-1225161,-1.255306182083332,4
mp-1079111,-3.558521973666669,10
mp-602551,-2.188151242152779,48
mp-1212775,-2.309999132361112,24
mp-30630,-0.44063644166666904,6
mp-3891,-0.49552279875000205,8
mp-1064843,-0.340113088750001,4
mp-657233,-1.187017621139457,28
mp-12728,-1.922079287916668,12
mp-1198609,-2.004119640598959,48
mp-2030750,-2.842074834166658,12
mp-22517,-1.42741696423077,26
mp-1261,-0.257693977500004,2
mp-1191536,-0.197254519583332,24
mp-681,-0.300042766666669,6
mp-2436,-0.25087550083333204,6
mp-1102568,-0.6231123633333361,12
mp-1225196,-0.445065407499998,6
mp-9873,-0.5673254533333331,6
mp-1102897,-0.6360103866666671,12
mp-21234,-0.47085493500000003,6
mp-11040,-0.5441532641666651,12
mp-1212698,-4.097677883750002,16
mp-1106293,-3.640190886500001,20
mp-1189927,-2.081960253500001,20
mp-1525632,0.0,4
mp-13,0.0,2
mp-1078299,-0.43849044666666603,10
mp-1068296,-0.42682042766666606,5
mp-23069,-0.978675665384626,26
mp-649683,-2.470533366309521,36
mp-22265,-1.707838569642855,28
mp-505009,-1.8695318752777772,36
mp-9198,-0.281895123174603,9
mp-601848,-0.049183250625,16
mp-1213182,-0.00435140590909,44
mp-540767,-1.830061416911764,34
mp-1224755,-1.884080579375,32
mp-1915,-0.307493444722221,6
mp-19333,-2.284821307037037,18
mp-1207117,-0.350147934999999,4
mp-510036,-2.327981111598638,42
mp-22421,-1.831330290714285,14
mp-17631,-2.240946505329671,26
mp-1212753,-1.337865173973214,35
mp-35596,-1.591041269285713,14
mp-571370,-0.382958699285713,16
mp-19770,-1.7070913529999991,10
mp-778,-0.45708832265872906,9
mp-1102399,-2.372593638571427,22
mp-704946,-2.352073547942856,50
mp-556581,-2.116387919642856,32
mp-18121,-2.365666674642858,32
mp-2017427,-2.033180726465774,16
mp-1224708,-1.436703488388157,38
mp-639789,-0.009121351999999,20
mp-20313,-2.301357292142856,28
mp-1225390,-1.606144394649122,38
mp-743878,-1.482956905473484,22
mp-21437,-1.638982694074073,18
mp-20868,-0.023268992499996,12
mp-19346,-2.295905708021976,26
mp-1181439,-2.499475033298611,48
mp-556300,-2.523761256840277,48
mp-1194881,-2.460293898715276,48
mp-22223,-1.9660454046296292,36
mp-601820,-0.041613642499999,4
mp-1225227,-0.35190428249999905,8
mp-20344,-0.156686391249999,4
mp-510619,-0.185535003214289,28
mp-1224957,-0.23471216125000002,24
mp-1804,-0.157779082499999,8
mp-1224770,-0.232915087499999,8
mp-1224799,-0.470802018214283,12
mp-1224771,-0.5656395123214271,8
mp-18708,-0.35415579303571404,16
mp-1199228,-2.090372608928571,34
mp-1204465,-2.401629832435063,44
mp-16334,-0.197357366999997,5
mp-579496,-0.25132987500000004,5
mp-1184364,-0.022205464999998002,4
mp-580234,-0.14610608499999903,5
mp-1194355,-1.423973968461538,26
mp-1199909,-1.49988522975,40
mp-2199,-0.30406866999999904,4
mp-28519,-1.654980923295453,44
mp-9913,-0.387266767872023,16
mp-624243,-0.054618030769231,26
mp-510450,-1.698793269594594,37
mp-1203691,-1.5664064427906972,43
mp-1201515,-1.649865227674419,43
mp-601842,-0.056785647499999,16
mp-704626,-1.247794580885416,40
mp-1225099,-0.639291724166665,14
mp-1212706,-0.8140476123611111,24
mp-19225,-1.219109076041666,4
mp-1202376,-2.192921456904761,44
mp-427,-0.19770720125000002,8
mp-2008,-0.256783608333336,6
mp-21016,-1.699692442916665,24
mp-561511,-0.6136610383333331,12
mp-1101894,-0.47492353161458406,12
mp-1007881,-0.387946513333332,4
mp-1101938,-0.296046875277777,12
mp-19097,-2.270362331833334,10
mp-20028,-2.08582655488095,28
mp-1103093,-0.36343299638888804,12
mp-1192577,-1.4796260903125,30
mp-22880,-0.7966675133333341,3
mp-23232,-0.7636172024999981,8
mp-18969,-1.789342252,10
mp-571096,-1.1476221366666661,3
mp-583463,-1.164680918333334,24
mp-1225059,-0.997598924,10
mp-540828,-1.492954021666667,6
mp-2090,-0.055374125,2
mp-22300,-0.158624923749999,4
mp-1095664,-0.541401837380951,12
mp-1225017,-0.555414216562499,16
mp-510281,-1.3211116262499991,4
mp-556911,-2.590574678333332,6
mp-22398,-2.648772015416667,8
mp-1213622,-1.5970489985714291,14
mp-22478,-0.12214553083333302,6
mp-865191,-0.161265363749999,4
mp-1009077,-0.06725510062500001,2
mp-643564,-1.682527692777777,36
mp-23880,-1.305381452777777,9
mp-24537,-1.221483500999999,30
mp-605437,-1.549119508437499,16
mp-571122,-0.35320006000000004,3
mp-1184336,-0.073084129999996,4
mp-1225033,-0.3484396575,24
mp-1102843,-0.590417117380951,12
mp-6988,-0.3137454275,2
mp-2213,-0.067223354999999,4
mp-21522,-1.8349809712962952,36
mp-1418,-0.08975935499999901,4
mp-1224986,-0.406196352857141,16
mp-13463,-0.20882483500000001,4
mp-1224947,-0.136207711249998,8
mp-1224908,-0.274323870624998,16
mp-1274279,-1.481519387499999,8
mp-1005,-0.597337447321427,8
mp-20027,-0.53530951642857,6
mp-1205448,-1.804182123775509,42
mp-558841,-2.297300560503246,44
mp-560012,-2.4125578151623372,44
mp-696483,-1.953651621008929,40
mp-570553,-0.37004192121428403,20
mp-850225,-2.480630746701681,34
mp-540760,-1.204013893464289,40
mp-1190395,-0.44500557180194705,22
mp-1194875,-0.5259942104383111,44
mp-753395,-2.351585960357142,12
mp-1101971,-0.699171234047618,12
mp-21845,-0.108251334999998,4
mp-2260,-0.231995889999999,2
mp-649,-0.173685672499999,4
mp-1191971,-1.662810422826087,23
mp-1918,-0.043849814999998,2
mp-1184368,-0.030235877499998003,8
mp-505531,-0.7574410312499991,4
mp-1522,-0.8474769699999981,6
mp-649334,-0.9330323047222221,36
mp-19254,-1.858110193749999,24
mp-20714,-0.156003799999998,6
mp-971669,-0.167010088124998,16
mp-774425,-2.345672001995797,34
mp-1224896,-0.33345201812499703,16
mp-674490,-1.8344014733333331,6
mp-27904,-0.5932567766666671,12
mp-1103256,-0.49323528744791606,12
mp-1102580,-0.33919422722222103,12
mp-20311,-0.5079187611718751,4
mp-760,-0.669716959895831,6
mp-607953,-0.731128479149305,18
mp-28189,-1.007454041927079,18
mp-1190442,-1.6919836833072899,24
mp-871,-0.47597936624999904,8
mp-1714,-0.395635093333333,24
mp-3464,-0.36626035249999905,4
mp-862790,-0.28573521749999903,4
mp-21260,-0.002724932499996,6
mp-1178212,-1.858812262000002,20
mp-1018062,-0.301023718749998,4
mp-1184276,-0.07506946375000101,4
mp-19880,-0.461995076111112,6
mp-1201424,-1.476618273333333,48
mp-1201019,-1.5080507614583332,48
mp-561036,-1.5087576434999992,40
mp-1102288,-0.39251221888888904,12
mp-540998,-0.8458126296296281,18
mp-540997,-1.156507930185184,18
mp-558502,-1.8445315740277772,24
mp-19421,-2.022696756666667,12
mp-142,0.0,4
mp-561104,-1.0737182925,26
mp-1225418,-0.46892654805555706,36
mp-504827,-2.146252935588236,34
mp-1193255,-0.303814563793102,29
mp-541451,-1.9458350539705882,34
mp-18561,-0.5146121890624991,16
mp-2776,-0.23312863000000003,3
mp-556712,-0.702496671607144,28
mp-571085,-0.639013228035716,28
mp-765466,-2.022551330357143,28
mp-11359,-0.080186346666666,3
mp-29300,-1.081108948181818,22
mp-690544,-2.064265934642857,28
mp-4809,-0.826619146785716,7
mp-4730,-0.600496146250001,7
mp-16337,-0.368972043928571,7
mp-636675,-0.6586228404999981,20
mp-31253,-0.51728857666667,18
mp-865743,-0.544217351250001,4
mp-866041,-0.47565982375000004,4
mp-580999,-1.161966740454545,22
mp-35236,-2.010357559999998,28
mp-886,-2.268996668999999,10
mp-20496,-2.070018908571427,14
mp-405,-0.5673327939285691,28
mp-30945,-1.101282322272727,11
mp-30946,-0.71264459227273,11
mp-22095,-0.581049438333334,3
mp-1072429,-0.44358094833333406,6
mp-867292,-0.535302353749998,4
mp-539,-0.7975143386875001,10
mp-1340,-0.700867464437499,10
mp-14280,-0.6698857326736101,36
mp-570186,-1.009783310757574,44
mp-542662,-1.000938627499999,44
mp-38970,-0.402236419000001,10
mp-2371,-0.298831161428572,7
mp-28931,-1.928704180185184,18
mp-27255,-0.686490629125,10
mp-28423,-0.6201830866250021,10
mp-977324,-0.33055922577588104,29
mp-28869,-0.391908673385414,32
mp-569854,-1.229581060875,40
mp-616204,-1.149888363249999,40
mp-20559,-0.200663183125,16
mp-636368,-0.23824714374999903,16
mp-1225352,-0.263447672031249,16
mp-11397,-0.42378557400000005,5
mp-11398,-0.35950712624999903,8
mp-570844,-0.31428668125000303,16
mp-672204,-0.400380674374999,16
mp-1183998,-0.060788612499999006,4
mp-1212718,-0.7364926371428541,28
mp-1212726,-0.6166950096428551,28
mp-28608,-0.6462341053571421,28
mp-1203027,-0.14432785350340102,49
mp-1204805,-0.13616235275510202,49
mp-1195837,-0.15498343244898002,49
mp-1203338,-0.135881387244898,49
mp-23519,-2.073427549666665,30
mp-669455,-0.782182087928573,35
mp-1203087,-0.9852671778877571,35
mp-1212680,-0.536555426875004,32
mp-31485,-0.554598818333333,18
mp-1199016,-0.30570694666666604,48
mp-1225073,-1.171420904565217,46
mp-1106289,-0.41070577300000005,20
mp-1188512,-0.538095925250001,20
mp-18388,-0.41019046411764704,34
mp-31311,-0.32476801545454503,22
mp-21589,-0.37577776590909,22
mp-31312,-0.345133940227272,22
mp-578,-0.020324264444443,9
mp-11020,-1.582355479791656,8
mp-5342,-0.620011173906249,8
mp-5518,-0.5399828320312511,8
mp-1224848,-0.6752889890773811,7
mp-4899,-0.34213799249999904,8
mp-2534,-0.446277056249999,2
mp-3996,-1.9393015047222222,18
mp-1025346,-0.502767788928569,7
mp-30379,-0.23083902125000202,8
mp-505743,-2.299635754880952,28
mp-1018126,-0.006901732500004001,2
mp-28384,-1.13377497625,24
mp-30953,-1.237540705624999,16
mp-568848,-1.09882738375,24
mp-30952,-1.220234600625,8
mp-1212662,-1.9796120466666671,12
mp-1121,-0.19560595499999903,2
mp-1224863,-0.111980443750001,8
mp-1212660,-1.031876895416664,12
mp-29362,-1.025192511666667,12
mp-1224851,-0.6582163459821421,7
mp-29403,-0.6676176529166651,6
mp-11019,-1.6750175293749892,8
mp-644280,-0.47561765437499903,4
mp-862485,-0.37303708687499804,4
mp-5238,-0.6988556876562481,8
mp-4840,-0.5736508945312491,8
mp-3839,-0.34634194499999804,8
mp-588,-2.85906879875,8
mp-1097025,-2.125574479074073,36
mp-1225089,-0.29229633718750003,8
mp-19870,-0.13531762187499902,4
mp-30551,-0.22850731437500002,4
mp-865247,-0.227981726874999,4
mp-865170,-0.429486869374999,4
mp-1184055,-0.158175891875,4
mp-1224823,-0.38423916406249603,8
mp-865895,-0.313812595000001,4
mp-8211,-0.29642961166666704,6
mp-643759,-1.76951217265625,16
mp-1190111,-1.0823677340625,16
mp-634326,-1.8985905559375,16
mp-1194398,-1.607998471227679,28
mp-1225472,-0.962408675000002,20
mp-1103091,-1.352802375833334,12
mp-570738,-0.727731253611111,36
mp-30954,-0.7841287225000011,16
mp-11388,-0.45633533000000104,2
mp-2377,-0.16745288562499902,8
mp-804,-0.670049406875,4
mp-541950,-0.8844602681250001,20
mp-1212709,-0.460125898911563,42
mp-505076,-2.005459676296302,36
mp-1224791,-0.377416704374998,4
mp-815,-0.27896682500000103,4
mp-866037,-0.341384039375,4
mp-2490,-0.508916133988096,2
mp-1198682,-0.752712780744047,36
mp-4122,-2.59967003924603,18
mp-1025301,-0.5664535574489781,7
mp-1025270,-0.446533693163267,7
mp-30979,-0.506497706954365,24
mp-1078526,-0.6626482787500011,8
mp-1869,-0.640044858333332,12
mp-1025551,-0.6299879474999991,8
mp-2223,-0.5330462758333361,24
mp-862621,-0.44416244312500003,8
mp-561379,-1.53865044125,40
mp-2444,-0.6799595537499991,2
mp-2507,-0.7642187451562491,8
mp-1156,-0.22927192000000202,2
mp-1224914,-1.8502290034523798,21
mp-27735,-1.0932361646875,32
mp-1224786,-2.054515252916665,6
mp-568263,-0.69001870828125,16
mp-1120728,-0.9723408680208341,12
mp-1224834,-0.35777220062499904,8
mp-865615,-0.514142448749999,4
mp-867841,-0.09147015499999901,2
mp-865746,-0.174587085000002,4
mp-542812,-0.44299320083333205,12
mp-27449,-0.818999890833334,12
mp-29541,-0.601696241018519,18
mp-558984,-2.062971052361112,24
mp-155,0.0,2
mp-973553,-0.34171711230769103,13
mp-1104719,-0.410023256923076,13
mp-568693,-0.524354092692306,26
mp-1192913,-0.563891383076922,26
mp-1104806,-0.395696543571428,14
mp-1225036,-0.378114130769229,13
mp-1224928,-0.38083315923076805,13
mp-754689,-0.43543483799999805,5
mp-8651,-0.36411075999999803,5
mp-1080176,-0.513969878,10
mp-1106191,-0.56764291574074,18
mp-1079837,-0.46591963366666606,10
mp-1095164,-0.537469212666667,10
mp-1212754,-0.9653105109375,32
mp-645286,-0.33277430289473603,19
mp-610530,-0.5286280816666671,5
mp-1181496,-0.46833444796296203,18
mp-542988,-0.5997455100000021,5
mp-542985,-0.7713836000000001,5
mp-2038625,-0.5424220899999991,5
mp-20707,-2.04540121857143,14
mp-20677,-0.569659721999998,5
mp-637965,-0.44819402199999103,5
mp-1212761,-0.598231256218486,17
mp-542986,-0.633935835999997,5
mp-1102792,-0.7435972527272731,11
mp-22181,-0.809401839999998,5
mp-22187,-0.8903632279999981,5
mp-20837,-0.47466827117240606,5
mp-1204079,-0.39292668105263,38
mp-582433,-0.7782473629999971,5
mp-21473,-1.013259021857142,5
mp-672215,-1.096134677190477,5
mp-20102,-1.96523017142857,14
mp-1105253,-0.44385025285714,14
mp-21287,-0.37873109666666405,5
mp-22615,-0.583401358000001,5
mp-20956,-0.8110803320000001,5
mp-21408,-0.7149945239999991,5
mp-19753,-0.9138566720000001,5
mp-637220,-1.095347711999997,10
mp-21240,-1.107758146,5
mp-569302,-0.876937222,5
mp-21869,-0.325511685454542,11
mp-1204825,-0.166750694999999,46
mp-1192974,-0.5103819970833331,24
mp-1213266,-0.240755154210527,19
mp-569472,-0.942938167142857,28
mp-1213364,-0.881293271785712,28
mp-866782,-0.479508280892858,28
mp-1213497,-0.677012560535715,28
mp-582406,-0.39763798318181803,11
mp-1184381,-0.5509218812499981,4
mp-1184371,-0.566996866249994,4
mp-1184415,-0.26861557750000004,4
mp-1078369,-0.646919141111111,9
mp-638442,-0.40115831461538404,13
mp-637030,-0.527730535384614,13
mp-637222,-0.350464496,5
mp-1190055,-0.424096883333333,18
mp-1071506,-0.5157238499999991,5
mp-28702,-0.5523732953571421,7
mp-28366,-0.613702832142856,28
mp-1202304,-0.5945857452777761,36
mp-650715,-3.251185185416666,24
mp-1070662,-2.915198079999997,5
mp-505435,-2.195261450833333,24
mp-1224869,-0.338883196666661,3
mp-1025163,-2.426711407857143,7
mp-1189998,-0.325797947499998,20
mp-28522,-1.08862588625,8
mp-28638,-1.2333587012500011,4
mp-29394,-1.714535420999999,5
mp-8301,-2.582305723999996,5
mp-28724,-0.8524399124999991,8
mp-1184362,-0.44836291187500105,4
mp-1184514,-0.49966898749999406,4
mp-603326,-0.775324418999997,10
mp-1078829,-2.051747162499998,10
mp-1206201,-0.6779163689999991,10
mp-1190470,-2.288152659920634,21
mp-1078248,-0.26505438214285204,7
mp-1224730,-3.006558049545453,22
mp-17465,-2.10846652444079,38
mp-4860,-3.059107154285715,7
mp-1184422,-0.23625457374999903,4
mp-1190515,-2.266357448492062,21
mp-1196805,-0.005716790263157001,38
mp-567844,-0.5986554539999981,10
mp-1224759,-2.841088052727272,22
mp-1224682,-2.9690418779545453,22
mp-1206452,-1.6869178770000022,5
mp-1224706,-2.9048386370833352,12
mp-561584,-3.29522065937501,32
mp-1190245,-3.999542177272729,22
mp-1195809,-2.147484963320313,32
mp-756040,-2.982678915357146,14
mp-638079,-0.48292161166665903,6
mp-1224988,-0.43160530374999606,4
mp-639160,-0.7213343443333341,10
mp-1076993,-0.497728899333338,5
mp-20654,-0.8504641243333311,10
mp-1225008,-2.914811062878797,22
mp-1184354,-0.819186280000003,4
mp-866029,-0.849852882500002,4
mp-865436,-0.8129959575000001,4
mp-1184393,-0.5345725962500011,4
mp-1184333,-0.264912353750002,4
mp-19945,-0.763256176999999,10
mp-864748,-0.330461057916666,4
mp-1205657,-0.35245538399999804,10
mp-1212711,-2.883619893499998,20
mp-1205813,-0.667160658000001,10
mp-865316,-0.265233012083335,4
mp-1224833,-2.8105339522931043,20
mp-636619,-0.5288708881034361,9
mp-1212655,-2.801422737293103,20
mp-1224711,-2.914275617084638,22
mp-582378,-2.239024236223958,36
mp-12039,-0.38233868857143005,7
mp-642754,-2.879818378636373,22
mp-582797,-3.140404400555556,36
mp-28279,-2.369061423958333,24
mp-1196603,-0.724702293055552,36
mp-1206945,-0.580900106999999,5
mp-669713,-0.36985672555555504,18
mp-1212642,-0.5282950358974341,26
mp-1232425,-0.590557852500001,4
mp-1212708,-2.514124334999999,20
mp-1184370,-0.327995215000001,4
mp-504886,-3.895411792000001,40
mp-772787,-3.140331095977445,38
mp-866052,-0.53999386625,4
mp-1025361,-0.583641678571429,7
mp-1198764,-0.556343903249999,40
mp-864979,-0.45731417650000006,20
mp-15922,-3.196348361562499,32
mp-1184387,-0.519951806249999,4
mp-669509,-2.334843926187497,20
mp-865182,-2.473256206830358,14
mp-4805,-3.519234681499997,5
mp-1224680,-2.979000602,5
mp-2047556,-2.903487385499994,5
mp-1213448,-0.9068816824999991,36
mp-1213579,-0.7737242399999991,36
mp-1188175,-2.143875060937501,20
mp-13973,-3.435754594468753,5
mp-1194754,-3.692913088168403,36
mp-13775,-3.629723050909088,44
mp-542831,-3.73295124156251,32
mp-17064,-2.995185214545452,22
mp-561122,-1.63737684300781,16
mp-1105966,-1.633017135999995,20
mp-542515,-2.279731501274494,34
mp-16035,-3.287839963333331,5
mp-17583,-2.972620136574074,36
mp-557626,-3.8283763654166663,32
mp-1184366,-0.364098448749999,4
mp-1184448,-0.516669036875001,4
mp-1184390,-0.400997908749992,4
mp-1202826,-2.14654628988281,32
mp-565757,-3.259663490833333,36
mp-542437,-0.267962281842105,19
mp-1224733,-0.29799638499999703,4
mp-1184388,-0.49909897937499803,4
mp-1212755,-2.6020982924999982,20
mp-866217,-0.329497107499996,4
mp-1190458,-2.35949664563492,21
mp-580327,-0.5308673372727291,22
mp-621619,-0.6204493281818181,11
mp-1191116,-0.524928734999999,22
mp-28826,-0.32755356263322405,22
mp-1192140,-0.621449479545454,22
mp-1184417,-0.219808119999989,4
mp-637182,-0.48851941083333106,12
mp-580539,-0.38686431999999504,5
mp-768273,-2.532309885124998,40
mp-10559,-3.089925464999999,10
mp-1190670,-0.53005414401515,22
mp-1212672,-1.517667758095235,28
mp-1103896,-3.045856744285714,14
mp-28133,-1.8065723024999991,28
mp-1104611,-1.191436980714286,14
mp-605854,-0.32778133370369905,18
mp-1202982,-0.41247394674999904,40
mp-1189617,-0.827454231,20
mp-568189,-1.56708608845052,24
mp-641576,-1.6151316113671892,24
mp-1985644,-0.509122872999999,10
mp-3594,-3.514320220749981,20
mp-1197897,-0.5263906850000011,40
mp-1202465,-0.338996593499999,40
mp-1197955,-0.446025296000001,40
mp-1184423,-0.19232876875000002,4
mp-1184479,-0.38148061499999303,4
mp-637378,-1.092494317749992,5
mp-1200532,-1.946447798937495,40
mp-1184496,-0.005006935416666,8
mp-1204194,-3.345289248863636,44
mp-651160,-2.426606997374997,20
mp-1192940,-0.47598960152777603,24
mp-647029,-0.989461117755101,14
mp-1106170,-0.6772916000000001,16
mp-30137,-3.269572775416667,48
mp-17237,-3.130438856363636,22
mp-1224717,-4.003937893250002,20
mp-1188599,-0.8441945809999991,20
mp-505046,-2.629193494250001,40
mp-1191117,-3.362648602727271,22
mp-1224776,-2.277265811640622,12
mp-1213337,-2.305975704187497,40
mp-1104036,-2.543475174955359,14
mp-1193201,-2.096541347276781,28
mp-559447,-2.456352165468749,40
mp-560513,-3.214715929687502,32
mp-1212738,-1.650013410000002,28
mp-1207074,-0.6906250300000011,5
mp-769809,-3.803172537939394,22
mp-1194646,-2.33012935404762,28
mp-1207135,-0.49641709199999,5
mp-1225167,-0.031988047931036004,29
mp-29821,-0.5237199579545451,11
mp-1203227,-1.521031516666667,36
mp-1225806,-0.123765395714285,21
mp-866687,-0.5093644030434781,23
mp-1192794,-0.5625942448611091,24
mp-1191587,-0.37210244208333104,24
mp-1213042,-0.23249924499999902,24
mp-866397,-0.320640399523813,21
mp-20831,-1.22168755,14
mp-1213412,-0.7777706147222241,36
mp-554519,-2.977144272516025,13
mp-1189017,-0.309209814999999,18
mp-866789,-1.03529645142857,28
mp-581831,-0.7456329572222241,18
mp-1198083,-0.8411585647222211,36
mp-1199296,-0.9070942389087311,36
mp-1106250,-0.647988331249997,16
mp-1199486,-0.702355137499998,36
mp-621024,-1.592394811785729,14
mp-637600,-1.907191641764705,17
mp-1205464,-2.305758397058821,17
mp-1192643,-0.064710267,30
mp-753421,-3.6176861284210533,19
mp-1225213,-0.25482662583333104,24
mp-1224996,-3.110110309473685,19
mp-542779,-0.247884267499991,2
mp-1212867,-2.360401465555556,24
mp-19783,-0.25027741000000003,3
mp-9341,-0.646289025555554,9
mp-19923,-0.5716702799999991,6
mp-630019,-0.6208696287500001,8
mp-865411,-0.454503636249999,8
mp-1076933,-0.48077337999999903,5
mp-1212604,-0.644449127222223,18
mp-22505,-0.8821796683333311,6
mp-1095605,-0.556520615833334,12
mp-22711,-0.5655467863636361,22
mp-1080612,-0.428105972222217,9
mp-1077056,-0.695777436666666,6
mp-1101090,-0.57995888111111,9
mp-1224779,-0.5152941750000051,6
mp-20058,-0.853993127777774,9
mp-1212705,-0.9115238624999951,12
mp-1224619,-0.598650303333332,6
mp-1224639,-0.445264781999999,5
mp-510374,-1.745141461249996,2
mp-776200,-2.805558613749999,12
mp-1101897,-1.765762074270829,12
mp-635426,-0.8434288549999991,2
mp-1063174,-0.863354680000005,3
mp-1077270,-0.6822137580555551,6
mp-1188331,-0.526760850833332,16
mp-19756,-0.5893658122222221,6
mp-22117,-0.748586694166666,6
mp-22335,-0.45981140138889004,6
mp-1105563,-0.6437220695000001,20
mp-1190272,-0.60244415861111,24
mp-1191685,-0.560730237361109,24
mp-1192291,-0.60920546361111,24
mp-22266,-0.489946769285714,7
mp-1192012,-1.619539592916666,24
mp-1194303,-3.499030348166664,30
mp-19840,-0.794227558499997,5
mp-1194291,-0.178286592500001,28
mp-614481,-1.058404597500001,2
mp-562809,-2.385056775625001,8
mp-549695,-2.4337813325,8
mp-628631,-2.297375686875001,8
mp-1076916,-1.004648475,3
mp-620271,-1.020906396666664,3
mp-27182,-2.3183582925,8
mp-29797,-3.312317020000002,6
mp-12765,-0.304990589999998,3
mp-567572,-1.269582879999996,6
mp-1031,-0.356769754999994,2
mp-20965,-0.36718781333333,3
mp-22138,-0.296544641249997,8
mp-1184477,-0.257734304999999,4
mp-866167,-0.686602019999995,4
mp-865745,-0.40989632875000104,4
mp-623988,-0.672903001111109,9
mp-23265,-2.506313930624998,8
mp-23050,-3.478307646666665,6
mp-21252,-0.45376025138888504,6
mp-13268,-0.26021582402777804,12
mp-1077071,-0.051938176666666,6
mp-1198946,-0.813012841825395,36
mp-21230,-0.5545368190277761,24
mp-20345,-0.262743226666666,6
mp-1018146,-0.3122387,4
mp-1077133,-0.7005903600000001,6
mp-1069379,-0.6360015759999991,5
mp-1190957,-0.604908909999998,24
mp-1212488,-2.815770610937499,32
mp-18331,-3.173304159499999,20
mp-22244,-2.744891623333332,12
mp-1188719,-2.522575112962962,18
mp-1077933,-0.200788816666668,6
mp-1072041,-0.318305115000002,6
mp-1025013,-0.32145595999999904,6
mp-636253,-0.165827425000001,6
mp-20188,-0.917849621249999,8
mp-2052115,-0.6805398299999981,6
mp-1018705,-0.420194426666663,6
mp-510471,-1.57731090640625,16
mp-20502,-0.7422639949999991,8
mp-510528,-1.410129850156249,16
mp-607182,-0.632381538333332,6
mp-21436,-0.625907560000001,6
mp-1224750,-0.011903512499991001,2
mp-1184518,-0.787152615416665,4
mp-1224689,-0.19254410833333202,6
mp-1184499,-0.8192354099999971,4
mp-1184790,-0.31988622,4
mp-972965,-4.1566355175,4
mp-1205624,-0.472032237,10
mp-652036,-0.7137692462698401,36
mp-866656,-0.5803992073611091,24
mp-1018176,-0.23961598750000201,4
mp-20353,-0.63112670625,4
mp-19773,-0.6546542750000011,3
mp-648086,-0.533774904999999,8
mp-865386,-0.548507933124998,8
mp-1212456,-0.48467720050001506,15
mp-1104851,-0.582121322499998,15
mp-1104838,-0.32389673642856903,14
mp-1207031,-1.187548964166667,6
mp-1106136,-0.883469320625001,16
mp-863249,-0.7545565268749971,4
mp-19918,-0.8571168275000001,4
mp-1102413,-0.8995877108333351,12
mp-1103746,-1.108896217500001,12
mp-1095527,-0.9460033558333321,12
mp-19714,-0.6984051374999971,12
mp-23989,-1.5530404768181811,44
mp-24092,-0.738397805833332,3
mp-1101836,-2.39419823375,12
mp-505686,-0.674504033645831,24
mp-1224646,-2.531789161250001,28
mp-625147,-2.936812904062501,8
mp-1197842,-2.507300363593749,32
mp-1207092,-1.6341865292708322,3
mp-1212387,-4.221664682777777,18
mp-11422,-0.5360897587499941,2
mp-1078842,-0.39856035187500505,8
mp-1224644,-0.462937899374997,8
mp-1184535,-0.780845451249998,4
mp-752520,-2.572313260833334,12
mp-19819,-0.5669377199999981,2
mp-1212862,-1.730154382499998,32
mp-1191355,-0.213775137777788,24
mp-20444,-0.703228702499998,8
mp-20258,-0.514167974999999,4
mp-1206181,-0.532861574285712,7
mp-1080496,-0.827260184444444,9
mp-1065288,-0.747285812500003,4
mp-1077293,-0.27117108166666704,6
mp-19745,-0.692498597777775,9
mp-1206797,-0.36767713777777605,6
mp-1212640,-2.948039821,30
mp-20224,-0.8076951644444421,9
mp-624070,-0.7820519666666651,4
mp-22656,-0.933321686666666,8
mp-1072097,-0.799347841111104,6
mp-623043,-0.7946337855555481,9
mp-510400,-0.382984297500009,4
mp-1184543,-0.31449813000000004,4
mp-1184522,-0.24603091416666703,4
mp-1184485,-0.8383990116666661,4
mp-1184510,-0.35386996416666405,4
mp-2636,-0.07880844249999701,2
mp-21049,-0.095684053333331,6
mp-1184490,-0.281870002083331,4
mp-580154,-0.669280926111105,9
mp-865590,-0.28294914124999904,4
mp-574004,-0.48449155527777704,9
mp-1184495,-0.44852425250000105,4
mp-1101056,-0.385977500555551,9
mp-977381,-0.37409176249999704,6
mp-20332,-0.67393947611111,9
mp-22028,-0.931498114999996,9
mp-866059,-0.66018253625,4
mp-1206951,-0.32804666944444605,9
mp-865883,-0.32625569124999904,4
mp-703682,-2.624079486670259,32
mp-505546,-0.6324393144971261,24
mp-510575,-2.98195311758613,20
mp-20553,-0.545758339310345,6
mp-1193134,-2.5783200571428573,28
mp-559032,-2.669957121428571,14
mp-555179,-2.9649934303571452,28
mp-940,-1.815181784374996,2
mp-19721,-3.529169375833331,12
mp-542632,-0.41023893499999803,4
mp-543019,-0.413900755,6
mp-20728,-0.49741409222222105,6
mp-1101986,-0.38342262999999904,12
mp-1102948,-0.47267945069444406,12
mp-21305,-0.31015598833333,6
mp-1206977,-1.051586172499998,3
mp-567422,-0.6714214433333361,3
mp-1065668,-0.304200385000001,4
mp-1079303,-0.584412267999999,10
mp-505604,-2.449596327999998,20
mp-1212834,-0.409533869166665,12
mp-569197,-0.9520464433333321,3
mp-753721,-4.18451751,6
mp-510184,-0.282929706666673,12
mp-510401,-1.772993238988093,2
mp-680742,-0.621731799980156,12
mp-1103324,-3.457152366607125,12
mp-1077329,-1.256357791547617,6
mp-16340,-1.351738858214286,3
mp-1191365,-1.7611573090128911,24
mp-1196177,-1.210425760912699,48
mp-37014,-4.141709236666668,12
mp-1184525,-0.35051793749999405,4
mp-1184505,-0.06718808000000101,4
mp-1076927,-0.377176502499999,4
mp-20415,-0.782890306666663,3
mp-11427,-0.8543899049999971,4
mp-21427,-0.8484790149999981,4
mp-11428,-1.229529129999997,8
mp-1422,-1.095334959999998,6
mp-20272,-0.942711262500001,4
mp-17500,-2.891240942222216,36
mp-1191130,-0.6001313124999991,24
mp-1007908,-1.2582599645833241,4
mp-1184135,-0.575390115000004,4
mp-1225554,-1.803203099374997,4
mp-1191899,-0.7734452662500001,24
mp-22789,-3.296628931333332,20
mp-18784,-3.209243283611112,12
mp-1181506,-0.6239021693333311,20
mp-1181428,-0.40004136562500003,16
mp-1184149,-0.00018426249999900003,8
mp-971799,-0.587166917500006,4
mp-1225181,-3.042663056752874,30
mp-2303,-0.389538524999998,2
mp-1104551,-0.206240618076925,13
mp-570093,-0.447582783333335,6
mp-30626,-0.40266908437500004,16
mp-30627,-0.33201823166666605,6
mp-1018682,-0.6522959916666671,6
mp-1079341,-0.458709020555551,9
mp-549728,-2.053910819077379,8
mp-1078837,-0.752816611666664,9
mp-13379,-0.733226008888885,12
mp-865257,-0.654219407916663,4
mp-1225041,-0.715805074999998,3
mp-1213053,-0.585244025555557,12
mp-5068,-0.859501070555547,6
mp-1184115,0.0,3
mp-1104269,-0.29996773999999904,13
mp-3633,-0.431417930769227,13
mp-571253,-0.524913663846153,26
mp-1212845,-0.35160060076922905,26
mp-1212826,-0.5113333042307651,26
mp-1104636,-0.312204245714286,14
mp-1225071,-0.34708141384615204,13
mp-1225092,-0.392188797692305,13
mp-13069,-0.39315426999999803,5
mp-10856,-0.44000702766666505,10
mp-1189046,-0.513219951296295,18
mp-1196250,-0.5008158574074061,36
mp-29888,-0.9665398231250001,32
mp-1188589,-0.330593030263157,19
mp-568509,-0.569724017666666,5
mp-1189246,-0.506387227407407,18
mp-5497,-0.5943035559999981,5
mp-3239,-0.796328545999998,5
mp-5083,-0.474695871999998,5
mp-15186,-2.092032177857141,14
mp-1225120,-1.001650598824403,14
mp-4305,-0.615633444666667,5
mp-2717767,-0.627276983690478,28
mp-3190,-0.45104905566666603,5
mp-5451,-0.448418683999994,5
mp-1202201,-0.279111493076922,39
mp-5688,-0.6511957740000001,5
mp-1104959,-0.323458295,13
mp-571296,-0.636479505999999,5
mp-1104101,-0.342159017055703,13
mp-4487,-0.47516016717240805,5
mp-3453,-0.323516482122016,13
mp-4729,-0.6733114484597701,5
mp-1103936,-0.136714839045098,13
mp-1104330,-1.035077581055556,15
mp-510482,-0.6237881478571411,14
mp-1105062,-0.8361863677551,14
mp-1079335,-0.57081333066671,10
mp-4865,-0.6756636759999961,5
mp-3455,-1.005126015857142,5
mp-12058,-1.030588749857143,5
mp-2764339,-2.145089002575758,11
mp-772838,-2.41569748515625,32
mp-3907,-1.085337290000001,5
mp-4881,-0.826758474,5
mp-21548,-0.44675919692307703,26
mp-3958,-0.718239238000001,5
mp-3218,-0.9313066240000021,5
mp-1079518,-1.065122631000002,10
mp-5386,-1.114515525999998,5
mp-5022,-0.8827668580000001,5
mp-11436,-0.47461614047619005,7
mp-1212805,-0.723462966037414,14
mp-1198824,-0.33295427373422903,41
mp-28472,-0.26138505474359003,39
mp-1198518,-0.801670315476189,42
mp-1197179,-0.6408492209523791,42
mp-1200148,-0.7106897519841291,42
mp-1196703,-0.7052012664285691,42
mp-1213203,-0.372770349832973,32
mp-1212883,-0.297742125555556,18
mp-30970,-0.202081798421051,38
mp-1225474,-0.708177831015623,32
mp-1212895,-0.214900062941172,17
mp-1196963,-0.7014957703999981,50
mp-1212861,-0.8253606421428571,28
mp-1225103,-0.632604327941177,17
mp-866685,-0.47577402482142706,28
mp-1212874,-0.6591104080357131,28
mp-1213067,-0.6980700494642821,28
mp-1212887,-0.5288922662500101,28
mp-4071,-0.5865435013636341,11
mp-31352,-2.352124214430804,28
mp-1225168,-0.6972248407575751,33
mp-862978,-0.39368670791666505,4
mp-1102875,-0.33815931722222103,12
mp-567849,-0.488614176666666,12
mp-12004,-0.569591645238095,7
mp-1205974,-0.631741023333332,9
mp-1205834,-0.619012406666665,9
mp-1068244,-0.573032457999997,5
mp-10529,-0.763127557333331,5
mp-1225165,-0.679822161071427,21
mp-2748835,-0.7548575716269821,21
mp-1102972,-0.7473506830555571,12
mp-556986,-3.272382053939393,44
mp-1025246,-0.588717000238093,7
mp-1198965,-0.687989325277777,36
mp-1212905,-0.6589057458333301,36
mp-1198465,-0.706864369999997,36
mp-1069613,-2.987057762,5
mp-1225044,-0.318670341666665,3
mp-6574,-2.511802817857142,7
mp-1206454,-0.29392877300000003,10
mp-1079052,-0.6895807540000011,10
mp-862981,-0.37796722916666503,4
mp-1205644,-0.8112171169999911,10
mp-3041,-1.9526325049999982,14
mp-7788,-0.7946565115476181,21
mp-2531,-0.08413210526315801,38
mp-1006352,-0.5651152660000001,20
mp-1190062,-0.725142393999999,20
mp-1095140,-0.7478189229999951,10
mp-1078190,-0.326147819285712,7
mp-1225159,-3.059424667727272,22
mp-1225072,-0.38917302749999905,4
mp-866100,-0.31001672749999903,4
mp-862944,-0.38564200749999805,4
mp-1225070,-0.743680840277778,6
mp-1190642,-0.71362531535714,21
mp-1025354,-0.6798233935714271,7
mp-680269,-0.662418391249999,40
mp-1225690,-0.783224501547618,21
mp-9977,-0.30719487357142905,14
mp-31095,-0.6912688439999981,10
mp-647247,-0.416653644999995,30
mp-1212964,-0.573297623750001,24
mp-1225597,-0.6723941694444421,6
mp-1207017,-0.430852453499999,5
mp-1207042,-0.596734001499996,5
mp-13643,-3.07507118113637,44
mp-1205564,-0.801349006000002,10
mp-984743,-0.760073506,20
mp-1188138,-0.623748529499999,20
mp-774547,-3.39246240270834,48
mp-1076961,-0.9155008141666651,6
mp-877,-0.45943556722222406,6
mp-866004,-0.39379759208332904,4
mp-1079059,-0.9226637353333331,10
mp-1078738,-0.45305897533333406,10
mp-1067986,-0.54223360933333,5
mp-12689,-0.88169886333333,10
mp-861984,-0.9634959549999961,4
mp-861985,-0.9427768949999971,4
mp-867214,-0.6863176874999981,4
mp-1070135,-0.28835308799999804,5
mp-861946,-0.254361973749999,4
mp-1205745,-0.23443402299999702,10
mp-862697,-0.7532496969999961,10
mp-863702,-0.287367275416663,4
mp-1205516,-0.393209365999997,10
mp-1232129,-2.173917604999997,14
mp-1206813,-0.6716712289999971,10
mp-1191019,-0.715000024651066,21
mp-19256,-2.915723314623823,22
mp-622190,-0.6202399547614961,40
mp-3776,-0.376083812142858,7
mp-1212977,-2.524230554285712,42
mp-31122,-3.199730765555552,36
mp-1202972,-0.7394910477777771,36
mp-542718,-0.526412842023811,21
mp-540772,-0.7714937901190441,21
mp-1080713,-0.6087899209999981,10
mp-1188219,-0.409602309999998,18
mp-862615,-0.45097431249999603,4
mp-679,-4.057094096999998,40
mp-1213006,-0.40720450149999804,20
mp-1225638,-0.920191396785712,21
mp-31090,-0.8454010419999961,10
mp-866281,-0.705442597499997,4
mp-30610,-1.080020761388889,12
mp-756440,-2.478018743636361,22
mp-1225611,-1.217720370416664,8
mp-1025362,-0.5966808642857141,7
mp-1204807,-0.551159938499998,40
mp-1201657,-0.6606898252777771,36
mp-20799,-0.44690251099999606,20
mp-1184144,-0.8471825649999991,4
mp-863666,-0.689887254999998,4
mp-2234,-2.3661894406874993,30
mp-12671,-3.608096235499999,5
mp-1225518,-3.051055223999999,5
mp-2045437,-3.035733224833333,5
mp-1212960,-0.8730919812962961,36
mp-209,-2.173853193270832,20
mp-13975,-3.507646208468746,5
mp-7064,-3.700666997727278,11
mp-1212897,-0.8741937683333331,24
mp-2752765,-0.9368954994444441,24
mp-4289,-0.9263301324999981,24
mp-1106326,-0.7108851290740761,18
mp-1212876,-0.957604794499999,20
mp-8808,-0.812508271499997,20
mp-1225524,-0.829176276249999,4
mp-555983,-3.836669838750007,32
mp-3688,-3.030940987272725,22
mp-14643,-1.644872913333336,20
mp-559304,-2.201092570666678,40
mp-1178355,-3.3368576393333322,5
mp-774557,-3.037896960462963,36
mp-1225541,-2.137644830458333,5
mp-510085,-0.8607829549074051,36
mp-774567,-3.900576050729167,32
mp-863667,-0.33563325125000104,4
mp-861628,-0.308721125833336,4
mp-1192137,-1.323273260530303,22
mp-1184088,-0.36335115500000104,4
mp-17201,-3.329502641944446,36
mp-30963,-0.259269366403507,19
mp-862895,-0.402019619999996,4
mp-1212920,-0.585587754736844,38
mp-1212925,-0.660634696578945,38
mp-17141,-0.5896025254545441,22
mp-567621,-0.6223152781818191,11
mp-5454,-0.6829082854545471,11
mp-1190853,-0.5735991963636351,22
mp-1205952,-0.36372642296295904,9
mp-570798,-0.733948390615761,29
mp-1212872,-0.834602074482759,29
mp-1192164,-0.681576043636362,22
mp-1205920,-0.7351710099999991,9
mp-12388,-0.7403836566666661,9
mp-568021,-0.430918176999999,5
mp-1017558,-1.104468587749997,5
mp-1191731,-0.623808392651513,22
mp-1188770,-0.17436151062499802,16
mp-568196,-0.764162008571428,14
mp-14503,-0.6922952075000001,22
mp-1105955,-0.787838637499999,20
mp-555081,-1.705177416458331,24
mp-558980,-1.7299277624739582,24
mp-1212880,-0.658207377499998,16
mp-1190715,-0.638584478106059,22
mp-1198546,-0.6417695012499991,40
mp-1213152,-0.706364101249999,16
mp-7290,-1.9805483531874981,20
mp-1105754,-0.783576136874999,16
mp-1711,-0.7682528285714281,14
mp-1106153,-0.556958344374997,16
mp-31058,-1.209328625749998,5
mp-1189478,-0.6160006837499961,16
mp-1191003,-0.649087920645243,22
mp-1105907,-0.265576031874998,16
mp-17168,-0.533069076944447,24
mp-1213162,-0.7966474799999951,24
mp-560114,-4.383207447000001,40
mp-1188131,-0.29249395249999804,16
mp-34580,-3.586204228750002,48
mp-12545,-0.7811134539999951,10
mp-1104774,-0.9930854264285681,14
mp-1191966,-0.6476864465151501,22
mp-11437,-0.548130476874995,16
mp-1189274,-0.354391357499998,16
mp-1213004,-1.157620399999999,14
mp-772087,-2.674941201499999,40
mp-2209213,-3.447885611818182,22
mp-569818,-0.7995605557142851,14
mp-1079090,-0.5039730354999971,10
mp-756277,-3.88635655021212,22
mp-1189719,-1.2508168942592581,18
mp-1184192,-0.010057313749996001,8
mp-1212881,-0.7530480306306301,37
mp-31475,-1.00076607144144,37
mp-1212833,-0.299415060454546,22
mp-1212909,-0.5324867804166651,24
mp-1212924,-0.30102739374999204,24
mp-1212944,-0.45415427708333306,24
mp-1212949,-0.6114999291666671,24
mp-1181425,-0.6310151249019611,17
mp-1212821,-0.6103376594117641,17
mp-862806,-0.49499612217391403,23
mp-1184507,-0.505993655642856,35
mp-1189162,-0.890072707647056,17
mp-1106353,-0.9542503658823571,17
mp-13508,-0.7685124996969681,11
mp-567685,-0.599924862777777,24
mp-571107,-0.566038751527778,24
mp-1212959,-0.148976073333334,24
mp-1212947,-0.204522979166663,24
mp-1212943,-0.40225665583332904,24
mp-28147,-0.35590693,21
mp-1206215,-0.38932472500000204,11
mp-1212840,-1.525137619999998,18
mp-1225684,-0.7386413129814801,36
mp-1192836,-0.534844706333332,30
mp-1225650,-3.966801711578951,19
mp-1199544,-0.610481702608696,46
mp-567517,-0.8298932031481451,18
mp-1200777,-0.791300205789472,38
mp-1213113,-0.9928000138888871,18
mp-1192568,-0.518611482878786,22
mp-1190725,-0.6856752492424221,22
mp-1213169,-0.9551841387878781,22
mp-567994,-0.905856134259257,18
mp-1213202,-3.377986815526317,19
mp-1195957,-0.857498074210525,38
mp-1213158,-1.033908999074074,18
mp-638521,-0.783890886333332,30
mp-31466,-0.7638296814583321,32
mp-1213208,-0.7645699383333301,16
mp-1225819,-0.8863944154365081,36
mp-1213426,-0.533514050625001,32
mp-510595,-0.7449689225,32
mp-1213285,-0.470711541666658,18
mp-11854,-0.8024571637500001,16
mp-1105712,-0.7383613288888881,18
mp-1195860,-0.8473814161111091,36
mp-1189039,-0.49179336958333403,16
mp-1103964,-0.69769362142857,14
mp-1201760,-0.859719146249996,32
mp-1213249,-0.466814301249996,16
mp-1213207,-0.5717711293749971,16
mp-570864,-0.513024055,18
mp-1225792,-0.8000368665476161,36
mp-1200410,-0.8601180498809511,36
mp-1190343,-0.5127006956249971,16
mp-1198040,-0.49540462305555305,36
mp-1213155,-0.40056957571428603,14
mp-1103691,-0.39130597714285503,14
mp-1095508,-2.357647704696182,12
mp-641565,-1.014936598645835,32
mp-1213250,-0.8491702639583351,16
mp-31167,-0.7782292927083351,16
mp-31385,-0.7085839299999991,16
mp-1105965,-0.289004222500003,16
mp-569804,-0.8188898791666661,36
mp-1193693,-0.37707961551724,29
mp-1213336,-0.34492794611110805,18
mp-1189721,-1.8612802305882332,17
mp-1079725,-0.7442821681481471,9
mp-1206002,-0.41952677777778,9
mp-1206054,-0.598192867777775,9
mp-1190071,-0.30012624527777604,18
mp-1213258,-0.279243144074072,18
mp-23039,-0.5357934738314171,9
mp-1205843,-0.6756856738314171,9
mp-1078859,-0.6987378327203071,9
mp-1213480,-0.6777009314743581,39
mp-1213358,-0.916550707188667,39
mp-1188388,-1.4106781323529392,17
mp-1192426,-0.342221312166666,30
mp-1213175,-0.643639700606057,11
mp-29914,-0.7449676566666661,11
mp-1190197,-0.9514364275757581,22
mp-679936,-1.532865904090909,44
mp-1213283,-0.39078838819444,36
mp-1105583,-1.424495490000002,20
mp-1106187,-1.389138157000001,20
mp-1105808,-1.4877245700000001,20
mp-30612,-0.6477011499999991,20
mp-862995,-0.415341891041663,24
mp-1190234,-0.34640623124999803,24
mp-1225972,-2.989450483949843,44
mp-2621,-0.341187935833332,2
mp-13384,-0.833160903001487,20
mp-30339,-0.325917054444441,3
mp-570026,-0.639566118888885,9
mp-864646,-0.31478544166667,4
mp-16745,-0.34986318055555005,9
mp-2755672,-1.536573607864582,32
mp-4044,-1.432454579713541,16
mp-569724,-0.565319087222219,6
mp-12902,-1.108093612499997,8
mp-1188739,-0.46893102166666606,16
mp-1208,-0.57291119111111,6
mp-31182,-0.6488156025,8
mp-1184171,-0.46033289458333104,8
mp-13490,-0.661009991111109,18
mp-12020,-0.415212449999999,8
mp-31183,-0.5421772558333321,12
mp-16624,-0.562638111666666,22
mp-977535,-0.33059408583333105,4
mp-1102155,-0.890246577777773,12
mp-1213107,-0.558038364722222,24
mp-1078592,-0.46317930777777805,9
mp-1225649,-0.320258999999996,12
mp-1024985,-0.6400691416666651,6
mp-1213112,-3.193068186875,32
mp-1078826,-0.620111243333332,9
mp-1225548,-0.5354818933333321,6
mp-1102820,-0.9401311402777771,12
mp-1102457,-1.283022386111109,12
mp-1206326,-0.660029219444446,6
mp-1688,-1.781448482916666,2
mp-772156,-2.852667687083339,12
mp-1095614,-1.698066470833333,12
mp-2053129,-1.7583680303819451,12
mp-1213048,-1.624067244965274,12
mp-11243,-0.9961256566666701,4
mp-2466,-0.9648461144444501,3
mp-1080756,-0.790909730833334,8
mp-1070583,-0.6540795566666701,5
mp-1104598,-0.26545000487179404,13
mp-1774,-0.7018323727777791,3
mp-5197,-0.696248044722218,6
mp-1189333,-0.606931606458331,16
mp-1181423,-0.6370916589583321,16
mp-3093,-0.481723831388886,6
mp-5426,-0.639890588499999,10
mp-2847,-0.653387246666667,20
mp-1190816,-0.6379020765277761,24
mp-1191929,-0.5943680531944501,24
mp-13342,-0.62449847111111,24
mp-1191359,-0.648689226527777,24
mp-1192093,-0.605055370277785,24
mp-1213140,-0.565673765151515,44
mp-1194043,-3.567248622833331,30
mp-3769,-0.8142960758333341,5
mp-1193092,-0.186069606428571,28
mp-23245,-1.009372189166669,2
mp-546621,-2.423718180625001,8
mp-549709,-2.475584263749999,8
mp-551250,-2.332201546875,8
mp-1206953,-1.024012719444447,3
mp-30454,-1.166693212777782,3
mp-1205914,-0.732850114444447,9
mp-1206859,-3.3549093016666642,6
mp-867,-0.29860216499999603,2
mp-11296,-0.268625276666665,3
mp-7303,-0.23052314874999702,8
mp-977378,-0.268889338333331,4
mp-1206166,-0.6309981733333381,9
mp-1184163,-0.663572987500001,4
mp-12008,-0.244247275,6
mp-1078684,-0.48321948805554904,9
mp-1184161,-0.333100646249999,4
mp-1072598,-0.36060830999999505,6
mp-863738,-0.7462033175,4
mp-863739,-0.5866167199999971,4
mp-863029,-2.431907822708332,8
mp-755689,-3.530002386666666,6
mp-537,-0.226923386666662,6
mp-411,-0.187152956666664,12
mp-5353,-0.506680013055556,6
mp-1197872,-0.934474517936506,36
mp-1103425,-0.694344364166667,12
mp-1195740,-0.8369715454365071,36
mp-1213100,-0.6108204219444431,24
mp-8475,-0.33084122666666604,6
mp-13501,-0.350624124999998,4
mp-1095692,-0.6670241999999911,12
mp-562779,-2.653127237499942,20
mp-1102621,-0.715657740833329,12
mp-3128,-0.737320739999999,8
mp-11851,-0.483224094999998,12
mp-1206309,-0.42982633083333205,6
mp-985700,-0.726430199722223,24
mp-19063,-3.236585073,20
mp-19240,-2.784355649999998,12
mp-1105511,-2.5481903762962963,18
mp-1955,-0.284538626666666,2
mp-1024991,-0.28406123111111004,6
mp-1077498,-0.242329630277779,6
mp-1077290,-0.35113145833333503,6
mp-1077518,-0.38340395388888904,6
mp-10993,-0.9088039158333351,8
mp-9390,-0.683838533333332,6
mp-16751,-0.370824046666659,6
mp-1225628,-1.352142200416665,12
mp-567983,-1.235050552421874,24
mp-12454,-1.588405923489585,16
mp-8122,-0.727603939444447,6
mp-1206800,-0.590970386666665,6
mp-555884,-2.001534555984848,44
mp-9371,-4.498629927083332,16
mp-474,-0.12087615499999801,6
mp-1206739,-0.522678315999999,10
mp-569783,-0.09930148166666701,12
mp-3045,-0.25021194486111203,12
mp-1200519,-0.7476422793253951,36
mp-1191434,-0.63937201736111,24
mp-1018064,-0.27656687749999803,4
mp-2017657,-0.151400447777779,6
mp-1225543,-0.269306496666663,6
mp-1018077,-0.731367804166666,4
mp-2422,-0.72364276111111,3
mp-1189735,-0.368264194166667,18
mp-1225514,-0.41214160055555704,6
mp-1025508,-0.655390270000003,8
mp-1225816,-0.5611629586111111,18
mp-1079745,-0.8556462970833321,8
mp-1184195,-0.558429037083332,8
mp-1213036,-0.48541760849999604,15
mp-1103943,-0.5840378551666661,15
mp-1095496,-0.526740676666663,12
mp-1025225,-0.46327350392857203,7
mp-1103883,-0.32652995261904605,14
mp-1225586,-0.8840810427777791,6
mp-11433,-0.49133226500000005,12
mp-1102196,-0.899014585833332,12
mp-1102207,-0.6538083274999941,12
mp-31387,-0.957429113611112,12
mp-1102669,-1.10979886083333,12
mp-1103035,-0.9095145008333281,12
mp-863711,-0.8602678368749961,4
mp-2264,-0.8526977424999961,4
mp-18606,-0.783066558125,16
mp-1198064,-0.530612717291665,48
mp-21153,-0.9507154766666671,12
mp-1106394,-0.9837118883333311,18
mp-20819,-0.9152717387499991,16
mp-13579,-1.1327848883333291,12
mp-20043,-0.9901156549999991,12
mp-1213221,-0.870709321666664,24
mp-19841,-0.732831362499999,12
mp-24192,-0.79694178361111,3
mp-1202664,-1.031891253289473,38
mp-1101811,-2.43061497875,12
mp-1190750,-0.720730351979166,24
mp-24051,-1.610010280416666,6
mp-504801,-3.025769705312499,8
mp-1206742,-1.64061590704861,3
mp-1184159,-0.604877744999999,4
mp-2468,-0.563747810416671,2
mp-866102,-0.374773678958334,8
mp-866003,-1.627420114999998,8
mp-11370,-0.5532015666666651,2
mp-1213359,-0.639049891333333,40
mp-1291,-0.485002693333335,4
mp-1206255,-0.376849201904761,7
mp-30340,-0.351657399999997,4
mp-30375,-0.8569172288888901,9
mp-30376,-0.781622655833331,4
mp-3950,-0.49477081777777704,9
mp-1206262,-0.32330896222222305,6
mp-31427,-0.5009510888888861,9
mp-1024983,-0.40161788611110705,6
mp-4508,-0.812571187777771,9
mp-11371,-0.8393273691666661,4
mp-3526,-1.137952625555556,9
mp-3141,-0.7509894155555541,9
mp-977400,-0.7824713066666661,4
mp-2713,-0.921583655000002,2
mp-1495,-0.8424371300000021,6
mp-1184202,-0.29848373249999904,4
mp-1184169,-0.5589149587500011,4
mp-1184363,-0.42689341166666506,4
mp-2228,-0.051854572499998,2
mp-862681,-0.033069351249999004,4
mp-1079097,-0.253396792222218,9
mp-1184233,-0.29576571958333203,4
mp-1205975,-0.6713371372222171,9
mp-1184216,-0.782522481249998,4
mp-863672,-0.26142613874999804,4
mp-1207050,-0.470272780833331,9
mp-863674,-0.43402499250000304,4
mp-1205779,-0.348407178333332,9
mp-1079435,-0.6883455616666591,9
mp-1184217,-0.7482107987499921,4
mp-862993,-0.531458319999999,6
mp-1205770,-0.283102982777782,9
mp-977433,-0.328422618749999,4
mp-11855,-0.12930037993294902,12
mp-19345,-2.657208089795258,32
mp-1213028,-0.22603686135278403,13
mp-1190787,-0.678336974099616,24
mp-19217,-3.082495226252873,30
mp-1194158,-2.593221584999999,28
mp-559004,-2.685698043571428,14
mp-556766,-3.001477765,28
mp-19830,-2.099608916041667,2
mp-5370,-3.577529446666666,12
mp-867919,-0.354396067499999,4
mp-567314,-0.48230729374999903,8
mp-1939,-0.48024980999999806,6
mp-6098,-0.520914910555555,6
mp-1051,-0.43645612916666704,12
mp-1025001,-0.40452165833333203,6
mp-12965,-0.507394170694443,12
mp-853,-0.336448439999999,6
mp-1201645,-0.5308241813888881,36
mp-31130,-0.43014614204545304,44
mp-1212933,-1.044971049166662,12
mp-27895,-0.5773542002777761,24
mp-1206712,-0.661394963333332,3
mp-11723,-0.34271762,4
mp-20676,-0.8103516824999961,12
mp-582572,-0.6914187406249991,16
mp-18983,-2.5175578599999993,20
mp-1103423,-1.219866999047618,12
mp-21272,-0.9674753699999991,3
mp-622620,-0.6682833075000041,12
mp-1196661,-0.554825608333331,48
mp-1072193,-4.288221441666665,6
mp-1102333,-0.34757727249999804,12
mp-1144,-1.842191485654762,2
mp-4006,-3.512368879107143,12
mp-8919,-1.273204666547616,12
mp-1191596,-1.766293782624008,24
mp-5036,-1.1868789643849191,48
mp-1225447,-4.194246933333335,6
mp-867918,-0.43422516000000205,4
mp-388,-0.23868868749999403,4
mp-30377,-0.657796673333332,3
mp-851,-0.960327171666666,2
mp-2825,-0.9444008058333321,4
mp-1079880,-0.7135944377777751,9
mp-1025444,-1.431816634166665,8
mp-1913,-1.144343858333336,4
mp-18341,-2.816598800925924,36
mp-1102143,-0.32741575861111405,12
mp-2381,-0.946752164999997,2
mp-1762,-0.758850688333334,6
mp-863735,-0.5773328749999981,4
mp-568727,-0.527191843000001,5
mp-1213022,-2.596618729999998,20
mp-569220,-0.36259046999999806,12
mp-1206911,-0.24514390700000202,5
mp-1623,-2.1950863680729142,2
mp-27616,-2.457800981215276,6
mp-10932,-3.323758545381942,6
mp-2191,-1.311072816666666,2
mp-1213308,-2.879032631666668,24
mp-11836,-1.234696921111113,3
mp-16329,-1.377276774444444,3
mp-1213025,-0.986485035833329,12
mp-2491,-1.925282436197914,2
mp-23086,-2.495219490390624,24
mp-28458,-1.969166459114586,6
mp-1079295,-0.887121011666668,8
mp-12382,-0.8244866349999981,8
mp-8535,-1.059357048333332,12
mp-1204590,-0.6968811236111101,36
mp-1084844,-0.5665832861111101,9
mp-20733,-1.09285086916667,12
mp-1213005,-0.8102410091666631,12
mp-1206269,-0.5033257210000001,10
mp-17093,-1.011576034583331,24
mp-3352,-0.992638473125,16
mp-1102879,-1.20460136666666,12
mp-22114,-1.046891779166663,12
mp-1213010,-1.032030794166668,24
mp-22247,-0.8540222716666631,12
mp-1205505,-0.5969271620000001,10
mp-30613,-0.559702638333332,6
mp-5640,-0.8443013916666671,3
mp-1071492,-0.5998341366666651,6
mp-1078876,-0.851634797222217,9
mp-1079874,-0.9320272594444401,9
mp-5850,-0.891888471249997,4
mp-1079826,-1.087031060555558,9
mp-30611,-1.009108922500002,8
mp-31298,-0.905734998333331,9
mp-862931,-0.8253240662500001,4
mp-866285,-0.39388771374999904,4
mp-3444,-3.7420844770555473,12
mp-863679,-0.425428669333328,4
mp-1095604,-0.24928374861111002,12
mp-1212634,-1.312955669444444,12
mp-1184246,-0.463069272499998,4
mp-1212930,-3.542939039722222,12
mp-4743,-0.696477607777776,6
mp-20918,-0.7369731900000001,6
mp-1054,-0.30306956166666904,4
mp-1213125,-2.3787695129861133,48
mp-1105213,-0.8968155841681551,20
mp-1213014,-2.5078555927777773,24
mp-1195632,-0.8502220976965531,48
mp-2431,-0.191784962500006,4
mp-30609,-0.648914547777773,9
mp-4123,-1.734548867083325,4
mp-570117,-1.6069722595052,4
mp-1007907,-1.243756399166658,4
mp-1184302,-0.017941169583338003,8
mp-1184249,-0.567937122083328,4
mp-1184242,-0.402363897500001,4
mp-1184245,-0.294737454166669,4
mp-10983,-0.7305981127777771,24
mp-19205,-3.3105158775,20
mp-18960,-3.212660742500001,12
mp-1188587,-0.306758343124997,16
mp-1660,-0.39338106916666504,2
mp-30614,-0.19413086717948902,13
mp-1025096,-0.44265713777777904,6
mp-1188367,-0.395599820833334,16
mp-1018694,-0.6621560427777781,6
mp-1212934,-0.6463387833333301,12
mp-1078524,-0.47769354333333003,9
mp-1079852,-0.7658218733333311,9
mp-1102795,-0.988830353333331,12
mp-1212903,-0.751400820833333,12
mp-977538,-0.6963999724999981,4
mp-1212948,-0.5560460433333301,12
mp-1184237,-0.543503887499998,4
mp-5848,-0.8926948944444411,6
mp-21462,0.0,2
mp-1078223,-0.362122011666667,7
mp-1206337,-0.40067043699999905,5
mp-567527,-0.214834057391302,46
mp-1104923,-0.29434272192307703,13
mp-569200,-0.356285661153845,13
mp-504740,-0.369575167045445,44
mp-13485,-0.677896774000002,10
mp-30022,-1.99547672590909,22
mp-20867,-0.489557803000002,5
mp-20151,-0.517309679000001,5
mp-1103889,-1.6562228723214272,14
mp-1103552,-1.4497954123214272,14
mp-20595,-0.404180725,5
mp-1225559,-0.336446937,5
mp-1069444,-0.7979858279999981,5
mp-638841,-0.808824886,5
mp-4050,-0.6950173219999991,5
mp-2646920,-0.47009871984848406,44
mp-20976,-0.789409270999999,10
mp-20578,-0.5767763138888861,18
mp-540879,-3.070756872976189,28
mp-1189309,-0.30722446574074,18
mp-1199986,-0.351976107685186,36
mp-1080767,-0.621575202000002,10
mp-1070314,-0.6025471319999991,5
mp-22609,-0.737578228190474,5
mp-19774,-0.554503040999998,5
mp-627640,-0.8604378440625,32
mp-570456,-0.6449324500000011,5
mp-1206612,-0.442017829000002,5
mp-20038,-0.8829008268571451,5
mp-672294,-0.574426182999999,5
mp-10442,-0.37066081142857205,7
mp-3557,-0.42947091900000206,5
mp-9418,-1.806413884285714,14
mp-505769,-0.520817588000001,10
mp-3412,-0.429998627,5
mp-1069357,-0.361400986999993,5
mp-1193960,-2.434872680535712,28
mp-645690,-2.2508127051785722,28
mp-541052,-2.4338074325595223,28
mp-1193984,-2.240364022202381,28
mp-20890,-0.572681214,5
mp-20095,-0.8869592088571431,5
mp-20856,-0.559540355336134,17
mp-582357,-0.45231711099999905,5
mp-1197356,-0.365364396136364,44
mp-1203832,-0.47277148954545506,44
mp-1198816,-0.522650795,44
mp-1225526,-0.640922341500002,20
mp-1226022,-0.671865846857141,20
mp-945228,-0.5688677280000001,20
mp-1104392,-1.20667493875,14
mp-1103807,-0.8658765985714261,14
mp-1068398,-0.5034884070000001,5
mp-570058,-0.702178527,5
mp-1080180,-0.8322511249999961,10
mp-626981,-0.9008529070000001,5
mp-21417,-0.6101206650000021,5
mp-1193160,-2.3974637599999973,28
mp-1193885,-2.191607405982142,28
mp-1192981,-0.40996482130952305,28
mp-21952,-0.34444788189394604,44
mp-608777,-0.59517001166667,10
mp-606777,-0.45269467285712905,14
mp-1105168,-1.2839390154761912,14
mp-645692,-2.225436789583333,28
mp-1206394,-0.9391247360000001,5
mp-1006146,-0.5371447850000021,5
mp-1212857,-0.338362518000001,5
mp-643738,-0.43500304361111203,9
mp-1206478,-0.957810040857144,5
mp-582736,-0.798328447000001,5
mp-3627,-1.037706652499999,15
mp-580731,-0.36162469578946604,19
mp-21672,-0.635083087226888,34
mp-6992,-0.714755989999999,5
mp-3333,-0.577305199000001,5
mp-3758,-0.8826390088571431,5
mp-570308,-0.6209355390000041,5
mp-1188524,-0.6965870141596641,17
mp-21386,-1.082179218857144,15
mp-1213012,-2.862485250302213,26
mp-20802,-0.7919073121904711,5
mp-581754,-0.8909000228571471,5
mp-8582,-0.9756254168571411,5
mp-22788,-1.061479302190477,5
mp-2929310,-2.525709791818181,11
mp-20855,-0.44588589088235403,17
mp-504900,-0.861824286999998,10
mp-22653,-0.31737333766666403,5
mp-21229,-0.511080367000001,5
mp-21849,-0.936589553,5
mp-4768,-0.641890452999984,5
mp-20115,-0.843193432999999,5
mp-1076931,-0.8917207990000021,5
mp-21383,-1.058569800999998,5
mp-581736,-0.8146155849999981,5
mp-1079406,-0.7266008659999991,10
mp-1193787,-2.2554064762499992,28
mp-1017559,-0.674547756000004,5
mp-1225416,-0.384338646000001,5
mp-19808,-0.40028274700000105,10
mp-1069383,-0.716914916857145,5
mp-1069042,-0.5563851390000031,5
mp-22133,-0.33761572300000103,5
mp-1193786,-0.817448244310346,29
mp-1225828,-0.32544317041666604,12
mp-1190659,-0.66169265409091,22
mp-1225966,-0.145232135833328,12
mp-542930,-0.599765862678571,28
mp-645591,-0.633863276964285,28
mp-1225527,-0.28761860583333204,12
mp-1184199,-0.44498405291666804,4
mp-1225642,-0.447779401538462,13
mp-1225411,-0.9270975856868121,13
mp-1226033,-0.598946259166667,21
mp-2752787,-0.638147063690477,21
mp-1212596,-3.142628444814783,36
mp-570529,-0.618533498787878,11
mp-582389,-0.390264084583334,10
mp-1077381,-1.5989768523611132,6
mp-1192731,-1.466280629861112,24
mp-1225365,-0.6162237891666641,9
mp-1193935,-1.608123470535714,28
mp-582618,-1.788396470714288,7
mp-1183962,-0.48310122750000106,4
mp-1183888,-0.5492283262500041,4
mp-1191681,-0.6799005982142861,21
mp-1190438,-2.142991763730158,21
mp-1103514,-0.503538535631867,13
mp-1194919,-2.023437850238095,42
mp-1192020,-1.7938099050000011,24
mp-1190652,-2.102865904206349,21
mp-1225340,-1.245295642380956,7
mp-1079126,-0.6232069008333341,9
mp-1225377,-0.770331779532966,13
mp-609413,-0.6138744379166691,12
mp-1225364,-0.49342352450000204,10
mp-1095642,-0.6988298433333371,12
mp-1102390,-0.652630449166667,12
mp-1018691,-1.128171491458333,6
mp-1205815,-0.670996603611112,9
mp-634945,-0.6883325719444421,9
mp-1181527,-3.580571941733335,20
mp-558258,-2.394903188999999,10
mp-1095519,-0.32638727972222104,12
mp-1184056,-0.49055253479167105,4
mp-1095160,-0.709605048333334,10
mp-1095035,-0.8804075923333301,10
mp-1184025,-0.27366658791666804,4
mp-982662,-3.341890984583333,24
mp-1183884,-0.251802847083338,4
mp-1225492,-0.840433428604584,13
mp-1190662,-3.15131592941092,24
mp-1212961,-0.907163462916666,12
mp-1213102,-2.8287707165625062,16
mp-1213550,-0.633140870432331,38
mp-1225511,-0.666482582222222,9
mp-1213320,-0.7574772968131851,26
mp-1017564,-3.4451725570000002,5
mp-1225298,-0.9942163315476191,9
mp-613052,-1.7022517449107162,4
mp-1225319,-1.854195227619047,4
mp-569689,-1.516143607410716,4
mp-1191889,-2.084046791818179,22
mp-542297,-2.727015809722224,18
mp-1199270,-0.9381358875000011,40
mp-2035614,-0.9670816629999991,40
mp-1102477,-0.5312665066666681,12
mp-1191372,-0.518799680277779,24
mp-1225441,-0.547441570000001,6
mp-22765,-0.798639995000002,12
mp-1225277,-0.724125177,10
mp-1105156,-0.8473348055000001,20
mp-555322,-3.1570140675,32
mp-1191010,-1.436954023541666,24
mp-554546,-3.3505540007142898,28
mp-22504,-1.767748430178569,14
mp-1213070,-0.750812158333336,12
mp-31293,-0.521666737777781,18
mp-867477,-0.757291811875006,4
mp-2759501,-1.628367048392854,28
mp-632490,-1.673492965000001,28
mp-1191288,-3.470849617242424,22
mp-1205947,-3.442870456733334,10
mp-1025200,-3.454467420476194,7
mp-1184281,-0.46302055749999405,4
mp-1184263,-0.573754386875002,4
mp-1184473,-0.40420174750000504,4
mp-1184322,-0.333306868333339,4
mp-19815,-3.080261765714289,7
mp-1104145,-0.8367262591326541,14
mp-1184310,-0.36410854687500305,4
mp-1095470,-0.5652314225,12
mp-1184464,-0.34992546166666805,4
mp-1078980,-0.991705112857144,10
mp-1225253,-0.8470692518406591,13
mp-1189098,-0.953284135555557,18
mp-1205409,-1.192233544656084,18
mp-612175,-0.9303339168181831,11
mp-559134,-1.335224040769232,26
mp-672322,-0.6110867070588241,17
mp-505346,-3.184027536666667,22
mp-1193402,-0.43009993076923303,26
mp-636287,-0.49799894409090906,11
mp-1189104,-0.887354288174604,18
mp-1200526,-0.8063613013888911,36
mp-1095238,-0.68377789409091,11
mp-1188263,-0.834191155767195,18
mp-1080739,-3.34014357888889,9
mp-1199837,-0.8334100752777801,36
mp-1193516,-0.780717212857145,28
mp-621667,-0.26552841999999804,10
mp-1019729,-3.325880598333335,18
mp-1104668,-1.003441572857144,14
mp-1189094,-0.450594708750005,16
mp-1104457,-0.6917288836666691,15
mp-1102298,-0.8314095677777731,12
mp-1225434,-1.157838568095238,14
mp-672286,-0.473044993000002,10
mp-1184542,-0.6181579725,16
mp-1194348,-1.020835675204082,28
mp-1189484,-0.6642021062500021,16
mp-1069296,-1.453046447333332,5
mp-1193614,-0.9699902750850351,28
mp-1188621,-3.333018813999996,20
mp-2745640,-3.074490794204548,22
mp-1105092,-1.202033099557821,14
mp-1105286,-0.630571121000002,15
mp-1104698,-0.863424837000002,15
mp-1189512,-0.334533219374996,16
mp-1199220,-0.28018207374999804,40
mp-1103738,-2.140964930892855,14
mp-1213142,-0.5000219770000051,40
mp-1199325,-0.53980420075,40
mp-1212891,-0.674541120625004,16
mp-2748966,-3.19592460532576,22
mp-867318,-0.296250978749995,8
mp-20995,-1.227785142500002,14
mp-1205141,-0.6799877322368441,38
mp-1078184,-1.553012295,7
mp-1104641,-1.103729497857151,14
mp-559031,-2.567701471363641,22
mp-28546,-2.880816175454547,22
mp-1191507,-2.111709546363637,22
mp-623108,-0.321069992999997,10
mp-1201125,-1.6149960055833321,40
mp-1078192,-1.72598407071429,7
mp-1189832,-2.100365121749999,20
mp-1106024,-1.096196096562501,16
mp-1202692,-3.153474207361113,36
mp-1188517,-1.049960910625003,16
mp-1193503,-1.2229432823076951,26
mp-1189588,-0.154517006250003,16
mp-1188934,-0.740883068124999,16
mp-647532,-3.249664401139456,42
mp-1212781,-3.341644417329932,42
mp-1212818,-3.317399985663267,42
mp-1104610,-0.47608382571428703,14
mp-1104413,-0.6839428435714341,14
mp-1196458,-0.896988153055556,36
mp-1105949,-1.073759988125001,16
mp-1190061,-0.585920125000001,16
mp-558207,-3.492860900952382,42
mp-1188090,-0.7856823581944481,18
mp-1190780,-3.919676888095239,21
mp-1106137,-0.534830038500004,20
mp-1192827,-0.274139874545458,22
mp-665747,-0.30951002000000105,8
mp-1436,-0.308942046666667,6
mp-542568,-0.173007971666668,6
mp-21330,-0.7703992797222251,6
mp-23378,-0.681513990000003,6
mp-20482,-0.890965169325397,6
mp-22707,-0.7919771855555591,6
mp-1189619,-0.354774603499998,20
mp-20111,-0.43316214833333305,6
mp-1190090,-0.503950480625,16
mp-1019732,-3.413126838214287,28
mp-1225214,-0.34761713916666703,6
mp-1025136,-0.37079765416667004,6
mp-1189717,-0.754578290833333,18
mp-582799,-0.318779513000001,5
mp-1225219,-0.48184325321428506,14
mp-21407,-0.41566064624999804,12
mp-1103193,-0.6672081458333371,12
mp-1206175,-0.6183398200000001,6
mp-1225173,-0.559862663333333,3
mp-1101926,-1.143880177916669,12
mp-1078796,-0.619419693125002,8
mp-19729,-0.912312789166666,6
mp-13576,-2.453927178750007,12
mp-1025079,-1.019080654166664,6
mp-20732,-1.081193804166667,6
mp-1078589,-0.8053756025000031,8
mp-1071698,-0.743723903333335,6
mp-510098,-0.42999690250000605,6
mp-1742,-0.7916288599999951,2
mp-20084,-0.7421462549999991,6
mp-1191219,-0.564065061666662,24
mp-20182,-0.49975093199999704,5
mp-646926,-0.21817845333333202,6
mp-582826,-0.27135958874999805,8
mp-510402,-2.233706316406248,2
mp-558122,-2.623044390714286,28
mp-3799,-3.292370790937499,6
mp-556135,-2.115598449166665,6
mp-16801,-2.965592414642858,28
mp-510403,-1.336321550000001,2
mp-21061,-1.15237022333333,6
mp-11839,-1.189332089999997,3
mp-2754054,-1.5973055526041642,12
mp-4796,-0.7481130849999971,6
mp-510490,-2.262785510687499,20
mp-22480,-0.64011124333333,6
mp-510404,-2.009486029531245,2
mp-1018707,-1.7896117877083282,6
mp-556551,-2.458681240390625,24
mp-601371,-0.7704727649999991,8
mp-21192,-0.544628723333333,6
mp-1079677,-0.8214942275000011,8
mp-622508,-1.019235991666669,6
mp-1069477,-0.8128054280000011,5
mp-1190689,-0.551369402500001,24
mp-1079690,-0.55599154722222,9
mp-1224641,-0.882602085000002,6
mp-1071675,-1.154445103333331,6
mp-1189670,-1.133123935624998,16
mp-19875,-0.8194931200000011,6
mp-1071567,-0.6138851616666631,6
mp-20514,-0.915463206666667,3
mp-15059,-3.447328515555556,36
mp-1206580,-0.6340192883333331,6
mp-1103503,-0.9382891950000001,12
mp-1079739,-1.080331086111114,9
mp-1079214,-0.9733758237499981,8
mp-4875,-3.693003387888868,12
mp-1184509,-1.601623279999998,2
mp-1076964,-1.364811198333332,6
mp-1224571,-1.794213199374994,4
mp-1184613,-0.368140685,4
mp-39684,-2.7835351125757573,44
mp-1212518,-3.511843787222206,12
mp-20869,-0.691532654444448,6
mp-19966,-0.44317195500000306,2
mp-1212617,-2.362179484652779,48
mp-1212540,-2.487807592361111,24
mp-20503,-0.294202835,4
mp-30692,-0.6918232066666591,9
mp-569393,-1.583077544531249,4
mp-1065609,-1.287558399166655,4
mp-1018708,-0.383456843333334,6
mp-1184532,-0.8316884075000051,4
mp-1224527,-1.716106133124995,4
mp-1203163,-2.165693715390625,48
mp-1191160,-0.677755479444443,24
mp-541177,-3.252683904,20
mp-22024,-3.1765945025,12
mp-1212572,-0.31622549062499705,16
mp-1224920,-0.13179753458333301,24
mp-1224599,-0.7694163474999981,6
mp-1224479,-3.37396265090909,22
mp-2497,-0.344962142499998,2
mp-1076988,-0.397186983333331,6
mp-1078542,-1.983100411874999,8
mp-1077244,-0.564951115833333,6
mp-13159,-0.6764154991666681,12
mp-1018711,-0.522729821666663,6
mp-545506,-2.029670577410714,8
mp-1080178,-0.7352363177777771,9
mp-1103440,-0.7078137799999991,12
mp-1224549,-0.605391453333331,3
mp-1212520,-4.19869627277777,18
mp-1184742,-0.45291001874999903,4
mp-1071459,-0.8814114916666671,6
mp-32,0.0,2
mp-27218,-1.813037871153854,26
mp-560370,-0.7537919746428551,28
mp-28291,-2.252315123333333,30
mp-1205339,-1.505156669409721,18
mp-13688,-0.15085383499999902,12
mp-10032,-0.083478636666669,6
mp-21673,-0.456285174749996,40
mp-540792,-0.8114880353571421,28
mp-27928,-0.645926714285713,28
mp-14791,-0.267630935370369,9
mp-23560,-1.93059506552631,38
mp-541312,-0.27922211454545404,11
mp-1190647,-2.356915264090908,22
mp-975924,-0.6481776277539061,32
mp-672289,-0.192592425714287,28
mp-16610,-0.08410202074999801,40
mp-542587,-0.42155994099999805,20
mp-1199965,-0.7269584343749991,32
mp-976401,-0.6798486583789051,32
mp-21945,-0.333466139749998,40
mp-541844,-0.37851821,36
mp-9548,-0.060294584583334004,12
mp-17524,-0.06242388249999901,24
mp-1224371,-0.10465977083333101,6
mp-29249,-0.328340144947918,24
mp-541610,-0.927984858749999,24
mp-571246,-1.061983198249999,40
mp-30086,-1.004032483,20
mp-557432,-1.8120367205555552,36
mp-9816,-2.463361219999999,5
mp-28369,-0.40454953074999905,10
mp-1181222,-0.035604320499999,20
mp-27922,-0.594992870555555,9
mp-23266,-0.586300152499999,40
mp-208,-0.36219304874999303,8
mp-494,-0.15494494125000402,8
mp-470,-2.156655663333334,6
mp-1095275,-0.009709900654762,12
mp-28883,-2.480163571928557,20
mp-554699,-1.929228152999997,30
mp-624190,-0.7325704929999991,20
mp-1424,-0.46116567749999804,8
mp-423,-0.5388015261111101,9
mp-1103057,-0.318894921666663,12
mp-541785,-0.6512282284999991,10
mp-542640,-0.48595396374999905,8
mp-16315,-0.32251462874999903,8
mp-1101755,-0.751083493333332,12
mp-20817,-0.7084225741145841,12
mp-22239,-0.561751507500002,8
mp-22585,-0.470515416666666,12
mp-2242,-0.50118695875,8
mp-572892,-0.6633624314583321,48
mp-700,-0.451703091171873,8
mp-540625,-0.5793224153125001,48
mp-938,-0.035467995000001,2
mp-1224373,-0.49359400333333203,12
mp-24118,-1.396475587105267,38
mp-730101,0.0,8
mp-697111,-1.280002993333333,12
mp-696805,-0.17075468302083302,24
mp-690733,-1.537739237142857,14
mp-23866,-1.103392158549106,28
mp-625509,-1.02984396275,5
mp-2802611,-1.14754225975,5
mp-27694,-0.8202991431944431,36
mp-1184796,-1.406990803749999,10
mp-1524481,-1.27488559425,10
mp-29145,-0.348918901875,16
mp-626256,-1.054001367656249,32
mp-27714,-1.536370098750001,20
mp-24463,-1.615766862916666,36
mp-23675,-0.693757084166665,12
mp-1021328,-0.255563410999999,5
mp-23778,-0.707929925625,16
mp-721896,-0.38504973218750105,32
mp-28281,-0.5370794171875001,32
mp-643062,-0.572706234166666,12
mp-34337,-0.7607981116666671,6
mp-23794,-1.064550205,12
mp-23798,-1.616612944642856,28
mp-1197921,-0.45013209416666505,36
mp-29095,-1.48087888925,40
mp-780738,-1.062688287083333,24
mp-31043,-1.273526368281249,32
mp-625924,-0.7917279991071431,28
mp-1203058,-0.878527862386363,44
mp-28003,-1.684141569318182,22
mp-2767413,-0.9560375963636351,22
mp-721084,-0.5261761113749991,40
mp-1198625,-0.809906205624999,40
mp-28123,-1.46490793489585,24
mp-28124,-1.514483202142849,28
mp-643735,-0.822487205,34
mp-24227,-0.849392803529412,17
mp-1224602,-1.125174311180555,18
mp-1203251,-0.7272152828906241,32
mp-632229,-0.517332130624999,4
mp-1190216,-0.9274737307291671,24
mp-3346792,-0.680053226979166,24
mp-632326,-0.814491893125,4
mp-1536913,-1.723253988124999,4
mp-2929431,-0.27003562281249904,8
mp-643727,-1.370477384062499,16
mp-697084,-1.2150349734374981,16
mp-1184548,-0.089348971874999,4
mp-765597,-1.4211259369791671,48
mp-23158,0.0,1
mp-103,0.0,2
mp-1104561,-0.408610126923075,13
mp-1224395,-0.38733821153846104,13
mp-28040,-0.20640690904761902,21
mp-650960,-0.855031357380953,42
mp-571367,-0.726055823999999,5
mp-15986,-0.6142256198571361,5
mp-1104438,-0.28559724576923,13
mp-22018,-0.27693997827586203,13
mp-753669,-0.14791065283819402,13
mp-1104089,-0.49234359857142806,14
mp-1104541,-0.791054988707484,14
mp-14444,-0.800161286980819,18
mp-29420,-1.036272630113638,44
mp-571313,-0.922353281208334,30
mp-571147,-0.773438896000001,5
mp-29419,-1.083728778636363,11
mp-1198074,-1.017656272370373,45
mp-1198311,-0.933557288967596,45
mp-984696,-0.66997721444445,27
mp-1025167,-0.349141078571431,7
mp-976724,-0.350300504285716,14
mp-1224607,-0.39755268583331305,18
mp-1224484,-0.51363609590517,16
mp-1224489,-0.49084644312500103,16
mp-30703,-0.568396866904761,42
mp-1194313,-0.454722904999999,29
mp-1203331,-0.7004952053124991,32
mp-1200507,-1.056826605803571,32
mp-32873,-1.32180747972005,48
mp-13155,-0.11359852500000502,3
mp-1224327,-0.5988095116666631,6
mp-570784,-0.64716877888889,18
mp-1223820,-0.444173343333333,6
mp-1223870,-0.6895392691666681,12
mp-1223802,-0.500790564166668,6
mp-1199529,-0.8002296161111101,36
mp-30383,-0.47882607000000604,3
mp-1223830,-0.7863277143518491,9
mp-1072744,-0.19348328666667103,6
mp-35799,-2.9424936049999912,22
mp-1223850,-1.6278278021875,4
mp-13137,-1.510628716953128,8
mp-1018156,-0.09470776,3
mp-607990,-0.7334071536111091,36
mp-18581,-0.9557616990476211,36
mp-1224059,-0.37642422999999803,6
mp-1184586,-0.657288555000008,4
mp-866088,-0.5066660425,4
mp-1212482,-0.512535153636361,22
mp-30581,-0.159939316666665,3
mp-977567,-0.29158919062500005,4
mp-1184609,-0.33759410374999804,4
mp-2754,-0.18248093541665802,24
mp-1223824,-0.565237062500001,12
mp-864890,-0.6709873499999991,4
mp-865179,-0.5233899349999971,4
mp-1184678,-0.576664187499996,4
mp-983362,-0.409263881249999,4
mp-30572,-0.46835036833333704,6
mp-11441,-0.562503753000001,10
mp-1223908,-0.42617854874999905,6
mp-1018709,-0.5059647016666701,6
mp-9939,-0.7210517066666711,6
mp-1018154,-0.160965005833342,3
mp-22050,-0.24624997642856802,14
mp-22156,-0.838084438749998,8
mp-1212597,-0.219985621833336,20
mp-1185055,-0.5049809068333311,20
mp-1212691,-0.695898650999998,20
mp-865178,-0.915748999999998,4
mp-865138,-0.650284114482758,4
mp-977572,-0.5476585286206871,4
mp-864684,-0.618836975,4
mp-1184588,-0.7021010049999951,4
mp-864647,-1.4078241012500001,6
mp-780075,-2.5335413987499997,40
mp-672696,-0.63167856861111,36
mp-5918,-1.042635325744047,8
mp-865131,-0.879132967499998,4
mp-1184604,-0.8815631487500041,4
mp-504659,-1.092158757936513,36
mp-555344,-3.397889916483517,26
mp-1079076,-0.7474060400000011,8
mp-11454,-0.531846506666667,3
mp-861978,-0.747699680624995,4
mp-1184592,-0.558605920624998,4
mp-977407,-0.6860638156249971,4
mp-1190626,-0.663606944583335,24
mp-10000,-1.171399257604169,6
mp-1017567,-2.048511946062501,5
mp-1224490,-2.419035186428571,21
mp-567220,-1.0935873682440511,8
mp-1206927,-0.9371599863541691,6
mp-1224485,-1.457324311437503,20
mp-1029330,-1.9508561073125001,5
mp-9938,-0.7910358300000031,6
mp-1212445,-0.6865707605555571,36
mp-14589,-0.757247295555556,18
mp-1224317,-0.711452193750001,6
mp-1181094,-0.775688877187498,8
mp-4893,-0.857691298750001,8
mp-1184567,-0.8600996162499961,4
mp-977541,-0.717994072500005,4
mp-1184594,-0.653100327500006,4
mp-864916,-0.855599377500006,4
mp-867327,-0.739465143750003,4
mp-1009238,-0.030792373333336003,3
mp-1078712,-0.743064643750003,8
mp-1224435,-0.327156048333336,12
mp-1014231,-0.20263765833333902,3
mp-866012,-0.29622867812499704,4
mp-1184568,-0.39023227875000105,4
mp-10379,-0.43490060777777806,9
mp-15987,-0.48338578999999804,9
mp-637052,-0.40251292507836406,22
mp-10076,-0.6953234172727291,11
mp-1191713,-0.41603057227272605,22
mp-642493,-0.7435239459090891,22
mp-1079110,-1.08851671475,10
mp-582067,-0.640020217500001,32
mp-1190267,-0.900176976,20
mp-1188987,-0.813072205624999,16
mp-7353,-0.16653073840909102,44
mp-1224422,-0.811181373055554,18
mp-976273,-0.7658539860000071,10
mp-1224388,-1.683426963500005,5
mp-761033,-3.111325125,16
mp-776470,-1.9739463853571442,28
mp-30644,-0.5368445712500041,16
mp-1212441,-0.6436342905000001,20
mp-1195404,-0.5149322663636351,44
mp-504812,-0.8571107432440571,32
mp-20672,-1.255048140690485,20
mp-29811,-0.9788395343928551,40
mp-1184772,-0.07151459250000801,4
mp-17045,-0.9766785799999981,16
mp-15964,-0.428481436875003,16
mp-1195520,-0.465366880909088,44
mp-2105,-0.844293900000002,10
mp-9605,-0.9066892843750011,16
mp-28919,-0.6947484340000071,5
mp-1224517,-2.622522618650793,21
mp-1212187,-0.48001271239583204,16
mp-976106,-0.024140797500002,4
mp-570700,-1.203561037027778,15
mp-722912,-0.549929837857149,28
mp-722913,-0.819390089821431,28
mp-1014252,-1.017868710750002,10
mp-1025223,-0.44648299857142804,7
mp-1224399,-1.394450512343752,8
mp-977049,-0.5510907393333331,30
mp-976184,-0.74981981333333,30
mp-1105833,-0.5819388817647051,17
mp-1079688,-0.724793425555554,9
mp-1194083,-0.49078825233333206,30
mp-1224386,-0.46649732750000306,12
mp-571038,-0.705810477499999,36
mp-510052,-0.5604997663636371,22
mp-505333,-0.8579129283333291,36
mp-1212466,-1.136118446269841,36
mp-607409,-0.090539584444441,18
mp-1105851,-0.544096777222217,18
mp-31469,-0.378818996666664,18
mp-29068,-0.7152297805555521,36
mp-22337,-0.5180995300000001,16
mp-1189978,-0.533342354999995,18
mp-737,-0.768720404444441,36
mp-1212499,-0.824096651666668,48
mp-1212462,-0.46463746243534104,16
mp-29933,-0.8869455739285691,21
mp-567490,-0.258195181379311,29
mp-17466,-0.522988868437494,32
mp-570870,-0.48689984321428603,28
mp-976128,-0.002125777500002,6
mp-1212442,-1.121289907083331,18
mp-21104,-0.42706483374999404,16
mp-510691,-0.43733000055555504,18
mp-9952,-0.554143701666665,18
mp-1224498,-0.562651625312501,16
mp-1193847,-0.5419002251724131,29
mp-1212464,-0.8190861031034481,29
mp-1193241,-0.7573526651724121,29
mp-1194470,-0.9630460293103421,29
mp-983480,-0.8702147972413821,29
mp-1224408,-0.33273785222222,9
mp-1224393,-0.29023977111110805,9
mp-1206477,-0.37250686333333505,9
mp-1079155,-0.5332189888888921,9
mp-1212496,-1.9191237544047661,42
mp-1212455,-0.25383042362068703,29
mp-1212450,-0.41340117775862,29
mp-1212443,-0.48144289086206704,29
mp-1212485,-1.9433968133333361,42
mp-672657,-0.463417819137928,29
mp-672689,-0.659060421724135,29
mp-1192795,-0.219458956206894,29
mp-31383,-0.25887834000000404,9
mp-1206239,-0.5111365988888931,9
mp-640158,-0.5401952206896531,29
mp-1206135,-0.48300418444443904,9
mp-1087487,-0.344043299444442,9
mp-580092,-0.600447166551722,29
mp-1205957,-0.297790810000006,9
mp-15297,-0.53671847444444,9
mp-580744,-0.7998302012069001,29
mp-1194036,-0.20087316275861902,29
mp-1016107,-0.561649408750007,26
mp-1212463,-0.627446350588242,34
mp-1200988,-0.17838130117647003,34
mp-623814,-0.793466868333333,30
mp-973612,-0.159731492857141,28
mp-1193334,-0.344912297857141,28
mp-1193558,-0.142253835357142,28
mp-1194204,-0.30667028392856804,28
mp-1193359,-0.238783783214281,28
mp-976584,-0.263471155892856,28
mp-1192670,-0.305767458545915,28
mp-1212479,-0.277448132790173,28
mp-1194426,-0.19337707321428502,28
mp-1192493,-0.16441930714285602,28
mp-1193669,-0.40725731053571,28
mp-1193562,-0.34023150851190503,28
mp-1194358,-0.370557443571428,28
mp-1193183,-0.353386482857142,28
mp-1212448,-1.326342875625,32
mp-1193199,-0.45226666818877403,28
mp-1193800,-0.424342917310267,28
mp-1193862,-0.37483657178571905,28
mp-13156,-0.11359142749999701,4
mp-12657,-0.514484086666667,12
mp-1224303,-0.42217012125000103,4
mp-568718,-0.43728276999999904,8
mp-5221,-0.5731287975,4
mp-10887,-0.328564839999998,4
mp-1224642,-0.421816667499996,12
mp-1078767,-0.682866538888889,9
mp-5748,-0.6473235700000011,4
mp-16501,-0.852085152499999,4
mp-571619,-1.144720113333329,18
mp-864671,-1.097746739999998,4
mp-864909,-0.8224986375000001,4
mp-1224321,-0.43226891333333306,6
mp-9954,-0.992040292499998,8
mp-29646,-0.7454448491666661,12
mp-1079079,-0.785275396944443,9
mp-1007755,-0.6057786524999991,4
mp-1018153,-0.6161256433333331,3
mp-1079296,-0.5250807150000011,8
mp-1224390,-0.213183162999996,10
mp-1994,-1.084847615000001,3
mp-559617,-3.256827000104167,32
mp-13861,-0.532487689583332,16
mp-1017578,-0.8244594524999961,5
mp-1878,-0.17547948321428603,28
mp-2025,-0.2293877075,6
mp-865163,-0.772553663750001,4
mp-12571,-0.630915291666667,6
mp-1212407,-0.226193917500002,12
mp-1212517,-1.815218573999998,40
mp-568346,-2.005601068333334,6
mp-21075,-1.122896435000001,2
mp-1007758,-0.09590878000000201,4
mp-865174,-0.7365736325000001,4
mp-29422,-2.028435395,10
mp-2027,-0.434389815000002,2
mp-20730,-0.39512803375000005,4
mp-9801,-0.8039544433333331,12
mp-1102310,-0.6635090491666711,12
mp-1095427,-1.111699567658732,12
mp-1103227,-0.8228001208333331,12
mp-22315,-0.42992853888888705,18
mp-1224445,-1.287711176428569,14
mp-1200972,-0.412178947083333,48
mp-1204660,-0.5670518572916651,48
mp-3650,-0.682466131666661,12
mp-1077453,-0.511830876666667,6
mp-1080469,-0.405627747499998,8
mp-1080723,-0.49972197312499905,8
mp-22489,-0.582629535,12
mp-20401,-0.437764233749999,8
mp-1079332,-0.517798169374999,8
mp-1018713,-0.26913109166666604,6
mp-31033,-4.101514556333337,30
mp-333,-0.34612559333333204,6
mp-1212428,-0.701548264166669,12
mp-22191,-0.543754382777777,9
mp-22434,-1.039672391547618,12
mp-1102314,-0.7469907991666651,12
mp-28378,-0.6500757999999981,24
mp-510188,-0.578133401250004,24
mp-11440,-0.5036237225000041,12
mp-21660,-0.49562482175000105,40
mp-30269,-0.542446792249999,40
mp-11387,-0.41549907749999804,4
mp-1025193,-0.355050945714286,7
mp-12952,-0.585433001666667,6
mp-1095158,-0.529204090000001,9
mp-3576,-0.4638731675,4
mp-1018714,-0.3825865525,6
mp-1079860,-0.639977079166664,9
mp-20381,-0.7626544388888901,18
mp-571609,-0.9653750486111051,18
mp-1079842,-0.820570904722217,9
mp-865019,-0.8941999968749931,4
mp-865010,-0.670260705,4
mp-13683,-0.48512191666666604,6
mp-1102841,-0.8403105958333351,12
mp-1095449,-0.601977546666669,12
mp-1095196,-0.6737086266666661,9
mp-17746,-0.8280387022222231,18
mp-21340,-0.9810960783333321,12
mp-1102945,-0.9469497525000031,12
mp-1080489,-0.8069843672222221,9
mp-1184684,-0.723460469999999,4
mp-7918,-1.219511659166665,6
mp-7917,-1.090815744114582,6
mp-13964,-0.760137838333335,6
mp-567817,-0.532731018333336,12
mp-27731,-0.542260452500002,3
mp-1194675,-1.825563030434782,46
mp-571445,-1.429331735598959,24
mp-568002,-1.164490951249999,8
mp-569059,-1.216609491000001,20
mp-567441,-1.659509371666664,6
mp-864715,-0.281194352500001,4
mp-600125,-0.161315811666666,4
mp-864734,-0.7379010299999991,4
mp-865066,-0.853484677499999,4
mp-1007786,-0.9479872649999981,4
mp-1524302,-1.061796515000004,4
mp-2126,-0.817064965000003,4
mp-983123,-0.5695663937499961,4
mp-865020,-0.83837989375,4
mp-1245813,-1.656186981249999,8
mp-865049,-0.7176808237499971,4
mp-1184572,-0.999907633749999,4
mp-865050,-0.863708256249999,4
mp-1974638,-0.15561213765804802,24
mp-11449,-0.130002007988503,12
mp-1224495,-0.357374708477012,12
mp-1205992,-3.762555499741379,8
mp-1197835,-0.38094469989942503,48
mp-1080769,-0.5346878020881211,9
mp-1197660,-0.46547472719109306,48
mp-1212189,-1.008794752524629,12
mp-865091,-0.887145171120689,4
mp-20192,-0.665835814310346,12
mp-1203090,-0.6351509738577561,48
mp-2363,-0.173352725,6
mp-7032,-0.9675499626587241,9
mp-2828,-1.982478059375001,2
mp-541911,-2.150861657083332,6
mp-38818,-0.900500823333336,6
mp-1224334,-0.8604599625000021,4
mp-22637,-1.024606825714284,12
mp-865094,-0.481426192500002,4
mp-1018056,-0.5166862600000001,4
mp-1078574,-0.576158024999992,8
mp-12174,-0.517618210249997,40
mp-1212191,-0.791323920833316,12
mp-1102702,-0.775113594166668,12
mp-1102032,-1.110125006825399,12
mp-924128,-0.630728398333329,3
mp-352,-4.019811040833332,12
mp-11452,-0.8459137749999991,2
mp-9953,-1.431191451488096,8
mp-1102018,-1.001727495317463,12
mp-768745,-3.195483319178573,40
mp-1080463,-0.9693718804365151,9
mp-15963,-1.145337118769842,9
mp-864926,-0.39800769499999605,4
mp-1007692,-0.7063107775,4
mp-11453,-0.8964716099999991,16
mp-865166,-0.650163756666662,6
mp-1007691,-1.260586500000002,4
mp-11456,-1.184154229375003,16
mp-1224475,-0.9544547249999991,20
mp-1689,-0.39403369750000805,12
mp-1079831,-0.7654363352777771,9
mp-1027,-0.8043756524999991,4
mp-2802,-0.9023381424999991,2
mp-1206743,-1.691345381406254,2
mp-985829,-1.806995168541668,3
mp-9922,-1.373804485859373,8
mp-557792,-1.7779428605555552,36
mp-13450,-0.6129251225000011,12
mp-2180,-0.45865685166666903,24
mp-1224358,-0.23452830999999702,6
mp-865165,-0.390758068750002,4
mp-1224337,-0.5461937625000011,6
mp-865001,-0.564750781249996,4
mp-865041,-0.9569838462499971,4
mp-865030,-0.732529233749996,4
mp-985831,-1.564946299374999,3
mp-1042,-0.8552623112500011,8
mp-22258,-0.7437544383333301,12
mp-1101952,-0.9162791341666671,12
mp-4609,-3.655536861666667,12
mp-1189249,-0.93742434611111,18
mp-10457,-0.9863041733333321,12
mp-10456,-1.179526186666663,12
mp-13472,-1.129009469999999,12
mp-1212161,-1.004349298888892,18
mp-866062,-0.87005298375,4
mp-7916,-1.262995879270832,6
mp-13962,-1.102706933020831,6
mp-13963,-0.7901056366666661,6
mp-1102732,-0.6533143491666681,12
mp-1079038,-0.6949092516666721,9
mp-11869,-0.782001370000003,3
mp-2960,-0.727332077222224,18
mp-866221,-0.771035163749997,4
mp-866219,-0.7016819350000031,4
mp-8725,-1.287100282687501,20
mp-1224283,-0.8768410928888901,6
mp-1224285,-0.9431467493333371,4
mp-865025,-0.39615333558333504,4
mp-865038,-0.564904271833334,4
mp-11460,-0.528263555000002,2
mp-1095669,-0.40995929166666606,12
mp-1184589,-0.345843667500002,4
mp-865023,-0.3720080525,4
mp-866114,-0.394319512499997,4
mp-32887,-0.9932034833333311,3
mp-18352,-2.146241022708333,48
mp-1168,-0.5166645833333371,12
mp-1224453,-2.049278649333334,35
mp-1189341,-1.050959443255209,16
mp-1102545,-1.122332672282985,12
mp-645513,-1.9073256970940191,39
mp-1212147,-3.213438970500001,20
mp-9396,-1.249015790138887,12
mp-9397,-1.08691476172743,12
mp-1212176,-3.535952055000002,28
mp-12890,-0.7054986188888891,18
mp-1224240,-0.6928637562499981,4
mp-1224394,-1.874428318124998,4
mp-505679,-2.8863555272499983,40
mp-557938,-3.7037399425,8
mp-1018726,-0.619037481666667,6
mp-1095442,-1.162890813492064,12
mp-1018720,-0.778411526666668,6
mp-1400,-0.16878251833333002,6
mp-1016106,-0.06775255323529601,34
mp-514,-0.278166579999999,6
mp-1224173,-0.37954132249999906,4
mp-866108,-0.22893545625000303,8
mp-866117,-0.476041041249999,4
mp-866094,-0.196791697499998,4
mp-864798,-0.7433310700000011,4
mp-1014251,-1.242404935625,4
mp-864807,-0.430705482499998,4
mp-1184560,-0.679627562499998,4
mp-1184580,-0.9197817312500011,4
mp-1184647,-0.383389598750003,4
mp-1224247,-1.990641963125003,4
mp-1184607,-0.756769933749999,4
mp-974943,-0.46442279875000003,4
mp-3810,-1.465298451944445,9
mp-29170,-1.292650168863637,22
mp-554921,-0.582541794642855,14
mp-761037,-0.43295814916666703,18
mp-23407,-0.8044650508333331,18
mp-754065,-1.6203834302777782,9
mp-1224171,-0.531406670657898,19
mp-540925,-1.859988353888891,36
mp-3167,-0.502389455625003,7
mp-28136,-0.541214396250005,16
mp-558802,-1.357248065000004,14
mp-5824,-0.739543580714287,28
mp-28455,-1.9723853244805198,22
mp-27171,-0.490929933344155,11
mp-28875,-0.24673058523809702,12
mp-561472,-1.88880420352041,28
mp-755465,-0.8439466536363641,22
mp-11870,-0.016613125000001002,3
mp-7461,-1.345323850357145,14
mp-557697,-1.467053617727276,22
mp-557637,-0.9253474820572931,24
mp-570125,-0.7323322640277781,24
mp-29894,-1.448770275000004,14
mp-4710,-1.663841944166668,22
mp-29096,-0.6122714735714321,28
mp-23418,-0.703719284642854,14
mp-7580,-1.022654033928574,14
mp-29956,-0.467214151785717,28
mp-31075,-0.64565954745536,28
mp-27851,-0.5136008886607121,14
mp-1212164,-0.8669906036607161,14
mp-29955,-0.505236284955359,28
mp-27853,-0.612633355119052,14
mp-27852,-0.48409618964285905,14
mp-28579,-0.47491534154762505,28
mp-27292,-1.961926048382353,34
mp-555833,-0.5420243117000001,50
mp-4445,-1.059179917812502,32
mp-1203433,-1.059342347222227,36
mp-1104411,-1.099962459500002,15
mp-1192395,-0.8160958905000031,30
mp-554914,-1.512991686517859,32
mp-1202782,-0.5270091986796921,40
mp-30890,-1.187770245833333,30
mp-542115,-1.017421652158204,32
mp-754598,-0.876154645317715,30
mp-1190557,-0.9209023566666681,24
mp-1194941,-0.93477624997396,48
mp-31132,-1.518836074090911,22
mp-29710,-1.7267410380219812,26
mp-936,-0.123063639999998,5
mp-23543,-0.6913931947727301,22
mp-23358,-0.752103948409092,22
mp-1812,-0.001952477500005,22
mp-29958,-1.399635345093989,38
mp-541193,-0.6106302279166691,48
mp-1105456,-2.179017322631587,19
mp-1195247,-2.026376432222223,36
mp-30284,-1.362179759999999,10
mp-1077915,-0.30233139142857,7
mp-23177,-0.689096676250002,4
mp-23292,-0.8287702491666711,6
mp-27994,-0.395069115,20
mp-22897,-0.621251812500002,4
mp-22855,-0.683485675,12
mp-706,-1.314067998750001,4
mp-8177,-1.5725115458333332,3
mp-1212424,-0.48420039810000004,50
mp-24426,-1.080913883871528,36
mp-24294,-0.6833557655357151,28
mp-696272,-0.8757274641071431,28
mp-23844,-1.332393404687502,16
mp-22859,-0.443566703750002,4
mp-23192,-0.564617394374998,6
mp-557250,-0.7511069195833351,24
mp-19363,-1.5400649545833351,12
mp-542289,-0.7476093455,40
mp-1224,-0.635057482500004,8
mp-1190352,-1.9575672706168832,22
mp-1025302,-0.36964489530612304,7
mp-27178,-0.485285830928573,10
mp-7293,-0.18159127153273802,20
mp-546862,-1.356247624642857,7
mp-35659,-1.854256394687503,8
mp-2685,-0.166715511250002,4
mp-977454,-0.159579113125003,4
mp-1184658,-0.135616335624999,4
mp-1077944,-0.272027339263394,7
mp-1102023,-0.430176131614582,12
mp-15639,-1.633558684687502,8
mp-1123,-0.375539930000003,2
mp-1200258,-1.541661365249989,40
mp-1106367,-0.18558254200000002,20
mp-3228,-1.470038915833334,12
mp-1018722,-0.23692071328125003,6
mp-9228,-1.048512630968753,20
mp-10796,-0.9649444916406221,12
mp-2730,-0.19013660875000202,2
mp-1192364,-2.107091754722222,30
mp-144,0.0,2
mp-1104954,-0.301560647307691,13
mp-31179,-0.43020847500000803,13
mp-1212162,-0.35288069538461203,26
mp-1212388,-0.5132906561538401,26
mp-973634,-0.29895053571429103,14
mp-29796,-1.8941276346875,48
mp-1224046,-0.34874506576923003,13
mp-1224088,-0.38841038192307303,13
mp-1207012,-0.399051718999999,5
mp-20410,-0.43958457966666303,10
mp-1204787,-0.49791088574073805,36
mp-770754,-0.9835183068749991,32
mp-1105128,-0.33117666736842005,19
mp-573995,-0.559335152666665,5
mp-1188650,-0.49884254685185103,18
mp-4415,-0.5962811130000061,5
mp-5835,-0.7916460150000001,5
mp-4539,-0.48412519499999807,5
mp-9421,-2.085447309285714,14
mp-1224178,-1.005112281205354,14
mp-4105,-0.6250300229999991,5
mp-571500,-0.44229857666666406,5
mp-1193628,-0.27778935692307505,26
mp-3191,-0.648340226999997,5
mp-1104739,-0.32048440846153303,13
mp-1095528,-0.7365895831818171,11
mp-4742,-0.7826105309999981,5
mp-569650,-0.8711544749999981,5
mp-5260,-0.6410710109999991,5
mp-1103844,-0.341318992824932,13
mp-5666,-0.476937864172407,5
mp-1104742,-0.320965839429708,13
mp-5796,-0.674938692793099,5
mp-20630,-0.137181406352786,13
mp-36662,-1.0405268845,15
mp-1103507,-0.623665355714286,14
mp-1212548,-0.39076993631578805,38
mp-1104221,-0.829882732755101,14
mp-31009,-0.5627398506666651,10
mp-4291,-0.681652212999996,5
mp-2906,-1.007345888857142,5
mp-567458,-1.031057830857142,5
mp-569013,-0.578963702999999,5
mp-567513,-1.086479175000001,5
mp-2924,-0.8262360509999981,5
mp-542390,-0.44306308230769104,26
mp-5219,-0.809614938999999,5
mp-4148,-0.907235997,5
mp-16377,-1.164732520000001,10
mp-3895,-1.114852260999995,5
mp-5720,-0.8828779309999981,5
mp-1212366,-0.600998441989797,14
mp-1199972,-0.32094997983179,41
mp-569851,-0.704333649814815,27
mp-2214312,-1.9964796577083321,27
mp-677152,-2.011044901913577,27
mp-1201298,-0.6395073076190431,42
mp-1199978,-0.570038662857138,42
mp-1203269,-0.712722199047615,42
mp-1212501,-0.357475915457973,32
mp-1212429,-0.27485347055555504,18
mp-30969,-0.17543571815789102,38
mp-1212423,-0.203698937058816,17
mp-31109,-1.013785860833325,40
mp-1212509,-0.37703960631578703,19
mp-1212357,-0.8606958946428551,28
mp-1224217,-0.631909603823526,17
mp-14125,-0.477458816607142,28
mp-1212420,-0.6637801166071411,28
mp-1212406,-0.702366868035712,28
mp-1212385,-0.532463305535695,28
mp-1212381,-2.656624027058823,34
mp-1095435,-0.575331495909088,11
mp-768978,-2.66667841602941,34
mp-769014,-2.347713149073661,28
mp-771136,-2.087304098943013,34
mp-1184631,-0.36814316791666,4
mp-16502,-0.344653696666663,12
mp-3328,-0.577433002857144,7
mp-10528,-0.7710894600000011,5
mp-1224190,-0.6831535377380941,21
mp-30385,-0.7452779566666641,12
mp-1025183,-0.5730752973809511,7
mp-1200778,-0.668125050555553,36
mp-1212391,-0.640367772777775,36
mp-1198017,-0.686881206388888,36
mp-7013,-3.586752802083332,24
mp-1067937,-2.974778947999999,5
mp-1640,-0.288692674999992,3
mp-20374,-2.497832707857141,7
mp-9006,-2.6017212429999983,5
mp-1205581,-0.28503695699999504,10
mp-863651,-0.379070246666661,4
mp-1206107,-0.7981329659999961,10
mp-6942,-1.9445848871428542,14
mp-3706,-0.7903124863095221,21
mp-1023,-0.078507607631578,38
mp-1205546,-0.656456314999997,10
mp-1189461,-0.567817812999998,20
mp-977345,-0.7245704340000001,20
mp-1080818,-0.738762408999998,10
mp-1224096,-0.650535217142857,7
mp-1190336,-2.338044712301586,21
mp-8499,-0.311419584999997,7
mp-867283,-0.35695308999999603,4
mp-1191181,-0.7076300658333311,21
mp-1200585,-0.6580668889999971,40
mp-1103948,-0.29403189714285705,14
mp-1224004,-0.5904729254166621,6
mp-1206810,-0.41095073549999905,5
mp-1207237,-0.5803655854999991,5
mp-1223927,-0.5223690318749961,4
mp-753692,-3.088216099090916,22
mp-15827,-0.690363926999994,10
mp-10308,-0.9339066419999961,10
mp-1205791,-0.7946975620000031,10
mp-17534,-0.769641921999998,20
mp-1105625,-0.6287070824999981,20
mp-20686,-0.33283179555554904,6
mp-865297,-0.38647792208333104,4
mp-1080710,-0.8083109793333331,10
mp-1068024,-0.5288394293333271,5
mp-7241,-0.8716588713333281,10
mp-1184593,-0.930758079999997,4
mp-864625,-0.9026375974999951,4
mp-867277,-0.25087807624999603,4
mp-1205563,-0.223123537999998,10
mp-863723,-0.755568054999999,10
mp-977392,-0.288879742916662,4
mp-1205562,-0.37910023199999704,10
mp-1232270,-2.165219511428566,14
mp-1205678,-0.6707979269999981,10
mp-1192228,-0.7100003275082091,21
mp-754918,-2.9032127205329132,22
mp-505335,-0.6225257480948271,40
mp-1212340,-2.8608171287931032,20
mp-5051,-0.358858727857141,7
mp-29142,-2.5226089430952383,42
mp-16811,-3.191563560833332,36
mp-1202575,-0.7375992274999951,36
mp-16779,-3.085675563627449,34
mp-1191795,-0.5284165896428571,21
mp-28412,-0.7705393282142851,21
mp-3398,-0.518955829999991,5
mp-1078261,-0.594722595999999,10
mp-1190300,-0.39716890611110806,18
mp-1212324,-0.49854133358974106,26
mp-1184689,-0.414829864999996,4
mp-812,-4.027559444749998,40
mp-1212373,-0.3892543945,20
mp-1224115,-0.9200928605952411,21
mp-1178175,-2.546348146818181,22
mp-31089,-0.8380224769999941,10
mp-861941,-0.6704483924999971,4
mp-1102104,-1.070041939999995,12
mp-755635,-2.466693449999999,22
mp-1025320,-0.594504395714284,7
mp-1204182,-0.551199701999998,40
mp-1204735,-0.7103799661111081,36
mp-1184737,-0.42699720149999704,20
mp-861965,-0.648692167499998,4
mp-878,-2.376410549020833,30
mp-12670,-3.592784443499997,5
mp-1067935,-3.041918071999998,5
mp-1212379,-0.8800466086111101,36
mp-9824,-2.184930186937501,20
mp-13974,-3.494920356468746,5
mp-18662,-3.675094839090908,44
mp-1212362,-0.8771613758333311,24
mp-2752077,-0.9520886712500001,24
mp-17485,-0.9262498704166611,24
mp-1105923,-0.704822147222223,18
mp-1212337,-0.9614449339999991,20
mp-1223968,-0.8281536162499961,4
mp-17065,-3.798526289375006,32
mp-3884,-3.027425837727271,22
mp-1188971,-0.689022980999997,20
mp-1189209,-1.6656492915,20
mp-542514,-2.3061196877450962,34
mp-5572,-2.197887281166678,40
mp-1178173,-3.32919161533333,5
mp-768762,-3.028521803518517,36
mp-1223956,-2.132453860333329,5
mp-768695,-3.791100260378852,44
mp-510084,-0.8589068213888891,36
mp-768605,-3.890509348541666,32
mp-861993,-0.32988803374999803,4
mp-861994,-0.31191229083333205,4
mp-1184618,-0.503360216875002,4
mp-1184644,-0.370566932499999,4
mp-775211,-3.317423112222221,36
mp-30713,-0.23626001684210302,19
mp-861600,-0.387168546666664,4
mp-867320,-0.37794214999999803,4
mp-1212256,-0.6831074202631571,38
mp-1212260,-0.6611149184210511,38
mp-30791,-0.5738117627272711,22
mp-3683,-0.622964346818179,11
mp-31423,-0.6841016795454541,11
mp-1103249,-0.49489614863636305,11
mp-1191722,-0.560826837727271,22
mp-1224476,-0.379562236111109,18
mp-1212386,-0.730676966995074,29
mp-1212316,-0.8775587983333321,30
mp-1212354,-0.831926794655172,29
mp-1191275,-0.665978022727271,22
mp-29677,-0.40051357799999304,5
mp-1017577,-1.098518032749999,5
mp-1191254,-0.601426517196967,22
mp-622565,-0.15299160187499602,16
mp-31046,-0.6112540321969681,22
mp-1189310,-0.7789817489999981,20
mp-555509,-1.710859635624995,24
mp-17486,-1.799584653124997,24
mp-1192262,-0.612727294924241,22
mp-1197194,-0.5319828224999961,40
mp-1197590,-0.642007959374997,32
mp-1189051,-2.021794897249994,20
mp-1202254,-0.331870976250002,40
mp-29118,-0.9234033056249971,16
mp-30172,-0.7746146687499991,16
mp-1675,-0.772105024285708,14
mp-542748,-0.688896161875,16
mp-1188109,-0.42533750541665905,16
mp-31057,-1.067085231333329,5
mp-1189120,-0.588374050624995,16
mp-1191455,-0.6235329538270621,22
mp-1189188,-0.24496251624999402,16
mp-1192069,-0.512078376527766,24
mp-1190282,-0.7864457729166641,24
mp-1190011,-0.333544759375001,16
mp-1206983,-0.539698745999997,5
mp-1104206,-0.9825632921428561,14
mp-1188476,-0.8041345443749961,16
mp-973395,-0.701770433636364,22
mp-769345,-3.321651627499998,48
mp-1189938,-0.326157514374995,16
mp-1106363,-0.914177678999999,20
mp-771762,-2.668668721999999,40
mp-1212301,-3.434945239545452,22
mp-2212065,-3.310297516931818,22
mp-1224056,-2.304558512890624,12
mp-13840,-4.018259092499997,20
mp-607806,-2.16404069513393,28
mp-1105133,-0.8885523505882331,17
mp-1079218,-0.517460868000002,10
mp-31416,-3.87093620930303,22
mp-1212310,-0.757923104864865,37
mp-1212326,-1.005797907837834,37
mp-15238,-0.328535149999996,18
mp-1154,-0.286120912954541,44
mp-570404,-0.23357492999999402,24
mp-1212283,-0.516213347083331,24
mp-1212299,-0.28449960291666004,24
mp-1212312,-0.43800615541666305,24
mp-1212306,-0.595157743333324,24
mp-569478,-0.480857542499993,24
mp-1212232,-0.598272914117646,17
mp-1212255,-0.615823419411762,17
mp-978039,-0.498542514782607,23
mp-1189529,-0.8796636111764691,17
mp-13510,-0.767691381515147,11
mp-567479,-0.5815388636111091,24
mp-570015,-0.547954094861106,24
mp-1212342,-0.134863237083332,24
mp-1212308,-0.18975136333333,24
mp-1212304,-0.38707401291665905,24
mp-1212321,-0.23691675749999702,24
mp-863728,-0.346240300952381,21
mp-505720,-0.6161585462280681,38
mp-1193486,-0.538180510333332,30
mp-1224122,-3.955569812631579,19
mp-1203317,-0.607385347826085,46
mp-643659,-0.767795012631577,38
mp-1201660,-0.537306164210525,38
mp-21816,-0.795435211052629,38
mp-1212216,-0.9948254538888851,18
mp-1191532,-0.5101470324242411,22
mp-1191114,-0.679242691515148,22
mp-1212246,-0.8055696451515121,22
mp-29937,-3.364179312631576,19
mp-1212227,-0.757827610666667,30
mp-1212206,-1.050691224444443,18
mp-31465,-0.796138401562501,32
mp-1212221,-0.7686687256249981,16
mp-1224618,-0.8799815080753951,36
mp-1212341,-0.533888888437494,32
mp-510594,-0.7388014699999971,32
mp-1106032,-0.7890066449999971,16
mp-1105990,-0.722081405555553,18
mp-1196008,-0.8384785474999961,36
mp-1189750,-0.366502071874995,16
mp-1104687,-0.6688126042857101,14
mp-1197997,-0.8274089021874941,32
mp-1212503,-0.5595750165624941,32
mp-640383,-0.7658430271874971,32
mp-1199917,-0.8595362255753961,36
mp-30730,-0.516900874999993,16
mp-1203932,-0.503604366111106,36
mp-1104820,-0.363316775714281,14
mp-1102510,-2.369066010390623,12
mp-2681,-1.038638835624997,16
mp-1212203,-0.8509805787499971,16
mp-13236,-0.7807739637500001,16
mp-30735,-0.705871321874996,16
mp-1181055,-0.435837798124993,16
mp-1205128,-0.8207187440277761,36
mp-1193845,-0.37063730896551506,29
mp-976064,-0.736491792592586,9
mp-30328,-0.40966013111110605,9
mp-11844,-0.28560634361110704,18
mp-1212180,-0.25816362296295803,18
mp-23047,-0.5537700360536381,9
mp-1079239,-0.7149115360536421,9
mp-1212289,-0.913460130009155,39
mp-753766,-3.637388602236824,19
mp-1212285,-1.536699949090907,44
mp-5321,-0.39648978083333103,36
mp-567566,-1.39559413875,20
mp-570940,-0.6646898492361091,24
mp-1188549,-1.497866211249993,20
mp-1106336,-0.620573199999996,20
mp-1191834,-0.39730759187499604,24
mp-1192267,-0.33336873916666304,24
mp-1195820,-2.099864843684207,38
mp-2778,-0.32771211833333,2
mp-2120,-0.323417429444444,3
mp-864775,-0.31993266541666904,4
mp-31449,-0.38020041888888,6
mp-18262,-1.565599189166663,32
mp-12955,-1.4328078040885401,16
mp-4311,-0.57311995222222,6
mp-12904,-1.112067171249997,8
mp-1188420,-0.477974344374999,16
mp-391,-0.581286311666666,6
mp-16503,-0.6416250387499991,8
mp-1184638,-0.47123678750000003,8
mp-1224113,-0.42391713699999806,5
mp-1212127,-0.651546777499998,18
mp-16504,-0.5457573399999981,12
mp-16621,-0.568672183181816,22
mp-861934,-0.326717519583329,4
mp-1102992,-0.893311231666667,12
mp-1212096,-0.5545350587500001,24
mp-1078489,-0.45223285833333005,9
mp-1077785,-0.643018766666665,6
mp-2909,-0.611272992777776,9
mp-1223899,-0.527795862499993,6
mp-1102737,-0.9376719450000001,12
mp-1103032,-1.277070362500002,12
mp-1212088,-0.9261962774999981,12
mp-1206025,-0.66815269333333,6
mp-295,-1.798619483749998,2
mp-12944,-2.847563612916665,12
mp-1095550,-1.3791135499999991,12
mp-1102733,-1.703941474999998,12
mp-2011092,-1.774456530937496,12
mp-1212091,-1.6418201305208342,12
mp-1007666,-0.9956048700000011,4
mp-990,-0.9597976883333291,3
mp-30386,-0.789885005000002,8
mp-30387,-0.650833819000001,5
mp-1104585,-0.26509297961538403,13
mp-2267,-0.672561126666667,3
mp-15603,-0.5366576927083321,32
mp-1072182,-0.692913722222217,6
mp-1189925,-0.587166850208332,16
mp-1181033,-0.6182414502083311,16
mp-2985,-0.47519775555555505,6
mp-1205558,-0.625257528499997,10
mp-569281,-0.660568279,20
mp-1191115,-0.6310179636111091,24
mp-1190601,-0.5863217123611091,24
mp-1212116,-0.614936766111109,24
mp-974392,-0.6400401881944441,24
mp-976384,-0.598663788611117,24
mp-504877,-0.562104629242422,44
mp-752713,-3.557053922833332,30
mp-3710,-0.80213519683333,5
mp-1193889,-0.185222319285714,28
mp-22866,-1.045278150000001,2
mp-546625,-2.418701072499999,8
mp-549127,-2.470130923125,8
mp-551101,-2.32765876125,8
mp-1009132,-1.03782529,3
mp-30455,-1.175998753333327,3
mp-1205953,-0.7331123983333371,9
mp-977375,-2.23673703375,8
mp-1178160,-3.351563836666667,6
mp-170,-0.29202091749999504,2
mp-11301,-0.27246617833332704,3
mp-11302,-0.23498495874999803,8
mp-864904,-0.26668044708333,4
mp-1205778,-0.630434348333329,9
mp-977415,-0.659919823749997,4
mp-12007,-0.23912325583333402,6
mp-977413,-0.340256892500003,4
mp-1077332,-0.35260211416666204,6
mp-864760,-0.733078928749994,4
mp-1184739,-0.568266246249997,4
mp-864662,-2.436702259375,8
mp-29731,-3.508023086666663,6
mp-2396,-0.20158497666666303,6
mp-30558,-0.16880651874999802,12
mp-5313,-0.493031105555554,6
mp-1224463,-0.927223715158727,36
mp-1199038,-0.831677676547617,36
mp-1212117,-0.5977845461111101,24
mp-20906,-0.313696221666665,6
mp-9241,-0.340797066249998,4
mp-1095599,-0.6571001199999921,12
mp-20570,-2.631196850999996,20
mp-510688,-0.7000273674999961,12
mp-8743,-0.7371078212499971,8
mp-5601,-0.47805638833332703,12
mp-1024999,-0.43106547999999706,6
mp-1191543,-0.670493610694443,24
mp-756834,-3.2267283235,20
mp-19076,-2.7799262849999993,12
mp-1105351,-2.544345439074073,18
mp-1971,-0.2765887125,2
mp-30584,-0.27910865833333504,6
mp-1024987,-0.237075347777771,6
mp-1024994,-0.34593563916666503,6
mp-1223765,-0.23151346250000002,6
mp-1025134,-0.37828091083333404,6
mp-30585,-0.204240175833331,6
mp-21364,-0.92207961,8
mp-9389,-0.681018591666665,6
mp-16750,-0.375390489999998,6
mp-1224006,-1.348984452916664,12
mp-6244,-1.23645850658854,24
mp-12453,-1.59167361328125,16
mp-21015,-0.6830079387500001,8
mp-4476,-0.732487628333333,6
mp-1024954,-0.591180114999996,6
mp-1223785,-0.011519139166672,2
mp-1184740,-0.5728108658333391,4
mp-1184738,-0.43029829208333004,4
mp-976311,-0.36737927124999803,4
mp-974221,-0.30947066541667,4
mp-561877,-4.4940336612500005,16
mp-1926,-0.094602639999999,6
mp-1207148,-0.5134893929999991,10
mp-30634,-0.08045810458333301,12
mp-1200877,-0.742922422936506,36
mp-1212115,-0.625633711527777,24
mp-1018052,-0.26614576624999803,4
mp-1223978,-0.16945965666666502,6
mp-1018725,-0.614526508333331,6
mp-1018073,-0.6207172537499981,4
mp-1256,-0.6217118166666661,3
mp-1105905,-0.364180751666663,18
mp-1025433,-0.6502340350000021,8
mp-1224460,-0.558479710555549,18
mp-982511,-0.797386366249998,8
mp-982557,-0.559429653124998,8
mp-1212057,-0.48269912283333005,15
mp-1104547,-0.5832111921666661,15
mp-30645,-0.5317463866666631,12
mp-4856,-0.46450287892857106,7
mp-1223942,-0.7828172591666631,6
mp-1103576,-0.491495471666665,12
mp-11442,-0.643524660833326,12
mp-31386,-0.8913679216666601,12
mp-1102757,-1.098492464166663,12
mp-865696,-0.834815710624996,4
mp-16342,-0.8543724674999971,4
mp-17794,-0.7879836893750021,16
mp-1212102,-0.7439987381249961,16
mp-580192,-0.8502197181249961,16
mp-5519,-0.816435929999996,6
mp-21073,-0.938101754999996,12
mp-1190523,-0.986270959999997,24
mp-1189077,-0.9101049881249961,16
mp-1103105,-1.126322076666661,12
mp-22670,-0.9797933808333331,12
mp-22041,-0.7221093591666641,12
mp-24152,-0.799699360833334,3
mp-976713,-2.425776653749999,12
mp-632656,-0.722255808645833,24
mp-626173,-3.011219210312498,8
mp-24012,-1.654941534270833,3
mp-1092,-0.5731057312500021,2
mp-865259,-0.391325011874997,8
mp-864657,-1.641306799999999,8
mp-753173,-3.092498383333333,6
mp-30728,-0.42398418583333,2
mp-1212252,-0.6408153843333371,40
mp-21431,-0.38207923124999704,4
mp-12940,-0.38504140976190604,7
mp-30342,-0.35346281624999604,4
mp-3630,-0.7292121083333241,9
mp-30388,-0.696934070416661,4
mp-3015,-0.40506756055555704,9
mp-30586,-0.31954735291666303,4
mp-13525,-0.7019877827777741,9
mp-31426,-0.49453033833333204,9
mp-1206024,-0.39314059361110204,6
mp-4299,-0.8083280338888851,9
mp-861654,-0.825906460416664,4
mp-21290,-0.986927420555555,9
mp-11104,-0.745243544999997,9
mp-1184839,-0.7626289604166631,4
mp-11476,-0.878807982499999,2
mp-928,-0.830710680000002,6
mp-973283,-0.33211146624999804,4
mp-1184891,-0.29285754291666705,4
mp-1184869,-0.563666551666671,4
mp-1184838,-0.40704560374999604,4
mp-973069,-0.282972897083333,4
mp-1199,-0.050898224999997,2
mp-13226,-0.16903356624999902,24
mp-866172,-0.038684082499997004,4
mp-1205940,-0.25333849611110704,9
mp-1184818,-0.29366708083333204,4
mp-864653,-0.774798287499995,4
mp-1184816,-0.265760282499996,4
mp-1205995,-0.472050706944441,9
mp-977369,-0.43688903124999806,4
mp-20538,-0.35816704111110903,9
mp-1205936,-0.6805473122222231,9
mp-864744,-0.7243100999999961,4
mp-977388,-0.540168166666666,6
mp-1205788,-0.29375358333333,9
mp-861981,-0.329489187499998,4
mp-14015,-0.062913779907161,13
mp-510225,-2.653464195420227,32
mp-1212048,-0.2251146417374,13
mp-978098,-0.6650915140996161,24
mp-2899517,-3.068499067586207,30
mp-1193901,-2.591267165714285,28
mp-558005,-2.684803627857142,14
mp-883,-2.059664416874998,2
mp-3144,-3.571697374166666,12
mp-866112,-0.320280518749996,4
mp-11871,-0.46061407999999704,8
mp-673,-0.459329848333332,6
mp-6646,-0.51598778972222,6
mp-2042,-0.421684212083328,12
mp-1077340,-0.39429783416666303,6
mp-10398,-0.49915897069444104,12
mp-1553,-0.33053895249999804,6
mp-1196011,-0.529103837777776,36
mp-1212066,-1.040260963333331,12
mp-1192149,-0.576520450694435,24
mp-1018139,-0.661764834999998,3
mp-5154,-0.335080991249999,4
mp-542171,-0.799175119999998,12
mp-974399,-0.679158514999998,8
mp-1079921,-0.5614439800000001,10
mp-18974,-2.507236383999999,20
mp-4174,-0.962841218333332,3
mp-31176,-0.6765381811111051,12
mp-1199966,-0.5618576268749981,48
mp-1072114,-4.275245123333333,6
mp-1101953,-0.41047410583333505,12
mp-744,-1.8516294164880942,2
mp-1225006,-2.231960043640872,36
mp-9851,-0.630045229146825,12
mp-4104,-3.506035078273807,12
mp-1212072,-1.266163623214283,12
mp-1190574,-1.779722669012895,24
mp-18532,-1.199412282579362,48
mp-1223799,-4.187053019166665,6
mp-1184890,-0.41020413124999405,4
mp-1386,-0.254793283749995,4
mp-30389,-0.6630258750000001,3
mp-1087502,-0.9735858137499981,8
mp-1979,-0.9342562887499991,4
mp-1079180,-1.422268254999991,8
mp-195,-1.125324341249999,4
mp-17651,-2.815040818611111,36
mp-1102328,-0.30499273583332803,12
mp-1205545,-0.454771528999999,10
mp-975064,-0.652611437083334,24
mp-2163,-0.9074884874999981,2
mp-546,-0.747021569999998,6
mp-1184821,-0.5635764537499951,4
mp-22664,-0.513091249999999,5
mp-1212108,-2.587439951999997,20
mp-1102089,-0.33953922583333,12
mp-1206820,-0.22687730999999903,5
mp-1240,-2.220644193906249,2
mp-10931,-3.333161717604165,6
mp-1018731,-2.104003124166664,6
mp-769118,-3.028261964166665,12
mp-2050,-1.3424984824999981,2
mp-1212288,-2.869708189583331,24
mp-16376,-1.380856238333327,3
mp-1212118,-1.056108749166664,12
mp-464,-1.961464692031249,2
mp-23587,-2.489870162473957,24
mp-1095263,-3.213586852187499,12
mp-12900,-0.8964365874999981,8
mp-5150,-0.8272305350000001,8
mp-571071,-1.013694912499995,6
mp-1069461,-0.770646864999986,5
mp-1200132,-0.6929581986111101,36
mp-22222,-1.074703352499999,12
mp-1212133,-0.7939253524999981,12
mp-1071731,-0.615991454166665,6
mp-1105686,-0.9842211543749991,16
mp-1102935,-1.3052004441666671,12
mp-1190095,-1.2735074568749951,16
mp-20675,-1.031444234999996,12
mp-22497,-0.814082368333327,12
mp-570102,-0.596599442999999,10
mp-1072865,-0.5711334800000001,6
mp-30390,-0.8454543066666661,3
mp-1077485,-0.609527824999995,6
mp-1079423,-0.844753467777776,9
mp-11764,-0.908984421666661,12
mp-30731,-0.8814031375000051,4
mp-30733,-1.0838942077777771,9
mp-11971,-0.8989115966666631,9
mp-864642,-0.806263299999998,4
mp-1184856,-0.37157389499999804,4
mp-5985,-3.736251755388878,12
mp-866116,-0.38879440808332905,4
mp-1101968,-0.227511016666663,12
mp-919,-1.4516875825,2
mp-558875,-2.246676288703702,36
mp-559805,-2.602439169027776,24
mp-1212080,-3.539191923055554,12
mp-22108,-0.688317777777774,6
mp-22274,-0.737937600555556,6
mp-1540,-0.428563092499992,2
mp-1212243,-2.378023333402778,48
mp-1212131,-2.506112064027777,24
mp-2013,-0.27222344875000404,4
mp-30732,-0.725201990555553,9
mp-1007665,-1.731263990833324,4
mp-569178,-1.605807920781245,4
mp-1007663,-1.250518345416658,4
mp-1184899,-0.019566718750006002,8
mp-1184867,-0.5728059599999961,4
mp-1184828,-0.42053203708333203,4
mp-1184831,-0.381747653750001,4
mp-973524,-0.782405860416666,24
mp-19024,-3.301341118499998,20
mp-18734,-3.209082368333334,12
mp-1181041,-0.29098625187500105,16
mp-2249,-0.34293370249999505,2
mp-1103837,-0.17836564884615302,13
mp-2041,-0.388101546666664,6
mp-30736,-0.36030613437499803,16
mp-1212073,-0.6529033483333281,12
mp-1018729,-0.41558824722221904,6
mp-1079329,-0.756573902777776,9
mp-13380,-0.7397249399999961,12
mp-864624,-0.672656846249996,4
mp-1223786,-0.589831284999998,3
mp-1212106,-0.5674349750000011,12
mp-1184822,-0.5165369212499991,4
mp-3346,-0.9094038216666671,6
mp-1525634,0.0,4
mp-23153,0.0,4
mp-23261,-0.7564620653571411,28
mp-27639,-0.35388224499999904,4
mp-1184879,-0.29838048500000003,6
mp-567998,-0.46454095499999903,16
mp-1546049,-0.19561297874999803,8
mp-27729,-0.66435476,8
mp-27988,-1.692126078749999,16
mp-1188721,-0.262308137,20
mp-29946,-1.135413572499999,16
mp-559377,-1.647007456999999,20
mp-85,0.0,1
mp-1147679,-1.128273857777778,15
mp-1080559,-0.270310316999996,10
mp-626412,-1.547914223630952,28
mp-23559,-1.049928341282051,26
mp-22061,-0.29588318714285805,14
mp-1224550,-0.7991402452976171,28
mp-40373,-2.153362024781745,42
mp-867998,-1.995463592874998,40
mp-1029677,-0.062188842045455,22
mp-21551,-0.250087595689655,29
mp-21683,-0.398653241650243,29
mp-541450,-1.925639973872547,34
mp-19974,-0.050005156666661006,6
mp-1224076,-0.8779580432142841,14
mp-1191856,-1.746976193030302,22
mp-1102174,-0.42316215386363204,11
mp-22154,-0.318354423333332,3
mp-1017579,-0.22412988400000103,5
mp-1212052,-0.292758229166664,15
mp-1201574,-0.9026551468630961,40
mp-22356,-0.7316871015476181,14
mp-20731,-0.587147221964284,7
mp-19765,-0.404802539642856,7
mp-22812,-0.260605419166665,12
mp-20708,-0.548374455476188,7
mp-22598,-1.994067387666665,40
mp-17100,-2.377692239101725,44
mp-31232,-2.281866629122024,16
mp-1102524,-0.43789426355113403,11
mp-22682,-0.6045200566666671,3
mp-755116,-1.5192756366666682,22
mp-510439,-0.5838570670000021,20
mp-1077883,-0.6110785336607141,7
mp-22216,-0.743551954687498,40
mp-612740,-0.686687467770832,30
mp-1197742,-0.327354584285715,42
mp-504908,-1.821049162222222,27
mp-510099,-0.139674372692306,26
mp-22236,-0.016332998125001,16
mp-636498,-0.275391854375001,16
mp-21385,-0.210675882000001,5
mp-510437,-0.544883318,5
mp-22146,-0.5678094987499981,16
mp-18614,-0.38318283499999906,16
mp-607450,-0.23597294750000203,16
mp-568493,-0.685462034999999,36
mp-1212594,-0.69562206892857,28
mp-616327,-0.608504545714287,28
mp-1200791,-1.701521488923611,48
mp-617281,-0.39453985964285304,28
mp-36751,-0.7032958305357121,14
mp-1224092,-0.6458184969642871,14
mp-1224268,-0.436434391785715,14
mp-570692,-0.299637451111108,18
mp-28112,-1.120648401607141,28
mp-1212167,-0.650566009464284,14
mp-1224528,-0.43323272357142506,14
mp-510347,-0.821630533712119,22
mp-31263,-0.76439755150568,22
mp-21084,-1.775095592058822,17
mp-22186,-1.751959449166666,18
mp-1224649,-0.46616379882353204,34
mp-646039,-0.043822473823531,34
mp-558992,-1.642977864803921,17
mp-1212307,-0.16704559800000102,20
mp-568655,-0.44437924049999805,20
mp-669311,-0.458874379411765,34
mp-22661,-0.42632283578273805,20
mp-20902,-0.503013941668154,20
mp-2761520,-1.797543163999999,20
mp-1223893,-0.6230491889583321,7
mp-20329,-1.392417060833322,8
mp-1204248,-2.2732333770562763,44
mp-19833,-0.5596083526562491,8
mp-20554,-0.533225844531248,8
mp-1224048,-0.6941361497619031,14
mp-22386,-0.37611397750000103,8
mp-20305,-0.38850980624999903,2
mp-1188700,-1.651679839074074,18
mp-1025293,-0.523129616071425,7
mp-1025212,-0.41112645321428304,7
mp-8586,-2.6812385733333333,24
mp-7027,-2.458591821166667,10
mp-752709,-1.994139079808897,38
mp-1001833,-0.071587387499995,2
mp-559521,-0.842193859583332,8
mp-22870,-0.934811325833333,4
mp-568108,-1.152392488888888,24
mp-570219,-1.239028326666666,8
mp-27703,-1.664869542222221,6
mp-1212122,-1.142252999999999,24
mp-862983,-1.148539956875,8
mp-27702,-1.814578640555555,6
mp-1077901,-0.49791328809523705,7
mp-616501,-1.169564246041667,16
mp-1223929,-0.70224098595238,7
mp-1224210,-0.6293799172916661,7
mp-22736,-0.6248616814062491,8
mp-22811,-0.555774405781249,8
mp-22261,-0.36635076125000005,8
mp-6949,-2.763129218749999,8
mp-571379,-1.209505085749999,40
mp-541283,-1.18625159736111,24
mp-504951,-0.7801380756875,30
mp-504952,-0.7055558967708331,30
mp-863731,-1.095029209166667,20
mp-733932,-1.131203128291666,40
mp-849391,-0.806664719557292,32
mp-560404,-1.5300916307514871,28
mp-20132,-0.010396108750001002,2
mp-1196151,-0.7479428433771951,38
mp-23202,-0.6524206583333321,4
mp-29312,-0.763738817222221,24
mp-567789,-0.7810132685416661,16
mp-22205,-0.11770066687499801,4
mp-19876,-0.21320580000000103,6
mp-1078367,-1.6801165316666662,10
mp-1070713,-0.142051175749998,5
mp-1212006,-2.109511752727272,22
mp-27175,-2.375712292222223,12
mp-20351,-0.358273598988095,2
mp-766835,-1.8767265961507942,48
mp-2912499,-1.4193721685092,44
mp-7566,-2.471440718551586,12
mp-1025161,-0.556675741615647,7
mp-1025213,-0.5104595882823121,7
mp-20790,-0.48460511487103003,6
mp-1212060,-2.665588593499998,40
mp-22646,-0.5518911749999941,12
mp-863724,-0.43434150749999706,4
mp-1078721,-0.492223713749996,8
mp-20516,-0.439939247499999,4
mp-899,-0.49960340000000103,2
mp-1077905,-0.578700944523807,7
mp-19795,-0.683356846406249,8
mp-20012,-0.23802167499999802,2
mp-559864,-0.7346905439583311,16
mp-556541,-0.7862124902083311,16
mp-1200631,-2.6384878739393933,44
mp-1223746,-1.8369641957936511,21
mp-1212067,-1.951885891944443,24
mp-21365,-0.522175905687501,20
mp-20485,-0.676726512031248,8
mp-1198762,-1.5462204435850682,48
mp-505357,-0.8192689011284711,48
mp-1025370,-0.604482643571429,7
mp-567931,-0.306195786,10
mp-998567,-1.302332409333332,10
mp-29236,-0.888599150277774,12
mp-504630,-0.8248074937500001,24
mp-557992,-1.674929610972222,24
mp-29234,-0.695439618611109,12
mp-510727,-1.9819791672222222,24
mp-101,0.0,1
mp-29870,-0.9819611622727271,22
mp-1190246,-1.425466649999997,22
mp-1188655,-0.48808257418750106,20
mp-863709,-0.025206192500000002,4
mp-974358,-0.041019843750007,4
mp-1101826,-0.421793603863637,11
mp-9888,-0.361656984772728,11
mp-30745,-0.37077740625000605,8
mp-27397,-0.708474681249999,8
mp-568208,-0.624767009999999,16
mp-2437,-1.485668521250001,8
mp-560553,-1.533848953214284,28
mp-1025442,-0.44096969,8
mp-2723,-1.260892841666664,6
mp-1097041,-0.9821975675000001,32
mp-1223919,-0.024315764999997002,2
mp-1184794,-0.019203882500001,4
mp-862620,-0.064791034999998,8
mp-2833,-0.502745337291661,24
mp-1361,-0.423941923958333,24
mp-30744,-0.295725192499993,4
mp-1184804,0.0,8
mp-1206406,-0.44899305044999904,5
mp-34232,-0.6030824624499981,5
mp-1206600,-0.39135605445000005,5
mp-24239,-0.40851472855769205,26
mp-569408,-0.38639210245000105,5
mp-752629,-1.452539285321428,28
mp-1206349,-0.5825823419404771,5
mp-12079,-0.738215235874999,5
mp-1238839,-1.122947655321429,28
mp-8608,-0.17922482889285601,7
mp-2646999,-0.757603732449999,5
mp-567657,-0.7169771903874991,5
mp-35276,-0.278126440449994,5
mp-1206409,-0.5132710053071401,5
mp-1070151,-0.8709019384500031,5
mp-1212045,-0.222279318661763,17
mp-1192374,-0.19493127389285703,28
mp-567545,-0.257564454295453,11
mp-21134,-0.28343882579761803,14
mp-8116,-0.9324394060267871,14
mp-1104242,-0.9067615470401771,14
mp-1223960,-1.397924619149999,15
mp-1223754,-1.147290645733331,15
mp-1095186,-1.347464026534722,9
mp-554461,-1.655942056361106,18
mp-1206920,-0.735727135940476,5
mp-12098,-0.8369016439404761,5
mp-1207022,-0.726733061940478,5
mp-5628,-1.4797580651730762,13
mp-9797,-0.7581178259464271,14
mp-1211981,-0.24956376853571302,28
mp-1223845,-0.5285308470833331,9
mp-1223832,-0.7590644815277771,9
mp-570068,-0.236488186113632,22
mp-1192538,-0.24497997746428501,28
mp-570936,-0.281010533892858,14
mp-28769,-0.8701936988035711,14
mp-1103956,-0.589392469107143,14
mp-561973,-1.614326674509258,36
mp-9522,-1.791932539034722,9
mp-1223885,-1.283656162638888,9
mp-1223931,-1.468723663066666,15
mp-1224082,-1.489535434301724,29
mp-12414,-1.401398797923608,9
mp-675140,-2.228915842289998,25
mp-1224116,-1.107932387025863,29
mp-690511,-1.414203774239129,23
mp-1224600,-1.126099593763545,35
mp-1224638,-0.445679789398148,36
mp-1224229,-1.184043788285713,35
mp-1194660,-0.5726775039583331,36
mp-560465,-1.8322621154627332,32
mp-775539,-1.7792000906927141,31
mp-1224669,-0.12410265511111501,39
mp-558482,-1.619321166664471,38
mp-28737,-0.5431013664861081,24
mp-542749,-0.7834818128994581,46
mp-31012,-1.508595819607144,28
mp-28501,-1.876899119250001,28
mp-1224044,-1.498278686772726,22
mp-1224047,-1.281032355778407,22
mp-541638,-1.058067123136363,44
mp-541060,-0.9229454998693151,44
mp-1223710,-1.486517682863632,22
mp-1223811,-1.127545804142042,22
mp-541353,-0.9956153549431791,44
mp-541354,-1.001198418051137,44
mp-1195947,-0.30740733549431704,44
mp-541915,-0.6917360118940971,48
mp-558500,-0.8864509708703691,18
mp-1188845,-0.838273520245369,18
mp-570887,-0.8404800391342581,18
mp-7494,-0.599046196770831,18
mp-573891,-0.6632701742442101,18
mp-7642,-0.384078838416666,8
mp-27549,-0.414086274374998,8
mp-1110920,-1.6220751856166662,10
mp-1104293,-2.346519228023809,14
mp-9778,-0.43898535886904705,8
mp-1111950,-2.246720276616666,10
mp-7643,-0.5024591443749991,8
mp-560217,-2.991123102910255,39
mp-554959,-2.53295952226923,13
mp-9486,-3.50936397743751,8
mp-1203080,-2.87943363904546,44
mp-8147,-0.5044637069000001,10
mp-1079513,-0.4866616019,10
mp-9511,-0.878102668375,16
mp-1195201,-1.03311708823913,46
mp-8700,-0.375281917500001,5
mp-4351,-0.9724350941212101,22
mp-542637,-0.8084964817490511,22
mp-863761,-0.6785355857499991,12
mp-561549,-3.145793632580015,50
mp-1212143,-2.1198954585,28
mp-5185,-3.318164689214286,28
mp-27915,-2.1003341254,20
mp-1202167,-1.181723325630435,46
mp-28800,-0.791708378476904,23
mp-1084770,-0.519921641875001,8
mp-561290,-2.9336584202500022,32
mp-772808,-2.281651434095237,24
mp-989591,-1.15279290845,10
mp-10408,-0.615292346999999,5
mp-3963,-2.109701842833329,24
mp-6494,-2.389662173136364,11
mp-1019747,-3.204538754416666,36
mp-1019746,-3.287697046557144,35
mp-557367,-2.280172803499999,48
mp-1223917,-3.064721921,42
mp-555914,-2.930561492398809,48
mp-557832,-0.751294832227271,22
mp-7534,-1.405377440642856,14
mp-18101,-1.009371341805555,36
mp-1198419,-1.031509651263887,36
mp-1223689,-0.291411720949999,10
mp-697945,-1.4936439825888161,38
mp-27742,-1.406970080899999,20
mp-554382,-2.5201779436488083,24
mp-2046082,-0.270583665624997,8
mp-504498,-0.157758239874998,8
mp-1079679,-0.200498769874998,8
mp-2043826,-0.291115413125,8
mp-1194826,-1.090346006187498,32
mp-1079645,-1.052944497359374,8
mp-1206020,-1.407019940499998,9
mp-557649,-3.235151624145834,48
mp-1212039,-2.177314334624998,32
mp-1212138,-2.433497969375,32
mp-1206010,-3.6590231693888873,9
mp-21542,-3.34321049287681,46
mp-19189,-1.607684705380681,22
mp-1212556,-1.450634660642856,28
mp-1206883,-2.467351918277778,9
mp-1223804,-1.205955992979999,50
mp-1211977,-1.089753679214285,14
mp-28890,-1.4238854814000002,20
mp-1195899,-2.085670972357142,31
mp-24816,-1.691923409973684,19
mp-561028,-1.927502611090906,22
mp-555898,-2.656148201115384,26
mp-2047105,-2.883031231611111,9
mp-510467,-1.781390104954545,44
mp-866709,-2.620993817076924,26
mp-2767744,-2.05914349992857,28
mp-756910,-2.386229548678571,24
mp-561541,-2.033662543818181,44
mp-542332,-1.8542813113181822,22
mp-1023132,-2.129742614928571,14
mp-6598,-2.480498010161653,38
mp-556074,-1.329588991613095,21
mp-15684,-0.3349658455,8
mp-1110871,-1.60153208845,10
mp-571440,-1.521074013666666,24
mp-8388,-2.538780793499999,14
mp-8446,-0.42659016261904803,8
mp-1190935,-2.408616286148808,24
mp-560601,-1.889739489699999,40
mp-1105938,-1.654775573614033,19
mp-977368,-1.501596021171599,19
mp-1212062,-2.420241954687501,32
mp-1212010,-3.764710827333333,32
mp-17371,-3.7741543108749998,32
mp-1212510,-2.3226067624375,32
mp-1212263,-3.438427809000001,32
mp-628804,-1.347061447079861,36
mp-565929,-3.265752783963768,46
mp-1205367,-2.90476089446875,16
mp-696335,-2.469089462227273,44
mp-1211993,-1.109996460642855,14
mp-19320,-1.428852621357141,28
mp-1224019,-2.338775765418651,36
mp-773453,-2.250526834511904,24
mp-561525,-2.525803064064103,39
mp-10973,-1.038116073630208,48
mp-1112284,-2.684092103366666,10
mp-15415,-0.47799325940000004,40
mp-15417,-0.453809846507141,40
mp-1224478,-2.405246178057539,36
mp-30077,-0.488991842149999,40
mp-1212034,-2.40632775125,32
mp-642655,-3.7212974730625,32
mp-560685,-1.157772099981482,27
mp-608014,-1.9754023907307672,13
mp-561132,-1.001745289045453,22
mp-541878,-1.040038007166665,36
mp-29388,-0.95292482846875,36
mp-8930,-0.386287133900002,10
mp-7825,-3.034860290499997,9
mp-9692,-1.096713106088544,12
mp-29022,-1.016514824839289,28
mp-28126,-0.784129733738094,28
mp-696941,-1.597148574199999,40
mp-1197713,-1.307863585255514,34
mp-1191702,-1.908428968931817,22
mp-1203386,-1.2947574398541661,48
mp-643257,-0.35756616892857,7
mp-974713,-0.49014035392856903,14
mp-643801,-1.4505196888,15
mp-643279,-0.48152943555555405,9
mp-24589,-1.735865829149999,10
mp-733853,-1.346478201520833,48
mp-1201301,-3.2862341157777752,36
mp-14128,-3.727239514388886,18
mp-568855,-0.7782633984407471,44
mp-17792,-0.793643768133335,30
mp-17307,-0.7528143367166671,30
mp-1211986,-0.758762799666664,36
mp-1212008,-0.7809665529305561,36
mp-1211969,-0.6138799714666691,30
mp-31473,-0.237695974444445,9
mp-561222,-0.926646605894737,38
mp-725973,-1.554502505714286,28
mp-5860,-1.338735045400001,5
mp-28859,-1.0272830079,20
mp-1172870,-1.653754342210524,19
mp-1212046,-2.4143879346875,32
mp-1212022,-3.7679450043125,32
mp-21705,-0.9816662723107631,48
mp-21713,-0.9776056600885401,48
mp-766966,-1.752788566469696,44
mp-862780,-0.9680886194126971,24
mp-11174,-2.470534487166664,9
mp-1223734,-1.437881932466665,30
mp-1212029,-2.254064136187501,32
mp-1201545,-2.474957406562501,32
mp-1212017,-1.7601276911874981,32
mp-542081,-1.354670371982142,48
mp-542078,-1.174220363140996,48
mp-1204933,-3.365616652876812,46
mp-1198663,-0.490211233569444,48
mp-504806,-1.9075615027626251,33
mp-17208,-2.569991883671717,33
mp-757868,-1.770096243949999,40
mp-16955,-1.8775089627000001,40
mp-17774,-2.0522001912,40
mp-774432,-1.66320836995,40
mp-556996,-3.464421298116666,30
mp-23774,-0.37090790253333306,20
mp-6450,-0.633230926186506,12
mp-557632,-2.343015470999999,14
mp-1110869,-1.894873532783334,10
mp-1111150,-2.7391939207833342,10
mp-1111927,-3.143772144783333,10
mp-1207213,-2.604690493783333,10
mp-1112185,-2.975417636783333,10
mp-9703,-0.5732784683888881,24
mp-1111112,-3.104614807533333,10
mp-1197982,-2.14080098444737,38
mp-505431,-0.5508561190833331,24
mp-1111671,-3.02043609045,10
mp-1111126,-2.43546777145,10
mp-1110837,-2.996193935783333,10
mp-695505,-2.927287174771164,36
mp-759900,-2.541161011916666,32
mp-1111665,-2.6630542147833323,10
mp-1111923,-2.653052497783333,10
mp-1111110,-3.597623383283333,10
mp-684817,-3.122564722660053,36
mp-558369,-2.376295727229166,16
mp-767165,-1.404636565979165,32
mp-1111986,-2.142704011283332,10
mp-1211957,-3.783172309520833,32
mp-8127,-2.263282359954545,11
mp-11643,-0.9733716048043821,22
mp-1087476,-0.18333791145,10
mp-27207,-2.252388238499999,7
mp-24835,-1.872521814973684,19
mp-31212,-3.367804555642856,7
mp-23956,-0.335866962071428,7
mp-1223767,-1.362276485779999,25
mp-757963,-1.764086942586978,46
mp-1181784,-1.992467306026316,19
mp-755802,-1.965248261399999,20
mp-1204159,-2.214848072518433,31
mp-19459,-2.556299013708334,48
mp-1223759,-2.404454951645833,24
mp-19137,-1.763508037465322,44
mp-669410,-0.939914772635775,44
mp-19148,-1.75827920719458,14
mp-1195778,-1.979423776289654,40
mp-863756,-2.140143210874581,50
mp-762295,-2.147237135831243,38
mp-1195006,-2.274091620699637,38
mp-27304,-1.6414557374425272,9
mp-557610,-2.990939026061577,7
mp-560127,-2.894356403047892,18
mp-696630,-2.515914316357367,22
mp-1223747,-1.2778603250972411,50
mp-1211832,-1.268353917490147,14
mp-2767160,-1.719497611775864,28
mp-554535,-2.633628610143062,48
mp-769604,-2.322483721839491,48
mp-8713,-1.326149135521552,10
mp-18838,-2.512292868175549,44
mp-8716,-1.118830064423706,10
mp-628305,-1.018125356788253,32
mp-8719,-1.100206443396552,10
mp-18251,-2.389990744785918,24
mp-19228,-2.393148386443738,38
mp-542671,-1.29855569902381,42
mp-27597,-2.140368895409105,22
mp-540788,-2.100159429299999,30
mp-559914,-1.844305683555556,36
mp-27826,-1.596602248055556,9
mp-18914,-2.204234955642857,14
mp-17980,-1.108780208749999,28
mp-866641,-0.4414276521875,48
mp-680381,-3.203478996837332,46
mp-559878,-1.5597593213620682,36
mp-1201519,-3.177090875750381,46
mp-1200960,-3.202274927924288,46
mp-1198935,-3.286492741388056,46
mp-504962,-1.6470563617804581,40
mp-1019781,-2.638942295142583,36
mp-541694,-0.408629041674055,36
mp-17375,-1.4526352391971271,40
mp-14324,-2.009964490770556,26
mp-1223676,-1.451275195770557,26
mp-1211956,-0.15236905389080402,36
mp-560176,-3.64101468504885,36
mp-9069,-0.554715968479885,12
mp-6586,-3.44334859958793,10
mp-24412,-0.34407027,10
mp-9068,-0.69576564390873,12
mp-34127,-0.349695778344826,8
mp-1111108,-2.787983251337931,10
mp-567836,-0.38092245822194803,12
mp-1110896,-1.886025230587931,10
mp-1111105,-2.73241830858793,10
mp-1206266,-1.958004638587931,10
mp-554252,-3.116832699587931,10
mp-13797,-2.577095479587931,10
mp-558674,-2.94678372858793,10
mp-560924,-1.682573350482759,28
mp-9676,-0.48646579889655206,12
mp-1111106,-3.079559579337931,10
mp-9666,-0.44336723544416906,12
mp-695963,-1.374624272849137,48
mp-21510,-0.473017237090997,12
mp-6686,-2.9891306462545972,10
mp-21511,-0.40402125863861404,12
mp-505767,-0.517965529174328,24
mp-1111639,-2.426990218254597,10
mp-1079339,-2.983474632381034,10
mp-555116,-1.819417222976293,32
mp-556487,-2.9660800865879313,10
mp-14039,-2.63281606158793,10
mp-1111874,-2.619698995587931,10
mp-1111649,-2.01212666408793,10
mp-6058,-3.56599070808793,10
mp-1111871,-3.306311992921264,10
mp-42190,-3.319039354921264,10
mp-13798,-2.693568741921265,10
mp-560950,-1.4304665845303781,28
mp-1080537,-3.163481748587931,10
mp-39843,-3.025599436087931,40
mp-559790,-2.4463073990882362,34
mp-17508,-2.681097893309524,21
mp-686747,-2.828975649724867,36
mp-15214,-1.240613618895833,16
mp-568405,-1.990916739388887,18
mp-9763,-1.293870691812499,16
mp-9003,-1.1693720467343751,16
mp-4758,-3.3712123232,40
mp-555717,-2.468049836208333,24
mp-1211863,-2.197570700875002,32
mp-1211903,-2.4265632896875,32
mp-1211860,-3.715621197125,32
mp-1211886,-1.702994043375,32
mp-16690,-1.323202539065474,48
mp-556059,-1.191171528657895,38
mp-17228,-0.9446758993888861,18
mp-1188089,-0.835353422652776,18
mp-9673,-0.406948084900001,10
mp-556546,-2.735236737785715,7
mp-605034,-2.384495597166662,9
mp-24573,-1.5960329682391299,46
mp-19252,-1.3007674969,5
mp-9672,-0.568266484690475,10
mp-1025162,-2.890354923321427,7
mp-971,-1.233878036499999,6
mp-2672,-1.284958853625,8
mp-27835,-1.237443363833331,9
mp-23533,-1.32268803361111,9
mp-762088,-1.805403528895832,48
mp-558480,-2.793532228980518,22
mp-7505,-0.516321371757141,10
mp-1224154,-2.373244744273808,48
mp-569857,-0.549982655785713,20
mp-9687,-0.595615487619046,8
mp-9509,-1.010385426142856,16
mp-1211877,-1.8728883063491062,30
mp-6441,-2.7661808916632653,28
mp-1202353,-1.189245915065474,48
mp-31314,-1.048984686862347,48
mp-542445,-3.7929765499500023,20
mp-21099,-2.117876546884615,13
mp-20694,-1.5614089427857092,14
mp-1194624,-2.073560048657895,38
mp-1211440,-1.445836170277776,18
mp-556517,-1.536198562399998,20
mp-561277,-1.588238867416664,24
mp-9910,-0.832547670972221,18
mp-14339,-0.9122132659861111,18
mp-27138,-1.483386717785713,7
mp-1205761,-1.306930614944443,9
mp-1068977,-0.064741491499998,5
mp-22956,-1.547152971071427,7
mp-23067,-1.313050104722221,9
mp-28163,-2.413465222071428,7
mp-7979,-2.381861047166666,9
mp-540584,-1.2888827849,5
mp-1068941,-1.068710574624998,5
mp-1069706,-1.079466821837501,5
mp-28276,-2.199331474520835,32
mp-569967,-2.424467699583335,32
mp-28277,-1.707505457333331,32
mp-1062676,-0.030913012499998,3
mp-27691,-1.346559577166666,9
mp-976876,-0.183952175499999,5
mp-22934,-1.507347296785714,7
mp-23513,-1.3733973636111099,9
mp-3821,-2.429395779388886,9
mp-28247,-1.005412828277777,18
mp-558532,-1.191520107633333,30
mp-7928,-1.110685690624998,5
mp-8621,-1.088003907837501,5
mp-862794,-2.788405569666666,9
mp-29334,-2.310087857906251,32
mp-2760749,-2.149668381249998,9
mp-505397,-2.200004475916665,9
mp-1025158,-2.677229783321428,7
mp-1211726,-1.455434631115384,26
mp-621964,-1.154518416290178,28
mp-1211702,-2.731318518833333,14
mp-1211720,-2.739897928714285,14
mp-21331,-2.712102805857142,14
mp-1211709,-2.734998923357143,14
mp-1211738,-2.710005932642857,14
mp-1211699,-2.750262721333333,14
mp-558227,-3.000733195238506,12
mp-1211725,-2.6902760749642862,14
mp-1211736,-2.681127125261905,14
mp-1211745,-2.7055108433571293,14
mp-1211767,-2.705238969071428,14
mp-19428,-2.7278107384761903,14
mp-1211717,-2.745110733714286,14
mp-1211701,-2.7217094680000002,14
mp-39938,-0.8934479072499991,48
mp-23021,-1.335880026333332,9
mp-22947,-1.486913343888888,9
mp-7824,-2.765490939666662,9
mp-27595,-2.78151324836363,44
mp-29877,-0.32509718767361,36
mp-867920,-1.229401517722222,9
mp-8018,-2.484325778277777,9
mp-560144,-1.28256529095,40
mp-1097045,-1.290743220222213,36
mp-23471,-1.600359513833331,9
mp-557702,-0.9841968202000001,40
mp-560966,-1.498724784699999,40
mp-17789,-1.713982263857143,28
mp-1022,-1.247886656770833,3
mp-562102,-2.115194569045453,22
mp-7667,-0.9450748251874991,10
mp-17146,-0.700578589866071,28
mp-4529,-2.271758034928568,28
mp-27140,-1.9721775643823531,34
mp-863757,-0.6194334143749991,8
mp-27241,-1.5933208209374992,32
mp-1205394,-2.919186719312502,32
mp-1194509,-1.636032782196428,28
mp-756981,-2.266041721595237,24
mp-560240,-2.397861930414285,40
mp-554643,-2.45447916790909,44
mp-1195538,-1.079283102307663,48
mp-772763,-2.754025027011904,24
mp-557777,-3.291773420249999,36
mp-8426,-1.2399382956145821,3
mp-1190160,-1.550804163107953,22
mp-7670,-1.073890771306249,10
mp-23036,-1.299198075204859,9
mp-556797,-2.8825441013,30
mp-558603,-3.064247861966668,30
mp-18460,-3.006727164354167,48
mp-6984,-0.440748686900001,10
mp-13002,-3.428395247722219,18
mp-697910,-1.321862115409089,44
mp-8235,-0.600256117690476,10
mp-555268,-2.484167529541666,24
mp-1211730,-2.192009798062502,32
mp-1211774,-2.4249649378124998,32
mp-17434,-3.7348699311875,32
mp-555587,-1.304387124273808,24
mp-10776,-0.8667852744999991,11
mp-557121,-0.8999656099444431,18
mp-643371,-0.40806944116666605,21
mp-510002,-1.6173990218,15
mp-18115,-0.7854912078,30
mp-8624,-1.742462365642854,14
mp-8965,-1.028475990222223,18
mp-8966,-0.982770607913194,18
mp-1195395,-0.83944356967647,34
mp-1024073,-2.08584630975,48
mp-31486,-0.34150255362500104,16
mp-574040,-1.544271811611111,18
mp-571453,-1.859705102166665,18
mp-1205971,-3.018336535499995,9
mp-568968,-0.9497225364218751,8
mp-1223855,-0.7669801835833331,8
mp-752692,-1.6840047264,20
mp-17730,-1.9538010669999992,24
mp-554825,-2.545925729482141,48
mp-1120733,-1.164566427,12
mp-9693,-1.119194034421874,12
mp-29835,-0.8917474640833291,24
mp-28080,-0.793495430354165,16
mp-569413,-1.92030262424074,27
mp-558990,-2.837911568582707,19
mp-863758,-0.668036915749999,12
mp-557747,-2.919873771357142,48
mp-7148,-3.146543844513889,12
mp-19075,-2.564325975236843,38
mp-1200300,-2.832792581682539,42
mp-28530,-3.130297347234694,49
mp-31360,-1.8748970433214271,28
mp-1195471,-3.200980261990259,34
mp-15216,-1.276504412937499,16
mp-8972,-1.182607521401041,16
mp-3975,-3.507735569683334,40
mp-1211737,-2.424893526250001,32
mp-1211691,-3.761354122333333,32
mp-1206472,-1.40517262772222,9
mp-27632,-1.5662490636111102,9
mp-1091363,-2.83393911883333,9
mp-1211633,-0.282136518576388,36
mp-573568,-0.9710711660555541,18
mp-1747,-1.222004715833333,3
mp-29380,-0.8438403913166671,40
mp-29129,-1.77529670948148,36
mp-1206350,-0.9473361494999971,5
mp-8623,-0.9639222794999991,5
mp-7289,-0.863097973,20
mp-22963,-1.39301875735185,18
mp-569149,-1.356825606944444,9
mp-554532,-2.626809354574074,36
mp-1211923,-1.652847536058333,40
mp-723043,-1.494657953300521,40
mp-27688,-1.006003727907404,18
mp-8724,-1.8609693726944432,12
mp-773785,-1.789421294809523,28
mp-29692,-0.8753895005729171,24
mp-28419,-0.9424683401163181,24
mp-14193,-3.921642413833328,9
mp-1211547,-2.9460809603333313,24
mp-1211474,-1.273278239203703,18
mp-556719,-3.142049877188889,30
mp-1223905,-1.986309178768518,18
mp-28075,-3.057675286240742,9
mp-8065,-3.347455425690477,21
mp-27839,-2.179674765314814,9
mp-3970,-3.534285907537046,9
mp-1191204,-3.236035972643939,22
mp-13133,-2.761319902138887,12
mp-28766,-1.605788210055553,12
mp-1178146,-2.131631461456349,24
mp-1211536,-3.783085791500001,32
mp-1192306,-1.176502708708332,24
mp-29361,-3.324803091318179,22
mp-556374,-2.167465826362081,29
mp-11887,-2.874956071325395,21
mp-28776,-1.902097400250002,32
mp-28496,-2.233121899375001,32
mp-1224157,-3.632473544944441,9
mp-3808,-3.059945037785713,7
mp-10434,-1.260062227916663,12
mp-18935,-2.669670406445054,26
mp-1190373,-2.264214984541665,24
mp-16787,-2.445476564961539,26
mp-8900,-1.189332644520823,16
mp-14634,-1.084775347567707,16
mp-1206608,-1.724577456944444,9
mp-1223921,-1.6680551033,40
mp-15147,-1.2642837243124991,16
mp-15220,-1.136528660484375,16
mp-23839,-2.674125571545454,22
mp-18832,-2.797603298375,32
mp-1224276,-3.0117675868125,32
mp-754947,-2.432625717220238,48
mp-558956,-2.571835727414285,40
mp-19037,-2.2839396722272722,22
mp-568914,-1.5350239002777761,9
mp-18780,-2.256356684214285,14
mp-1211879,-1.134914741964286,28
mp-18138,-1.078622331625001,28
mp-863763,-1.499322636610196,19
mp-1211533,-2.41867705625,32
mp-17077,-3.7428008202500003,32
mp-1211487,-3.796152099375,32
mp-560398,-2.114221985409091,22
mp-722979,-0.44055367896666703,30
mp-555318,-2.734427540409092,22
mp-1195072,-0.9805493510056821,44
mp-1195606,-1.630016071613095,42
mp-28371,-1.708242246055554,18
mp-1147664,-1.128061952083333,18
mp-1232308,-1.10379233209722,18
mp-1191100,-0.33149571904545405,22
mp-23535,-1.72332079992857,14
mp-556333,-2.192421146746728,44
mp-9583,-2.858067956357142,7
mp-695998,-0.32508407714285603,28
mp-863752,-1.238685679979999,25
mp-1211403,-1.33093594707143,14
mp-8187,-1.5774439758999992,10
mp-16695,-2.595199219273809,48
mp-1147773,-1.252977908624998,10
mp-1232317,-1.2232847238375,10
mp-12535,-1.035780234566666,10
mp-8891,-2.9816018693484843,11
mp-1223853,-3.014198637214285,13
mp-6600,-3.221192822633334,30
mp-17888,-3.860545978861111,36
mp-1211747,-2.079436904979167,48
mp-27585,-1.947438447685185,27
mp-5450,-3.655629739388885,18
mp-16871,-2.6008527645416653,24
mp-18449,-2.7781002186666672,24
mp-559489,-3.186144017249999,48
mp-29602,-1.221828839583333,24
mp-1188268,-1.3636930051944431,18
mp-541998,-0.9573468217916671,36
mp-2740887,-1.414208610694444,18
mp-27565,-1.284708727416665,18
mp-560563,-1.331224716305554,18
mp-27566,-1.371516848527778,18
mp-14206,-0.350068366468748,8
mp-28347,-0.5576802861562501,16
mp-541682,-0.496511515708332,48
mp-1201513,-3.420461138174996,50
mp-24034,-0.302516447875,20
mp-9157,-2.257201830250001,14
mp-541684,-0.6229684774503971,48
mp-18217,-1.3819342316116061,28
mp-18378,-1.127586541607144,28
mp-14018,-0.30332327731249903,8
mp-1193111,-1.157303267392857,28
mp-3797,-1.112950490218749,32
mp-18594,-1.110978559111606,28
mp-1197539,-1.041859041390623,32
mp-1211803,-1.172191671196426,28
mp-9200,-0.8797196933499991,5
mp-15571,-1.129119164406249,12
mp-23612,-2.735504874587499,20
mp-1189091,-2.7564541383375,20
mp-1029756,-0.532952924736111,24
mp-9664,-0.539756795783729,12
mp-29975,-1.245374226202379,28
mp-558607,-2.119083428138889,42
mp-31286,-0.5012231678125,24
mp-865961,-0.6893343674943181,22
mp-561369,-1.9404687482125,40
mp-560420,-2.503434737783928,40
mp-29524,-1.67534266132143,28
mp-30120,-1.639996911468749,16
mp-28980,-1.145052701611606,28
mp-29379,-0.9586009623214281,28
mp-28166,-1.56421230635,5
mp-1104232,-2.7420949557882652,14
mp-696878,-2.720008220819047,15
mp-756968,-2.624408709722527,26
mp-1202778,-0.11623813059210401,38
mp-17189,-2.949903627216836,28
mp-555101,-2.666295177229168,12
mp-1111145,-2.683251744175,10
mp-28825,-1.245469531125,24
mp-1111695,-3.080177567174998,10
mp-556522,-0.8383718468374891,40
mp-695887,-2.3181469421488092,24
mp-14205,-0.29791358959375003,8
mp-7439,-0.407285519650297,8
mp-10914,-1.092671264104166,48
mp-28273,-1.287806514875,48
mp-866661,-1.180132236315474,28
mp-1211654,-3.597070297341666,20
mp-1224251,-2.2614423562878763,44
mp-30197,-2.370378161208333,40
mp-1211695,-3.610596660675,20
mp-17089,-2.829903004716836,28
mp-504570,-1.634728775964275,14
mp-28696,-1.537963933343749,32
mp-1193931,-1.124671890607139,28
mp-541997,-1.067580413397321,28
mp-567524,-0.45314396717499805,40
mp-1111080,-3.043798041924998,10
mp-13743,-1.887288735607144,14
mp-541686,-1.3222657638214281,28
mp-541687,-1.269708642325892,28
mp-541688,-1.048316028107144,28
mp-1211764,-2.812669496881944,48
mp-978099,-2.966707809002542,28
mp-1196998,-0.0814042388375,40
mp-17112,-0.269501180218753,16
mp-697540,-1.4711622679249992,20
mp-24340,-1.347877603999999,24
mp-14434,-1.241486059892857,14
mp-14435,-1.187501841254464,14
mp-27331,-0.975083446678569,28
mp-1224049,-1.653615743049107,28
mp-1192630,-2.980516285431121,28
mp-1211924,-2.367143121625,40
mp-1211714,-3.6022971356749993,20
mp-28171,-1.445846300349999,5
mp-984107,-1.509241483527778,36
mp-1211728,-1.244360443157739,28
mp-583615,-0.421054409072916,32
mp-867331,-0.32025175482407503,18
mp-569132,-2.013773516341666,40
mp-27526,-2.989521906341664,40
mp-20256,-0.357505529617063,12
mp-541141,-1.584397159124999,40
mp-975577,-2.413142842982143,28
mp-1019793,-2.9902919022168373,28
mp-1211905,-0.249474369385415,32
mp-561288,-1.645693378342592,18
mp-1019794,-2.671974138028388,26
mp-18150,-3.001526013407312,42
mp-1111421,-2.291047965291666,10
mp-1211665,-3.630852403841667,20
mp-557543,-3.092836822570512,26
mp-554144,-3.001450548551007,12
mp-540914,-1.712323962811576,28
mp-19140,-1.765423763085129,32
mp-1178149,-2.372661536101838,26
mp-620069,-1.588744950982144,28
mp-27643,-1.7960765828749992,40
mp-553896,-2.927756605174998,10
mp-28111,-1.282453813107143,14
mp-28202,-1.376361028656249,32
mp-17902,-1.70723813772352,28
mp-22457,-2.25555073343781,14
mp-17839,-1.791742020201201,28
mp-553975,-1.625013810867528,40
mp-559875,-1.8317399772698941,26
mp-18447,-0.452824543556513,36
mp-568329,-0.35438131911206905,36
mp-16847,-0.38491264260413105,36
mp-1211627,-3.305362259509237,14
mp-18964,-2.048080444152094,28
mp-1191678,-2.035642755096394,22
mp-1194433,-1.806830295875287,30
mp-541393,-2.231462536541954,30
mp-628185,-1.01969619345862,30
mp-17850,-2.9537472777607743,24
mp-557407,-2.4535804580594363,38
mp-581115,-1.119264080421873,32
mp-542545,-1.022161677648897,34
mp-581419,-1.196502549796875,32
mp-1202743,-1.07088447409375,32
mp-558828,-2.877565431004194,20
mp-696651,-3.039829815615385,26
mp-18383,-1.470959260843749,32
mp-17283,-1.347845455453125,32
mp-559059,-1.191270731017857,28
mp-1211700,-2.8005122927152772,48
mp-17187,-2.967787349538264,28
mp-16799,-2.700558495660715,28
mp-560449,-2.694834912229166,12
mp-754510,-2.226365661260989,26
mp-1194761,-1.97631495961111,36
mp-1195299,-2.3205405875416663,48
mp-558722,-2.469684920031251,32
mp-9637,-3.272654115727272,44
mp-7897,-0.335066864806547,8
mp-866660,-0.8266830439132631,28
mp-568011,-0.7701869475474611,38
mp-557753,-2.532319784549107,32
mp-17989,-1.240701872986606,32
mp-31313,-1.098334637595981,32
mp-31471,-0.37176272125000404,18
mp-1192352,-2.9625048259073132,28
mp-1237009,-1.897144354055555,36
mp-28837,-1.648462980124999,40
mp-1111856,-2.597276491174997,10
mp-1111078,-2.5809826231749993,10
mp-14017,-0.5482814765625,8
mp-9273,-0.5525112789062511,8
mp-17250,-1.8156306434642842,28
mp-10543,-1.8774047527187498,16
mp-1194266,-1.151684633526786,28
mp-9781,-1.0566366803125,16
mp-17538,-1.154353655540177,28
mp-8704,-1.086499508265623,16
mp-5626,-0.9550010406071421,28
mp-17035,-2.947518911383502,42
mp-1196072,-2.2939857898750002,40
mp-557577,-3.03779018975,26
mp-1104363,-2.697545394053572,14
mp-7657,-0.9843654023214291,14
mp-560964,-1.188999424410713,28
mp-559574,-2.813610893965278,48
mp-18019,-2.97325888471683,28
mp-18500,-0.336079271468747,16
mp-557665,-2.496019303892862,42
mp-696683,-2.880980994846154,26
mp-541875,-1.194529416611607,28
mp-540619,-1.00247924453571,28
mp-573202,-1.153003338213539,32
mp-582161,-1.041728627822915,32
mp-1211748,-1.149722804789215,34
mp-683905,-1.024450614393995,34
mp-1197797,-1.223357986963542,32
mp-1200105,-1.078351130010419,32
mp-9870,-3.055646548604166,20
mp-16855,-3.154895519940477,42
mp-18148,-1.513084057697914,32
mp-1211631,-2.835531331395833,24
mp-1205449,-2.18520330500834,40
mp-27525,-2.705112238258334,40
mp-1192398,-2.982160333645408,28
mp-1211949,-2.370408176124999,40
mp-1211645,-3.622052274675001,20
mp-558320,-3.341829393416667,42
mp-6785,-3.407082027431817,44
mp-976313,-2.235891756046875,32
mp-560736,-2.270633770337499,40
mp-18761,-2.428991238339287,28
mp-27704,-2.402736184170454,22
mp-560869,-2.27827762240625,32
mp-3529,-1.415487692093748,32
mp-561048,-2.06444388803125,16
mp-1147776,-1.180764797640624,8
mp-1224236,-2.673083131116668,30
mp-1029938,-0.659837185674999,40
mp-555403,-2.8451750771749973,10
mp-555495,-2.8282604820902773,24
mp-13230,-3.581831450174999,20
mp-1105034,-2.712865512982143,14
mp-3125,-2.840116175562499,12
mp-643270,-0.31892401000000004,18
mp-559309,-1.760378148479166,48
mp-1211761,-2.07567844327,50
mp-23149,-3.107361659304348,46
mp-1204061,-1.021338617338067,44
mp-29341,-0.7493380739375001,30
mp-557584,-2.2811196105294123,34
mp-558121,-1.531453596933332,30
mp-1224063,-0.665169131272727,22
mp-1224198,-0.539384775818182,22
mp-1224114,-0.591744626597401,22
mp-1224100,-0.69756924490909,22
mp-1224039,-2.93462329656,25
mp-28158,-2.301597747416666,24
mp-29584,-0.39376619128571105,7
mp-9872,-0.36003767618367205,7
mp-28627,-1.6992311862857141,7
mp-1195727,-3.128585341624999,48
mp-16137,-3.2736511924499982,20
mp-29585,-0.403009840571427,7
mp-23392,-1.949351615454544,22
mp-28302,-0.45758189013605205,7
mp-1211822,-2.094058563200001,40
mp-1211715,-1.8507469771111111,18
mp-561512,-1.493554024157893,38
mp-669560,-1.32793743055238,30
mp-553960,-1.6810251503636362,22
mp-31484,-0.333098036653847,26
mp-1195305,-0.9420791070272091,42
mp-9201,-0.34330075069230603,13
mp-14411,-1.953662920722222,18
mp-542043,-1.7563663084047612,42
mp-974482,-3.408737117571421,21
mp-1211649,-2.411071972666666,18
mp-29484,-0.423216713785715,7
mp-8753,-0.47685704692176906,7
mp-768368,-1.525181681999999,7
mp-27764,-1.4201798019333332,30
mp-8429,-1.526256729888885,9
mp-568357,-1.59832189156,50
mp-1211857,-2.28297853945,40
mp-558825,-2.181457497596552,40
mp-561377,-2.979317092515415,38
mp-29637,-1.786828043357366,22
mp-1211757,-1.6976342210478932,36
mp-757218,-1.365085429026779,47
mp-557698,-1.73683014218656,26
mp-557200,-2.754130073263158,38
mp-553977,-2.475344931819443,36
mp-1019796,-2.6051445840989,26
mp-863747,-1.10359603055238,15
mp-28424,-0.503690436989795,14
mp-677192,-2.022221064910098,29
mp-695043,-1.696115842307727,29
mp-22328,-1.576035852111111,18
mp-17522,-1.396593309923077,26
mp-560515,-1.6959253467058821,17
mp-757850,-1.853752598090911,44
mp-18700,-2.313345275166666,36
mp-569427,-1.13684498855787,36
mp-4971,-1.037990106849999,30
mp-7258,-1.823757819333333,18
mp-558309,-2.9374359997142863,21
mp-18132,-1.2291721242638871,36
mp-560535,-2.904279635823529,34
mp-22634,-3.2563449314499993,20
mp-18664,-1.256588606833332,34
mp-555417,-2.429724222360001,50
mp-541735,-1.326334095190475,42
mp-756510,-2.377695598037035,18
mp-559639,-2.910843327252099,34
mp-556212,-3.029818397729165,32
mp-6194,-2.462947380210524,38
mp-8794,-2.6296852469000003,20
mp-557105,-2.371041250307691,13
mp-560688,-2.333785786307693,26
mp-571461,-0.440942497714283,7
mp-1103566,-0.473334222142861,14
mp-28382,-1.487419703312499,32
mp-11719,-0.513500549421768,7
mp-27377,-3.262750822809523,21
mp-627575,-1.866527892551722,29
mp-1211812,-1.808533697206896,29
mp-1211624,-2.34680101211111,18
mp-646920,-0.347370654659092,44
mp-8683,-0.42455722140625,16
mp-1223503,-0.420609611805556,9
mp-558332,-1.368802641624999,20
mp-1223953,-0.6104924910227281,22
mp-1223894,-0.590815254286795,22
mp-1205955,-0.48476825986110905,9
mp-14623,-0.32626086953125005,16
mp-605935,-3.033927540050001,50
mp-777297,-0.555184238125,48
mp-30718,-0.282999471145837,48
mp-1196816,-2.9803082296022723,44
mp-571021,-0.20637432663691002,14
mp-866662,-3.311082736708333,30
mp-554603,-2.434387508490245,38
mp-1224256,-2.4265160169100453,47
mp-6245,-2.869486210284089,44
mp-14624,-0.491352169337798,16
mp-21613,-0.15229955064654802,29
mp-1192490,-3.267186189597221,30
mp-694852,-1.075155528007811,32
mp-30021,-0.575929994305555,9
mp-1211731,-3.760454224375,44
mp-16989,-0.420843784305555,36
mp-1211936,-0.43751992106250004,48
mp-644,-1.174004153593751,16
mp-8447,-3.426690428011362,44
mp-555531,-0.482518332361113,36
mp-557888,-3.444196682812499,40
mp-1195556,-3.165456940249999,50
mp-1211906,-0.950599953576387,36
mp-723540,-2.110847523056819,44
mp-17161,-1.336884909863634,22
mp-17698,-1.108454179560604,22
mp-510366,-1.405986150653846,26
mp-19141,-1.528302706566668,30
mp-560675,-2.311137563147058,17
mp-2214112,-1.88502117025,30
mp-5116,-2.025533711233332,30
mp-5114,-1.137613183727271,22
mp-1191206,-1.162699560943181,22
mp-1226185,-0.39773830926666504,40
mp-1224505,-0.315470439909522,20
mp-568916,-1.29506007973611,24
mp-12171,-1.5719714466818182,22
mp-18244,-1.3140994475666141,22
mp-18481,-1.20423373961873,22
mp-18246,-1.186450946543885,22
mp-1198979,-0.11509337712334101,39
mp-1211804,-0.10560993725155,39
mp-541707,-0.48313343233128003,28
mp-6112,-0.48219068465270803,28
mp-555392,-1.43839168415996,36
mp-561202,-0.8344472975909081,44
mp-567820,-0.454670621819445,48
mp-505187,-1.5069978645000002,26
mp-30990,-2.478708671899999,30
mp-555596,-1.582541440566664,30
mp-5455,-2.5439347390111102,30
mp-30149,-0.42687704637879104,44
mp-558070,-2.545835995409104,33
mp-1223803,-1.069322186749999,32
mp-1190467,-0.472673148958331,24
mp-1147618,-1.266701478522727,22
mp-1147626,-1.2396382407159081,22
mp-1204678,-1.04154601503409,44
mp-17499,-2.256590812782895,38
mp-18361,-0.447438780479166,24
mp-17455,-2.286447423502192,38
mp-18073,-0.44525819609027706,24
mp-582929,-0.13286617585964702,38
mp-18633,-0.485688340230766,26
mp-1204657,-0.12201292428070301,38
mp-569570,-0.117980349719302,38
mp-561037,-2.030012070205127,39
mp-866664,-1.8742776644904762,35
mp-1211836,-1.827540611514285,35
mp-1212020,-1.8032897581694591,35
mp-558206,-3.083181360881249,40
mp-18429,-1.053053297391665,40
mp-557874,-2.330342446070238,40
mp-12015,-1.346676018510416,8
mp-12532,-0.7215486906532721,8
mp-9782,-0.566161854489581,12
mp-1205342,-0.511444094263886,12
mp-998553,-1.178872599783332,10
mp-541966,-1.6461808939861111,24
mp-998750,-1.188738291249998,10
mp-1205357,-2.113634538783331,20
mp-7387,-2.027953733152777,12
mp-3074,-1.027251272138884,12
mp-997088,-1.021018559729165,8
mp-16236,-0.811976038753471,6
mp-1223690,-0.8178427564079821,48
mp-1195284,-0.315427383814393,44
mp-19352,-2.369613685604167,12
mp-7645,-2.324786537687498,12
mp-30978,-1.668605400974999,40
mp-1223658,-2.727997927715909,22
mp-1211750,-1.764494914958331,24
mp-2212965,-1.955060099791667,24
mp-27755,-2.164828218708333,24
mp-561424,-3.648254212874994,24
mp-644285,-2.196757940475,20
mp-31097,-0.27599496979166604,24
mp-1223554,-3.205277229694444,18
mp-17031,-2.935011804912336,44
mp-722684,-2.442506395867559,24
mp-29373,-0.311038921041666,24
mp-1211743,-1.377478732359374,32
mp-1223621,-2.436392992261362,22
mp-697670,-3.244951727480768,26
mp-18347,-0.963640327187501,32
mp-713,-0.43754621737500005,16
mp-1223579,-1.714798602156249,16
mp-28085,-2.625070612975001,40
mp-1198282,-1.749450675099999,40
mp-1223607,-1.8056273749874991,40
mp-1223531,-1.6238476825500001,20
mp-23083,-1.7075144468541672,12
mp-556233,-1.730736970604168,12
mp-23126,-1.660899759354167,12
mp-4266,-2.740819834343749,8
mp-30298,-1.885300383687499,16
mp-1194970,-1.938935410949996,40
mp-17539,-2.579728197821428,28
mp-14659,-0.846891826734375,16
mp-557441,-0.9163156492916661,18
mp-555085,-0.9275170098472211,36
mp-561454,-1.676990848937499,24
mp-30401,-0.345464143750002,12
mp-1298,-0.25602832062499603,6
mp-29694,-1.097771732458332,24
mp-27181,-1.318467975374999,24
mp-5309,-2.069855809541666,12
mp-12442,-1.819060352156249,8
mp-31045,-0.8868143234500001,20
mp-29519,-0.8019475003749991,24
mp-997002,-1.1440430680624991,8
mp-7077,-0.8778747771875001,6
mp-3592,-0.40721415183035703,28
mp-9881,-0.8961049631979161,6
mp-29138,-0.8170831492343761,8
mp-1019804,-2.139315429493054,48
mp-1201786,-2.426515270174478,48
mp-1076,-0.08032315410714301,7
mp-4929,-3.300713755652777,24
mp-37722,-0.45429709020833303,12
mp-3919,-2.6440814391041663,24
mp-1223679,-2.62135429159249,26
mp-15012,-1.125855964937499,24
mp-560423,-1.741531469837121,44
mp-1223499,-0.9445887496562491,8
mp-560320,-2.916897261107143,46
mp-1223506,-2.120442692687499,12
mp-1205075,-0.7629497402812491,32
mp-1211784,-1.9605943618437491,32
mp-1205512,-2.135474944225,10
mp-1223493,-3.095865489483334,15
mp-1223500,-2.0727706873625,20
mp-23571,-1.302854963027778,18
mp-557761,-1.45370454136111,18
mp-1192590,-2.468250649607143,28
mp-1191826,-1.339824936963542,24
mp-1223526,-2.96434354082326,26
mp-1040443,-2.074538539391667,20
mp-1519450,-2.62266188772499,40
mp-18038,-2.163714324958333,24
mp-1523079,-2.937881864725,10
mp-1519429,-2.910136708975001,40
mp-1192441,-2.226077319311577,28
mp-16780,-1.702888030321427,28
mp-1521867,-2.893126229475,10
mp-6812,-3.040540147413266,28
mp-17088,-1.4694124713418342,28
mp-18156,-1.289564559466837,28
mp-1523149,-2.8741321578916663,10
mp-18892,-2.775431843535714,28
mp-1223458,-3.177821095053031,11
mp-559670,-3.378215464562499,48
mp-6870,-3.171410340157407,9
mp-18509,-3.311582430160715,28
mp-1211678,-3.40532521745,20
mp-7324,-2.888861876698979,28
mp-31104,-0.47592113031250705,32
mp-557437,-0.81036056915357,20
mp-569435,-0.679295181559821,40
mp-23136,-2.152997771020833,24
mp-23279,-0.39144363958333805,6
mp-1211670,-2.841616061946428,28
mp-504669,-2.525346131843749,32
mp-30988,-1.7221669830625,8
mp-23572,-0.7979409535487001,44
mp-1223510,-0.35800705125000304,6
mp-23645,-1.9303190041388891,36
mp-1223443,-0.9206185710937511,4
mp-23251,-2.018192221125,2
mp-1185135,-1.026503390562499,8
mp-23550,-1.973058777874999,12
mp-22958,-1.044634649449999,5
mp-28930,-0.046230124305555,18
mp-1106094,-1.810488648949999,20
mp-720856,-0.6008382749999991,44
mp-11625,-2.893328516155612,28
mp-1200343,-0.7008694390312491,32
mp-555023,-3.156328408514706,34
mp-773137,-0.856628366249997,6
mp-998599,-2.269419568450001,10
mp-6867,-2.790271634607143,7
mp-1211643,-2.48754682375,20
mp-1211692,-2.016900431974998,20
mp-5926,-3.719302234949998,20
mp-676934,-3.249645219284798,39
mp-1211746,-2.5401909718698983,28
mp-397,-0.07931555205356701,28
mp-1080452,-0.22229916496874902,8
mp-1080467,-0.281559723459821,8
mp-1018736,-0.39675816824999804,6
mp-23442,-1.6690854362499992,20
mp-9628,-2.700995697449999,20
mp-1105494,-0.28670586944999904,20
mp-1018652,-0.5163164945833331,6
mp-1211829,-2.5156903197708322,24
mp-669330,-1.502879523631249,40
mp-504644,-3.940926392458333,24
mp-21176,-1.383137445232142,14
mp-7329,-2.145547009843749,4
mp-22395,-1.45351873277083,12
mp-22809,-1.6524338357142851,14
mp-23193,-2.175260748125,2
mp-23526,-1.083206086625002,24
mp-1192408,-2.5027962250841833,28
mp-2759499,-2.496964541458333,24
mp-1029444,-0.140456666583332,12
mp-1180771,-1.504170098062499,8
mp-1211679,-2.155061294354167,24
mp-1211656,-2.1248429076875,48
mp-1223609,-2.621924142044999,50
mp-1223595,-2.624491959345,50
mp-558367,-1.8024635343541662,24
mp-19335,-1.942798178520831,24
mp-1189266,-1.11463989441667,18
mp-12178,-1.087461920517856,14
mp-1104473,-0.9103838475714271,14
mp-1103869,-0.554792962184522,14
mp-2764005,-1.681667577249999,10
mp-556365,-2.9281725704499992,10
mp-20076,-2.618868484656249,8
mp-1079775,-2.1186856943125,8
mp-18387,-2.684641871503246,44
mp-7147,-0.868549485366882,11
mp-4026,-1.1814435205624991,4
mp-1223464,-1.052219424607147,7
mp-558063,-0.78785236340625,16
mp-554421,-0.6722343421071421,28
mp-21578,-1.4332344394875,40
mp-27677,-0.5903214574687491,8
mp-555901,-1.890473808178571,14
mp-27450,-1.29111858725,20
mp-669347,-2.35644909645,10
mp-1147553,-1.020663453583333,9
mp-7911,-1.217806291583332,12
mp-3982,-1.3747728230624991,8
mp-622199,-0.6130262503616061,36
mp-11114,-0.715435133621094,16
mp-28270,-0.921985167416667,12
mp-7435,-0.830537769864582,6
mp-7436,-0.7233970996388901,6
mp-9807,-2.574390435391666,20
mp-1211686,-2.5471512278263893,48
mp-540942,-2.500771986624999,40
mp-1211771,-4.213692751058332,40
mp-2209593,-4.2294692156250004,40
mp-1211612,-4.293645817303569,28
mp-1178141,-3.103410802229165,4
mp-15785,-2.171577768593749,4
mp-1211628,-2.574837789225,20
mp-1211601,-2.5487994864375,48
mp-558010,-2.6854459251875,24
mp-1211690,-2.486244251541669,40
mp-16560,-1.725518047078123,16
mp-1211447,-3.899479995805554,18
mp-7959,-3.138044281812497,4
mp-1211811,-3.146333719003246,44
mp-554741,-1.2012594299123371,44
mp-4326,-2.165880855677082,4
mp-9263,-1.634075416770834,4
mp-1204226,-0.73550510528125,32
mp-1211760,-2.317046840975001,40
mp-680171,-1.692016484474999,40
mp-867419,-1.2715199335357141,14
mp-1211862,-3.600591342874999,24
mp-1523241,-3.030349726725,20
mp-18045,-3.005391152056123,28
mp-628735,-1.424556045627551,28
mp-10382,-1.241553665181119,14
mp-1018137,-1.798971391093751,4
mp-562302,-1.52982578675,14
mp-463,-2.924248431124999,2
mp-976802,-2.117461189083333,6
mp-867934,-1.6386723702500001,32
mp-19362,-2.008169349354169,24
mp-20968,-1.9934387237291662,48
mp-654225,-1.56972896944375,40
mp-735586,-1.470686684893749,40
mp-1205183,-2.662277484308915,40
mp-22035,-0.9243445374583331,12
mp-559163,-1.829975128386363,44
mp-1211520,-1.316606997041666,24
mp-28435,-1.6327446499583331,24
mp-555631,-2.837659914125,48
mp-541673,-2.535213072866876,44
mp-1223574,-2.02192704401923,13
mp-555554,-2.6157164804623,36
mp-1203541,-1.70235845119375,40
mp-1197280,-2.209189322847143,50
mp-181,-0.1726160249375,12
mp-28680,-1.5699616274583321,36
mp-30219,-1.890634362041667,24
mp-15408,-3.047392630166667,48
mp-1223528,-1.058345203892856,28
mp-696983,-0.28976317620833303,24
mp-29402,-1.128624944541663,24
mp-18348,-2.6398838842305192,44
mp-17650,-1.292719006499997,32
mp-29374,-0.34899427912499204,24
mp-17965,-0.903429579520833,32
mp-1194808,-0.400672876996212,44
mp-9806,-2.553087157225,20
mp-1211580,-2.531197085812501,48
mp-1224518,-1.906897899509616,26
mp-505647,-2.660793796020833,24
mp-1211663,-2.474102409374998,40
mp-861926,-1.756837860828124,16
mp-554005,-3.112064615906249,32
mp-1211415,-3.953526257041667,24
mp-757021,-3.0375402743125,4
mp-15784,-2.130047177343748,4
mp-20420,-1.6464385659375012,4
mp-1029404,-0.29508899454166804,12
mp-554859,-0.859637387249999,48
mp-866646,-0.9072318346071411,28
mp-998612,-1.387192021450002,10
mp-998613,-1.6556768374500002,10
mp-6955,-1.2733568555625001,16
mp-24084,-0.28957170124999904,2
mp-695892,-2.12632346303125,32
mp-1223560,-1.074694043316667,30
mp-1211655,-0.34400785858333405,36
mp-24428,-0.430954664999999,8
mp-1180593,-1.4060133581822911,48
mp-29331,-2.188447753875,16
mp-28263,-1.462911832666666,24
mp-2761095,-1.22638699486111,36
mp-974267,-0.382997851249999,24
mp-1211841,-1.640878543180555,36
mp-634431,-1.88157533975,24
mp-23846,-2.492856250874999,8
mp-626785,-1.5460019428333331,6
mp-634676,-0.9051011784375,6
mp-1195297,-1.860956580090908,44
mp-561312,-3.267212247725,40
mp-9855,-1.5218820332916652,12
mp-17429,-3.140325744225001,40
mp-11462,-0.261189810625001,8
mp-11952,-0.100576040520839,36
mp-30717,-0.29651872958333503,6
mp-1211367,-0.8700935275735271,17
mp-1193208,-0.166172880892856,28
mp-7420,-0.339321662416669,6
mp-7483,-2.198555532950001,20
mp-10763,-0.45467196875000104,6
mp-9804,-2.574629427225001,20
mp-1211556,-2.547131448729166,48
mp-1192188,-2.6804663364374983,24
mp-1211594,-2.493101224124999,40
mp-11606,-1.902475528406248,16
mp-16559,-1.728018774578123,16
mp-31030,-4.215229009974999,40
mp-1211478,-4.295575641232142,28
mp-558826,-3.8959814002499993,18
mp-754883,-3.118591663062497,4
mp-15786,-2.169712703593749,4
mp-22898,-1.669989291124999,2
mp-558861,-1.860593752041667,24
mp-628908,-1.377944160249999,32
mp-647366,-1.21680677370833,24
mp-23487,-1.366622997449999,20
mp-23562,-1.166621643708329,12
mp-650228,-2.060741107409723,48
mp-1195253,-1.765976419724999,40
mp-2212275,-2.869368545874999,40
mp-27599,-2.900864153308333,40
mp-22481,-0.107644524783331,5
mp-1224365,-0.8538009975364571,48
mp-571263,-0.045973213104158,12
mp-1193408,-2.521956283241271,30
mp-28529,-1.519488171283333,20
mp-22932,-1.534349229402777,24
mp-1018031,-1.911027195979166,4
mp-17966,-2.6116539071093072,44
mp-22583,-0.819734610518397,11
mp-505412,-1.1829044206666661,32
mp-505700,-1.13291374277604,32
mp-19851,-0.9014764568124971,8
mp-1211443,-2.5328364514375,24
mp-540962,-2.930340037545635,36
mp-560649,-1.316112772903571,40
mp-571662,-1.134322814809821,40
mp-1211400,-2.569563999354166,24
mp-1211641,-2.036384101828125,48
mp-1211473,-2.681838703104167,24
mp-554034,-3.424929380225,20
mp-1195137,-3.387968432488095,42
mp-541211,-2.354078324354174,48
mp-1211368,-1.134575938416666,14
mp-1211260,-4.04171923579166,24
mp-559043,-1.5889571846071422,14
mp-21097,-1.461787650946428,14
mp-1105566,-2.686461859018102,20
mp-7958,-3.0045629105625,4
mp-15781,-2.19070340609375,4
mp-567129,-0.71468983715,30
mp-861938,-1.6935200185714292,14
mp-861606,-1.564348765946428,14
mp-11739,-1.699286096395833,4
mp-1104930,-3.386128164369048,14
mp-1188395,-1.714021090296296,18
mp-28994,-0.581931216604166,8
mp-558628,-2.458561459011904,28
mp-18002,-2.234858861361111,36
mp-559106,-1.844757850249999,18
mp-1211498,-2.613072448583333,36
mp-1211546,-2.651131889231481,36
mp-556902,-2.498094743234849,22
mp-23582,-1.985202468375,14
mp-14466,-1.888440668374999,14
mp-9059,-2.489586058898809,14
mp-6253,-3.353237281511904,14
mp-562137,-2.189372252597222,24
mp-1211461,-3.808915327781249,32
mp-1211585,-3.767145402885417,32
mp-1211480,-3.81813496215625,32
mp-549671,-1.850684253202874,20
mp-761124,-2.342646039429768,24
mp-753940,-1.230994826702873,5
mp-581225,-2.517242559399307,48
mp-8430,-1.381854906027777,6
mp-6800,-2.302688434726189,14
mp-8756,-1.363654572642361,6
mp-558102,-2.9760130617314813,18
mp-4495,-1.209200204083333,6
mp-1211625,-3.841565339739585,32
mp-1223469,-1.813121743398147,9
mp-551092,-1.809552719116666,10
mp-554164,-2.61301376269742,48
mp-774907,-1.320778135116665,5
mp-1211517,-2.573716466391666,20
mp-1211421,-2.56575306032639,12
mp-18719,-2.690631258243055,24
mp-1211423,-4.312424401946429,28
mp-1211243,-3.902700769879628,18
mp-1178135,-3.180326248479166,4
mp-559395,-3.161945163700215,44
mp-1007636,-2.157894059010415,4
mp-14058,-2.8024405286556133,28
mp-1223527,-2.8050888828625,20
mp-1223564,-2.956504424761362,22
mp-1223512,-3.323647632612499,20
mp-1211416,-2.191541717487498,40
mp-1223547,-2.819486682829546,22
mp-1211434,-2.4945249893624992,40
mp-1019089,-0.6617146915833331,6
mp-1191101,-2.778594942319444,24
mp-1019105,-0.45124566408333305,6
mp-3448,-3.536225051449999,5
mp-23737,-0.34565612720000005,5
mp-698655,-2.199471038828704,36
mp-2222843,-1.6198481817250001,10
mp-1018737,-0.628996292297619,6
mp-7089,-0.632861344083333,6
mp-1211527,-2.641177779579258,28
mp-555354,-1.512845084989044,24
mp-763541,-1.9652311190160092,14
mp-1193430,-2.380012160243185,30
mp-1016190,-1.9653708521043098,40
mp-757832,-1.920459751570327,38
mp-1223635,-1.899648894427931,25
mp-567530,-1.852932281646552,20
mp-1205353,-3.016103159036205,10
mp-558116,-2.948373868363506,24
mp-1203519,-2.283056657164384,50
mp-1205906,-1.4580624716867812,18
mp-554900,-1.9460329710869262,48
mp-20422,-0.41752790160796305,6
mp-1198325,-2.784951782758209,36
mp-555605,-2.593508513189127,28
mp-1298569,-2.080681330398542,26
mp-541350,-2.520604322419642,48
mp-1211413,-2.555752218848639,21
mp-556136,-1.633520034694444,36
mp-18497,-2.597764701730518,44
mp-554960,-2.351687704654762,18
mp-827,-0.22111233375000103,8
mp-29200,-1.287441688062499,16
mp-5158,-1.4221385969499991,20
mp-647102,-1.67632506145,20
mp-559067,-1.313027489168102,12
mp-1019888,-0.6185259581958811,6
mp-8263,-2.257251484167899,14
mp-863707,-0.517660647187501,4
mp-545359,-1.3349603116681021,6
mp-17785,-1.926652396429793,28
mp-15724,-0.580791710937498,4
mp-555155,-3.187745788600344,50
mp-16921,-0.39157129919636,36
mp-1223483,-1.800204602090732,40
mp-1223435,-3.261503409840732,40
mp-19130,-2.9045583325664293,34
mp-13170,-3.006707322625479,18
mp-863031,-3.114905780106975,18
mp-558085,-2.110632233104885,24
mp-1223505,-3.2542226801801792,36
mp-10942,-3.040243175403257,18
mp-861868,-3.146247313440294,18
mp-561491,-3.220701618931466,20
mp-554248,-2.965876960974138,34
mp-559242,-1.678409343312068,20
mp-1198462,-3.262312550681034,36
mp-558212,-3.001472287347701,18
mp-861607,-3.109234126495849,18
mp-1223429,-2.376625910662161,40
mp-558317,-2.9925289778106663,18
mp-861944,-3.099782156958812,18
mp-707463,-0.31504203750000004,48
mp-28383,-1.285839426354165,12
mp-555576,-2.091154526239028,22
mp-28595,-1.240609514491021,12
mp-556438,-3.011719499292145,18
mp-861957,-3.119971354551405,18
mp-555076,-3.017626465958811,36
mp-8755,-1.213264275416667,12
mp-560767,-2.786374037827107,12
mp-19432,-2.404889912362931,20
mp-557183,-1.6271173957258611,10
mp-554157,-2.582073273784585,48
mp-567177,-0.894238618744791,16
mp-1106233,-1.082700341531248,16
mp-6599,-0.9648636458281241,16
mp-1192824,-1.82975877337499,28
mp-27998,-2.986958873937498,24
mp-1223407,-0.986758546007207,28
mp-1223401,-2.778555652355265,38
mp-549490,-2.608762521568184,11
mp-22826,-2.761231749010886,46
mp-2205912,-1.598384835468749,16
mp-675801,-1.89249050215625,16
mp-7571,-3.414340102781249,16
mp-7375,-2.852127680450001,5
mp-560407,-3.111411346113635,44
mp-1223396,-2.597554579694445,18
mp-557940,-2.546365839725,40
mp-1211396,-2.511124669979168,24
mp-6433,-2.9144241204622743,36
mp-14665,-2.549136384770833,48
mp-1211600,-2.006366159328124,48
mp-559456,-2.654838397895833,24
mp-11603,-1.8742890240312482,16
mp-558128,-3.361011512224999,20
mp-669359,-1.338272362604167,48
mp-1223480,-3.629071956065477,42
mp-1211343,-3.9776507503749983,24
mp-861866,-1.54076358067857,14
mp-754158,-2.950170463687499,4
mp-1006885,-2.12713226921875,4
mp-11740,-1.685042555312502,4
mp-11010,-1.138162849375002,12
mp-1211538,-3.349002095797618,28
mp-1223496,-1.3749369792048611,36
mp-559672,-1.792382754607142,28
mp-27366,-1.469011672916667,30
mp-560976,-2.636112260449999,5
mp-550959,-1.064183162472221,9
mp-644129,-2.009573537439285,40
mp-22655,-2.316560863484693,28
mp-662530,-0.9059323045561211,28
mp-1211682,-3.744802534979164,48
mp-865937,-1.325421777527777,12
mp-867312,-1.425546288083333,12
mp-16866,-1.6221119063125,32
mp-1185015,-3.1130405402,5
mp-2035026,-0.9974404065833331,12
mp-7984,-2.472495730906249,8
mp-1105610,-2.103218545805555,18
mp-7441,-0.536587557113094,16
mp-642648,-1.62216268989881,12
mp-23959,-2.188077962424106,16
mp-559062,-2.874157661565477,24
mp-1211471,-0.12333859552455201,32
mp-19462,-2.555455280544642,48
mp-505495,-0.70487055078373,48
mp-862850,-0.6994655806540171,12
mp-4608,-3.088211671486607,8
mp-643033,-1.831456460861606,8
mp-696528,-1.715905870904761,36
mp-761185,-2.136675501064285,40
mp-23942,-1.833140528579364,36
mp-5039,-2.68566805237857,40
mp-638150,-0.9550719866989771,28
mp-866637,-0.9264578699132641,28
mp-8267,-0.957297178878565,10
mp-18625,-0.681722183556918,32
mp-1206970,-3.552497714449997,5
mp-21526,-0.362189247187497,32
mp-607267,-1.54429492921875,32
mp-28574,-1.5689442361874981,32
mp-28758,-1.876055680593749,32
mp-1095520,-1.135213947874995,12
mp-1200142,-2.911510364304894,36
mp-1211534,-1.091347221976488,40
mp-554057,-2.5359143349097213,24
mp-14316,-2.008153268217013,48
mp-1211425,-2.650703597409722,24
mp-567710,-1.344887793645834,48
mp-1223605,-2.204583875310185,36
mp-2911857,-2.134643083726849,36
mp-1223421,-3.61371499767262,42
mp-18040,-3.9681586006527763,24
mp-12012,-1.407838550470237,14
mp-4519,-2.913740302229166,4
mp-15782,-2.111774870260417,4
mp-13538,-1.509517655470237,14
mp-5273,-1.684160613854167,4
mp-11132,-1.140553131736112,12
mp-30533,-0.802294120364583,12
mp-14796,-0.8762813707135411,12
mp-1029347,-0.210758542499997,6
mp-1211482,-3.6282927262291613,48
mp-561433,-2.630920438249997,16
mp-510007,-1.072012762298699,44
mp-1113768,-3.425986403225,10
mp-1113892,-2.781942948975,10
mp-560071,-2.7180167332250003,10
mp-1203661,-3.105047248825,50
mp-1206427,-2.564464233225,10
mp-561067,-2.934297378224999,10
mp-13190,-3.066574973975,10
mp-989529,-1.9947973678916662,10
mp-1211320,-3.001893541891666,20
mp-1205717,-2.972165431018103,10
mp-554168,-2.961774015224999,10
mp-14036,-2.625337121225,10
mp-1113753,-2.609928074225,10
mp-1114036,-2.409211286725,10
mp-6500,-3.568843039225,20
mp-6074,-3.298384584558333,10
mp-1113872,-2.695476285558332,10
mp-557411,-3.152215331225002,10
mp-7012,-3.579900120725,20
mp-570158,-2.067713574522727,22
mp-677017,-1.075971276789054,32
mp-1211560,-2.093596761833333,48
mp-1223701,-2.284121680169383,50
mp-555490,-2.548195079089286,28
mp-1080849,-0.36286048525000103,32
mp-4757,-2.349105578291658,12
mp-1080622,-2.1595176534062492,8
mp-8013,-2.437992797156249,8
mp-14005,-1.577094787874999,12
mp-1287,-1.099480114947915,12
mp-1196514,-0.618411601796874,32
mp-1223405,-2.253433919541666,24
mp-1536,-0.571137408125,16
mp-554155,-2.456911683044642,12
mp-556609,-0.77477469415357,20
mp-7123,-0.6419720235598211,20
mp-1195296,-1.960993307270832,48
mp-29055,-0.39162036458333205,6
mp-27389,-2.806088612725,40
mp-1194959,-2.100616849271825,36
mp-556756,-2.218783014741071,48
mp-31001,-1.839133234138889,36
mp-27211,-2.754908910680554,18
mp-757115,-1.889657003013157,38
mp-1211377,-1.173443901718748,16
mp-23634,-2.572567188708333,48
mp-5079,-2.872325874124999,48
mp-541908,-2.90020621465625,32
mp-10417,-1.8814564380624992,8
mp-547792,-2.049127173449997,10
mp-11703,-0.8528676698437501,8
mp-9576,-0.931563573609373,16
mp-1223347,-2.149047612472221,18
mp-18837,-2.5136493401875013,12
mp-1211342,-2.5091029481041662,12
mp-1211497,-2.623011134354166,24
mp-695800,-2.145890091767857,28
mp-23808,-2.874520034130158,30
mp-28778,-3.9100464620416613,24
mp-8188,-3.093135745562499,4
mp-9268,-1.167954419796875,12
mp-726032,-0.795693132320312,8
mp-9205,-1.9342845829187492,10
mp-1019889,-3.051882602891666,40
mp-1203642,-2.785849177055555,36
mp-1029418,-1.085354476208333,12
mp-866651,-0.91117355607143,28
mp-28695,-0.188028735,20
mp-707195,-2.5203610678749993,48
mp-1211523,-2.537652578104166,48
mp-17439,-2.916498931156746,36
mp-1211618,-2.5503554022708332,48
mp-1211681,-2.009338091619791,48
mp-1211516,-2.502349305125,40
mp-11604,-1.890096092156249,16
mp-17697,-3.988549810791662,24
mp-11634,-1.4022540295178572,14
mp-1178133,-3.006470040562499,4
mp-554581,-1.220218093775973,44
mp-542266,-2.849101748589285,32
mp-15783,-2.104493069312499,4
mp-1006891,-1.981793024234375,4
mp-9036,-1.6781963459375,4
mp-542374,-0.280997838624998,32
mp-1180718,-2.547108168121032,36
mp-23539,-1.635379236531252,16
mp-686016,-2.711320516114588,48
mp-6755,-2.363744438558928,40
mp-3481,-0.385741971583333,6
mp-554119,-0.8015104105937491,32
mp-1223442,-0.821640634046874,48
mp-28774,-2.789741767200002,40
mp-1097015,-1.124100621950002,20
mp-1193412,-0.914654936341835,28
mp-541379,-0.9000278957916661,48
mp-3486,-0.39128040074999704,6
mp-866639,-0.747192067781249,32
mp-1211382,-2.61741081765625,32
mp-554346,-3.123713807632353,34
mp-1223450,-2.958638512746336,26
mp-865427,-2.781222280321429,7
mp-1522321,-2.853109766975,40
mp-1205548,-1.847555648450002,10
mp-579086,-3.205688335659091,22
mp-17975,-3.0583612888418372,28
mp-556966,-2.78674985925,28
mp-571288,-0.9020147852864571,16
mp-555150,-3.001375388291666,20
mp-773066,-3.102582549713293,36
mp-1211251,-1.980946901197917,16
mp-1540904,-3.595572352447917,16
mp-3614,-3.071587857916669,5
mp-1223321,-3.211990915189393,44
mp-1223468,-2.558135053814169,39
mp-1223039,-2.721223896620371,18
mp-1211409,-2.5471726980347222,48
mp-1211526,-2.507029382624998,40
mp-11605,-1.907721698197915,16
mp-1211521,-4.211747999558333,40
mp-17838,-4.291982605160713,28
mp-558923,-2.337311183659722,48
mp-12011,-1.5361206427023801,14
mp-999129,-2.17153049234375,4
mp-973267,-1.982492657449999,5
mp-7621,-2.1536563837083262,12
mp-2072,-1.013552613124998,8
mp-29144,-2.624232532548604,24
mp-554818,-1.7760151929318182,22
mp-3553,-0.7731471412499971,6
mp-4648,-2.734220906988093,28
mp-559932,-2.5010489598194443,48
mp-1188829,-0.5346322361755941,16
mp-568904,-1.193162688131249,40
mp-540876,-3.362313743676586,36
mp-1211350,-4.294207528729155,48
mp-16814,-3.053849811513888,36
mp-12365,-1.719101605791665,12
mp-541238,-3.032237108769179,36
mp-1211178,-3.186316111570512,13
mp-976257,-1.4793066616190451,14
mp-21639,-3.495621288222222,48
mp-560977,-1.239830269090773,16
mp-571544,-1.052739958993117,16
mp-1211257,-1.831071993798611,12
mp-866169,-0.18777700597917102,4
mp-1205672,-2.677724281391668,10
mp-1206641,-2.640834894141668,10
mp-560959,-2.535024284391668,10
mp-28048,-1.3090541380138911,24
mp-27385,-1.544014930097224,12
mp-27209,-2.494076720374996,36
mp-27716,-1.191447635194449,6
mp-8175,-1.384316650145836,4
mp-1211225,-0.872298192567711,8
mp-1211338,-2.578029219225,20
mp-1211532,-2.550837927062501,48
mp-1211484,-2.484546533125001,40
mp-865972,-1.317912484451706,22
mp-1211506,-4.229770696975015,40
mp-1211245,-3.90547970413889,18
mp-753774,-3.158537831812501,4
mp-1211744,-3.155197207866883,44
mp-560812,-3.116832153954364,36
mp-504555,-3.8487941193541673,48
mp-542558,-2.7623031333055543,36
mp-13349,-1.457796867458331,12
mp-582421,-1.297711085713539,12
mp-4126,-3.335109890449998,5
mp-560631,-3.33671847156818,44
mp-541148,-2.987966934138888,36
mp-6376,-1.068431111531248,16
mp-559744,-1.4705246589375012,48
mp-545469,-2.182600994770833,48
mp-19496,-2.2386957989375,48
mp-1203567,-2.124531873372159,44
mp-1223484,-2.129240816862498,40
mp-541520,-1.975635809274305,36
mp-560167,-2.0302765458625,40
mp-1192668,-2.378670792816667,30
mp-19172,-2.361849654770832,24
mp-973666,-1.048844453999999,14
mp-1205604,-1.83589193925,10
mp-557257,-3.03907132245,5
mp-560997,-3.224534616000007,48
mp-1181165,-1.526889194403846,26
mp-644015,-1.730252895265624,24
mp-18815,-2.406671246950001,20
mp-558666,-2.9351555531785722,28
mp-16812,-2.741560270139611,44
mp-559431,-2.651377639611606,32
mp-541508,-2.188754628178571,28
mp-18487,-2.076915276427082,32
mp-1211264,-1.29079119484375,16
mp-1211274,-2.558728772225,20
mp-758742,-0.6447722055178571,28
mp-19499,-2.536991310395832,48
mp-1223315,-1.9044903491249991,26
mp-571057,-1.06768733930982,40
mp-1194569,-2.21601721569375,40
mp-1194980,-2.305556996558334,40
mp-510264,-2.663045768937499,24
mp-1211540,-2.496989918624999,40
mp-11602,-1.897284443406249,16
mp-1211492,-4.176087540224999,40
mp-2943,-4.253252260160714,28
mp-1211247,-3.874203925805555,18
mp-863755,-1.527167988892856,14
mp-8409,-3.075378259312499,4
mp-554508,-3.126331969230519,44
mp-1006888,-2.173502057343748,4
mp-863754,-1.633981067857143,14
mp-16763,-1.602569402645834,4
mp-640562,-4.349048140625001,28
mp-755010,-3.134193986562499,4
mp-10989,-2.027003406718748,4
mp-1191459,-2.63292252315909,22
mp-784,-0.09541117919642901,28
mp-1078186,-2.212177890157408,9
mp-1192840,-2.352167853121795,26
mp-1193724,-2.37575792162755,28
mp-863678,-1.9203241388624992,20
mp-1087504,-0.39158903470982204,8
mp-7421,-0.465293413249998,6
mp-5878,-2.8123817304500003,5
mp-7437,-0.576517767242063,6
mp-7438,-0.5108005562499991,6
mp-541282,-2.523060768041666,36
mp-540577,-3.18968664089881,36
mp-1211525,-1.273884644837121,44
mp-1212009,-2.045140536371866,44
mp-9317,-1.507553859125,12
mp-9318,-1.343207952380207,12
mp-556689,-3.802644833416667,42
mp-1002123,-1.739137890562498,4
mp-556631,-3.442278692225,40
mp-554835,-3.569601635475,40
mp-975590,0.0,3
mp-30009,-0.009234352222222,3
mp-26,0.0,4
mp-1207066,-0.517549644999999,5
mp-1200867,-0.15602358195652002,46
mp-1195666,-0.21227389608695602,46
mp-977054,-0.391193529615384,13
mp-1194906,-0.413530206363636,44
mp-1211269,-0.5215293349999991,26
mp-568896,-1.7695752034375,48
mp-569696,-0.5552614609999971,5
mp-10580,-0.5518281930000001,5
mp-1079764,-0.8989257879999961,10
mp-1206998,-0.46276653099999904,5
mp-569713,-0.5104191409999991,5
mp-1105556,-0.363646179117647,17
mp-1078889,-0.8077682919999991,10
mp-1079347,-0.9743478630000001,10
mp-569188,-0.7761043579999941,5
mp-28993,-2.1448387053125,32
mp-10852,-0.5321029030000001,10
mp-9596,-0.582034891296297,18
mp-1095136,-0.45392605566666705,10
mp-1188221,-0.393268344629629,18
mp-7347,-0.47967044685184906,18
mp-1223628,-0.5137012310714281,14
mp-768419,-1.035992821875,32
mp-1106274,-0.25325089157894604,19
mp-2967,-0.44624460799999704,5
mp-19939,-0.5514348950000021,5
mp-4402,-1.014853004190476,5
mp-5526,-0.6662505670000001,5
mp-1211723,-0.5419198053741501,42
mp-20322,-0.6056744510000011,5
mp-9416,-2.044481595,14
mp-3995,-0.618768921,5
mp-636264,-0.5056304490000001,10
mp-973441,-2.420968008,20
mp-22470,-0.39681302676469504,17
mp-6956,-0.985999190857137,5
mp-582295,-0.61692469180672,17
mp-30073,-0.36081058205881905,17
mp-4088,-0.584098419,5
mp-1092301,-0.8772965489999991,10
mp-1095552,-0.752380926818181,11
mp-1095046,-0.8106395149999991,10
mp-21033,-0.857302337000002,5
mp-606511,-1.063904421,20
mp-4562,-0.905555073000002,5
mp-19900,-0.687281581000002,5
mp-625394,-2.236421412678574,14
mp-1188862,-2.436500602187496,20
mp-21523,-0.45416815809523103,28
mp-1106254,-2.418229514687496,20
mp-1206521,-0.44771146900000003,5
mp-22760,-0.461635562172415,5
mp-5069,-0.645360666793104,5
mp-1103974,-1.099314213166667,15
mp-14325,-0.40192226289473504,38
mp-1104302,-0.43323746714285605,14
mp-20044,-0.868344175999999,10
mp-19979,-0.6910069750000021,5
mp-8250,-0.9925994168571671,5
mp-1078717,-0.565489183999999,10
mp-1021506,-0.619371528865539,17
mp-15727,-0.68481172298319,17
mp-9646,-3.011946069148352,26
mp-1207202,-1.005096950857144,5
mp-1080183,-1.128313337857143,10
mp-9886,-1.046766056857133,5
mp-9210,-1.980157364285713,14
mp-612861,-0.5133965889999921,10
mp-1106066,-0.33513022794116604,17
mp-1188603,-0.497701457352939,17
mp-31418,-2.311320759615384,26
mp-1079540,-0.9572922729999981,10
mp-16237,-0.495986191,5
mp-11859,-0.6273807170000031,5
mp-3585,-1.027113736999999,5
mp-5898,-0.754931222999989,5
mp-567203,-0.7025394449999991,5
mp-4954,-0.9617837949999991,5
mp-1080606,-1.204396549999995,10
mp-5936,-1.044830758999997,5
mp-5105,-0.8646734290000011,5
mp-1193123,-0.6587535228571421,28
mp-1206665,-0.358761302272725,11
mp-1200087,-0.25298167297101304,46
mp-1223306,-0.665524998437502,16
mp-1106294,-2.433248469187498,20
mp-675527,-2.286780572,45
mp-1211293,-2.439135338687501,20
mp-866648,-0.5804506321428581,28
mp-1211229,-0.7383395069897961,14
mp-669516,-2.467735274836957,46
mp-569477,-0.92067683131579,38
mp-758316,-2.894281256777777,45
mp-567775,-1.481810344999999,29
mp-1226984,-0.23500966312500102,40
mp-680502,-1.057440331447369,38
mp-680469,-1.173306573289474,38
mp-541553,-1.498655436111112,27
mp-627405,-0.6815652526190471,21
mp-974045,-0.49700914229166904,24
mp-1212153,-0.404340754453123,32
mp-1211847,-0.184784109473685,19
mp-570039,-1.4210621662903251,31
mp-1212111,-0.16236168719298402,19
mp-1224120,-1.8493982997748541,47
mp-1211984,-0.308559437894738,19
mp-1223487,-2.013809270111111,45
mp-1203560,-0.48955138181818303,44
mp-1212654,-0.9317179606000011,50
mp-1212852,-0.784307206185715,50
mp-1202244,-0.132229426326531,49
mp-1211311,-0.8354373171428551,28
mp-1211312,-0.794752714642859,28
mp-1223329,-0.643044330882349,17
mp-1211948,-0.536298668035713,28
mp-1225978,-0.5967859925000021,8
mp-1223267,-0.266081717142856,14
mp-1223249,-0.47734505937500005,8
mp-20624,-0.512355851818181,11
mp-639526,-0.48529985727272806,22
mp-1223565,-0.7666431112790411,47
mp-647363,-0.530336658645835,48
mp-582023,-0.551166405104167,48
mp-607917,-0.45204717791666704,48
mp-1200955,-0.54068630913434,48
mp-1203312,-0.63465115100934,48
mp-1201735,-0.460605894238505,48
mp-1192652,-0.46746363511904704,28
mp-1079988,-0.7350791429999951,10
mp-29986,-0.8770519,10
mp-1223301,-0.345282135833331,12
mp-1223225,-0.636868723333333,6
mp-1223239,-0.45924898499999905,10
mp-1223252,-0.7557043374999991,4
mp-568040,-0.37542379416666605,12
mp-1206607,-1.7357707435000012,5
mp-1103395,-0.553784210000005,12
mp-568985,-0.933575186666669,24
mp-2742434,-1.03574281625,24
mp-569121,-1.019425579583333,24
mp-14696,-0.685630693333334,11
mp-19926,-3.272402461250001,24
mp-1077063,-0.9098970450000031,6
mp-770462,-2.595721497272728,22
mp-1078349,-1.5114200034375,8
mp-1070601,-2.976757760000002,5
mp-28571,-2.330986979285713,14
mp-567694,-1.062930868000002,10
mp-560490,-1.530477221666667,18
mp-567756,-1.628443926428573,14
mp-555349,-3.277591261458335,48
mp-1207248,-0.7377183380000011,10
mp-1185193,-0.40886368166666504,4
mp-1207146,-0.36343074599999803,5
mp-1206250,-0.7648681020000031,10
mp-13429,-0.6393202490000001,10
mp-1226163,-1.7786144680952392,14
mp-1205615,-0.6809606889999991,10
mp-1223259,-2.572758715,10
mp-1211319,-2.647642955000002,20
mp-556104,-3.024001106666667,18
mp-18267,-2.044613067598685,38
mp-1207003,-0.6800004969999991,5
mp-1195675,-1.5784127148958351,36
mp-1077929,-3.042022152857141,7
mp-31273,-1.887795424464284,28
mp-1223228,-0.720971699166665,6
mp-30223,-0.568422681000002,10
mp-1025290,-0.56208444357143,7
mp-1104497,-0.492388965,13
mp-638226,-0.509811669333333,30
mp-1223761,-0.5888280462500021,10
mp-568036,-1.306130553541666,24
mp-621945,-3.036669459090908,22
mp-1223521,-0.8488284059999991,10
mp-1223229,-0.8846295120000001,10
mp-621659,-0.7819985760000001,20
mp-18055,-0.845104445999997,20
mp-637213,-1.448424991000002,5
mp-638261,-3.330141265312501,32
mp-622086,-1.8340569096875061,32
mp-1104116,-0.7233855326785731,14
mp-12533,-4.042177013636373,22
mp-1197947,-2.275452682695313,32
mp-1197516,-2.061186776914063,32
mp-779287,-3.009393516071427,14
mp-30282,-1.777881522857142,14
mp-20760,-0.48750918999999704,6
mp-574369,-0.33874295333333304,10
mp-1224037,-1.709838627129629,36
mp-21288,-0.8702524289999981,10
mp-1106017,-0.45141672533333305,20
mp-1087240,-0.8390894323333331,10
mp-1105259,-0.6613603128333331,20
mp-11086,-0.19086639000000002,10
mp-6732,-2.939900697000001,20
mp-4952,-0.30613089599999904,10
mp-1391671,-2.8133004534999992,10
mp-10320,-2.943168876,20
mp-1205762,-0.6301950070000011,10
mp-1411395,-3.366408281500001,10
mp-1079069,-2.58885284172773,9
mp-19208,-3.224243978293104,20
mp-19300,-3.17774589388889,36
mp-1103604,-2.509806796041665,12
mp-28821,-0.693859769116541,38
mp-1070264,-0.806970057000001,5
mp-1223467,-0.7730585369642861,10
mp-3471,-0.476318894242425,11
mp-615459,-0.2993291005,20
mp-1188908,-0.315338964999999,18
mp-1223214,-2.5721824465000003,40
mp-19176,-2.633363193,20
mp-1968,-3.8759289195,5
mp-1205536,-0.673462867000003,10
mp-1095626,-1.8809550565476192,12
mp-570988,-2.061309316928576,5
mp-866691,-0.8693988911607161,32
mp-571647,-1.758754612928572,5
mp-560340,-2.572202741111114,18
mp-20301,-0.8416951849999971,10
mp-755026,-2.371595123181819,22
mp-1025245,-0.5277687242857151,7
mp-27894,-0.532198218541665,48
mp-27539,-3.26176853218751,16
mp-1205711,-0.690370609000002,10
mp-7475,-2.508305558187499,20
mp-4511,-3.5583565615,5
mp-4078,-3.198148707500002,18
mp-759,-1.079209076666667,6
mp-1211238,-1.624979273999998,5
mp-1223121,-3.037668634,5
mp-2018191,-2.988895113499998,5
mp-1202647,-1.738829275833333,36
mp-32798,-2.342295032187499,40
mp-7233,-3.491444638468752,5
mp-5732,-3.673952493636363,44
mp-1223272,-1.569529802596153,26
mp-1191810,-0.926670477083334,24
mp-8620,-0.9609648700000021,20
mp-1204122,-2.724474133,40
mp-5152,-3.778476201874999,32
mp-558724,-1.908855694257813,32
mp-17834,-3.4545496999804692,32
mp-4086,-3.0172737977272712,22
mp-1211329,-0.843689693999999,20
mp-30755,-0.7333085945000011,20
mp-560740,-2.493058701250001,32
mp-12170,-1.771116159882812,16
mp-32755,-1.857414943749999,40
mp-31249,-2.303930176274511,34
mp-543029,-1.754802779333334,5
mp-4547,-3.386965779333334,5
mp-17350,-3.003671611018521,36
mp-1195982,-2.4682502723828073,32
mp-1198974,-2.272254670664061,32
mp-1223220,-3.625107752871795,26
mp-18051,-3.8544294107291672,32
mp-1185050,-0.336693293750004,4
mp-867880,-0.36793151833333604,4
mp-760513,-3.892252445555556,9
mp-1199162,-2.306597125820314,32
mp-1201621,-2.028716304589845,32
mp-774193,-3.30309511277778,36
mp-30709,-0.29150722500000004,19
mp-1105849,-0.409114095625,16
mp-1223052,-0.749862349285722,7
mp-1272890,-2.653802820000001,20
mp-10321,-2.662992525999999,20
mp-1223048,-0.9082050742857161,7
mp-4974,-3.9093342250000003,22
mp-1198687,-2.292480710937502,32
mp-1200409,-2.086609164726564,32
mp-1205490,-0.587490528333333,11
mp-4676,-0.44586752058823403,17
mp-569935,-1.555679080555554,9
mp-569565,-1.2317499252272701,11
mp-21529,-0.5172419692857141,28
mp-1211591,-0.7643300792857161,28
mp-1199411,-0.500973249761906,42
mp-22729,-0.911321869545456,11
mp-1211651,-0.8852495100000041,28
mp-15009,-0.919720407727272,11
mp-10558,-1.538639261590909,11
mp-27330,-2.780886327666676,15
mp-1211429,-0.705824681822659,29
mp-29326,-3.065446080666686,15
mp-1211466,-0.813642733275859,29
mp-29964,-1.6765968092878771,11
mp-31054,-1.560091567045452,11
mp-1101768,-0.715189260454545,11
mp-1102613,-0.900998995,11
mp-617632,-1.809153059930555,24
mp-542888,-1.7935577528472222,24
mp-17155,-1.6749259302560762,24
mp-1084828,-0.257904241249999,8
mp-16505,-0.421035652499999,14
mp-4505,-0.9010594967499971,5
mp-1206996,-1.473911112000002,5
mp-1211477,-1.937175000714285,28
mp-29997,-1.629814794999999,28
mp-1211485,-1.331348734642857,28
mp-554773,-3.388183151369047,28
mp-2901816,-1.9580889326822892,24
mp-1105333,-0.8217897310000051,20
mp-568591,-1.552324661666662,18
mp-640095,-0.033744761874999,16
mp-11356,-0.570872368333329,12
mp-672373,-0.395120884750002,40
mp-1105594,-0.9150885645000001,20
mp-6309,-1.542299241043956,13
mp-582767,-1.850407739791665,24
mp-510011,-1.688348896367188,24
mp-555681,-2.74157057611111,36
mp-504650,-1.940521206875,24
mp-568082,-1.736871188450521,24
mp-510566,-1.835891927291665,24
mp-567753,-1.649447434869789,24
mp-631194,-1.073805070624991,16
mp-6788,-2.8321901120652173,23
mp-30207,-1.6455244053571398,7
mp-561076,-2.394744360999999,40
mp-672231,-1.385207759999999,16
mp-582828,-1.560657031874996,16
mp-1211671,-0.8611345237499991,16
mp-1224919,-0.9084985546666661,30
mp-1211281,-3.072600498804348,23
mp-9436,-1.184220801666665,18
mp-20909,-0.38470217624999403,4
mp-29056,-0.47444109899999704,5
mp-1224015,-0.743515690749995,40
mp-20999,-1.058575106749995,5
mp-1224087,-0.549146591458329,16
mp-540877,-2.081571309437498,40
mp-1104303,-0.6879023709999991,15
mp-1192721,-1.7604754785714292,28
mp-1211508,-1.432689932857144,28
mp-1191066,-3.077486343636363,22
mp-645695,-2.317303534104167,40
mp-1190945,-2.152292645208333,24
mp-866692,-2.015772447535919,24
mp-29150,-3.375684960454546,44
mp-560349,-3.723637249772728,44
mp-558478,-3.439358182265625,48
mp-1223089,-3.056785756607141,14
mp-13093,-0.6441747683333381,12
mp-1211407,-0.6431989449999981,20
mp-866714,-1.537379905714285,28
mp-1189101,-0.152024873750001,16
mp-1211014,-1.2292338975000061,28
mp-31353,-3.17098687681818,22
mp-1210981,-1.984726644234694,28
mp-29996,-1.66070905244898,28
mp-867883,-0.37584775875000004,4
mp-10611,-0.428018612000001,5
mp-31317,-1.30978687285714,28
mp-1104435,-0.8653539514285691,14
mp-1223190,-0.9815686161904761,20
mp-1211495,-1.491130473571429,28
mp-504831,-3.299915082291667,24
mp-1203228,-0.332330244249995,40
mp-1192912,-1.589775835357142,28
mp-29824,-1.292993156428572,14
mp-3222,-3.154186080454543,22
mp-555129,-2.35185082924107,28
mp-1190030,-0.9591918264999991,20
mp-1211710,-2.639775554750001,40
mp-29998,-1.5287287807142862,28
mp-1104307,-3.172854074285704,14
mp-1211549,-3.37128890590909,44
mp-601852,-0.9179248831250001,32
mp-560523,-1.9077944989285711,28
mp-556246,-1.84137820142857,28
mp-23090,-1.8580049317857141,28
mp-29559,-1.4840820231249992,16
mp-1019893,-1.5705272108125001,40
mp-17719,-1.897706837013888,24
mp-6485,-1.719268846506076,24
mp-29995,-1.734517388571427,28
mp-1211457,-1.9073954285714252,28
mp-1211402,-1.4167759807142861,28
mp-1194197,-2.014831175277778,36
mp-571217,-0.9233438422222221,18
mp-1197480,-0.548823590000002,40
mp-1196992,-0.45240885299999806,40
mp-976378,-0.8684297457142881,14
mp-1079273,-0.6709473554999981,10
mp-1206443,-0.624586847,5
mp-1206994,-1.172514944749997,5
mp-1211290,-3.234032179809524,28
mp-31415,-3.825579913848483,22
mp-879,-1.845309649523808,14
mp-1198669,-1.952805722395835,32
mp-371,-0.238088694583336,4
mp-1106000,-0.41020533958333805,16
mp-7159,-0.289061296666668,5
mp-554303,-3.608026729230769,26
mp-673814,-3.911857405666667,30
mp-1194534,-2.900312118583333,30
mp-23117,-3.211033771153846,26
mp-1200584,-0.309130701199999,50
mp-569398,-0.9739260990909051,22
mp-1223194,-2.364171023,30
mp-1205775,-1.570997600795454,11
mp-510357,-1.5536867174358981,26
mp-569894,-1.737931922820511,13
mp-1223076,-1.283685998589741,13
mp-569873,-1.714330666818181,11
mp-569637,-1.971627815454549,11
mp-1223222,-1.357991821363641,11
mp-1211788,-1.694357229791668,48
mp-581510,-0.189479653750001,24
mp-1211420,-0.46226128374999703,24
mp-1211864,-0.24075245749999802,24
mp-1211438,-0.39502815166666705,24
mp-1211384,-0.542257012500002,24
mp-570820,-0.295602855,24
mp-1223074,-0.869052584666664,15
mp-1223147,-0.932953680588237,17
mp-1225557,-0.7957106018749971,8
mp-1103808,-0.7372688222115381,13
mp-1197789,-0.5334480174285701,35
mp-1211389,-0.295821335392149,34
mp-569582,-0.10535970833333601,24
mp-570078,-0.381873982916669,24
mp-1211476,-0.348373457916668,24
mp-605878,-0.215255627083334,24
mp-560796,-1.431046472981322,21
mp-18292,-2.460904144827586,24
mp-16841,-2.328155673499461,24
mp-541612,-2.329128395689655,29
mp-1200868,-1.103189690323132,42
mp-571336,-0.6264750135714201,14
mp-2767430,-3.232270191770835,12
mp-4802,-2.686276199655174,29
mp-626,-0.7052303307142881,14
mp-2761400,-2.125759521939656,29
mp-541611,-2.318610322931035,29
mp-2767141,-1.4120130662500001,10
mp-556958,-2.228839775104164,18
mp-559256,-2.532382069517044,22
mp-1205351,-2.106673152447916,18
mp-4412,-3.256037440639207,11
mp-582175,-1.160076290454549,22
mp-1206826,-1.515789796500002,10
mp-641010,-1.8791122783333312,36
mp-1223217,-3.263928574210528,38
mp-1223533,-0.9128442513953481,43
mp-31252,-1.271833096923078,26
mp-570499,-1.581369331730769,13
mp-1198240,-0.7046159252631581,38
mp-1225911,-0.5903970446,25
mp-1185199,-0.455493359999999,20
mp-569071,-0.399699551999999,20
mp-1189350,-0.8392271302777761,18
mp-30212,-1.145520636111117,18
mp-619791,-2.3007736884375,32
mp-15277,-0.537127037242063,36
mp-1188264,-2.150403105,19
mp-672217,-0.56255211625,32
mp-1188469,-0.820686564999999,16
mp-1211687,-1.333434210555558,18
mp-1192186,-0.43051145356060505,22
mp-631961,-0.727038212777779,18
mp-1104396,-0.5585718857142881,14
mp-1199235,-0.670852892500001,32
mp-1204383,-0.7877670091865081,36
mp-1199456,-0.8297424516865071,36
mp-1188357,-0.8624662838492061,18
mp-1105896,-0.552160892499998,16
mp-1211404,-0.9846433349999951,18
mp-31288,-0.797210635555562,18
mp-1223153,-1.233189295,18
mp-2752910,-1.3749573115277811,18
mp-1188606,-1.05568875972222,18
mp-1188274,-1.008159708593748,18
mp-21691,-0.620068427777777,36
mp-1104417,-0.272794881428576,14
mp-1105577,-0.534659552777778,18
mp-29684,-1.361890107777778,18
mp-10961,-0.6790210318749991,16
mp-18345,-0.7718091263888911,36
mp-510494,-0.8399457556250021,16
mp-569350,-1.035408082777778,18
mp-30210,-1.219459994722225,18
mp-30211,-0.9109283911111121,18
mp-30757,-0.9376206305555571,36
mp-1189767,-0.346893335625004,16
mp-37829,-2.131377053363095,14
mp-35907,-1.7184468929762282,14
mp-1211603,-0.21958829074999903,40
mp-1223157,-2.003563805869564,23
mp-1200065,-0.158409434499999,40
mp-1197673,-0.12394408924999901,40
mp-1203722,-0.19358389450000002,40
mp-1199127,-0.144289067749999,40
mp-1223175,-1.9993885341304352,23
mp-1223212,-0.856199762727272,22
mp-1223645,-0.20843363987500102,40
mp-1192616,-0.190596333321428,30
mp-1192585,-0.16984868216666602,30
mp-1211430,-0.12654465783333402,30
mp-1223337,-0.8448817744514101,22
mp-2212268,-0.8696052292946721,22
mp-17684,-0.9226932406527091,29
mp-31322,-1.5637860547058842,17
mp-504775,-0.921803665480294,29
mp-1223425,-3.9099562830263173,38
mp-1223262,-2.881236617700001,50
mp-1223361,-1.97243169847826,23
mp-29560,-1.1557192759375,32
mp-1200922,-0.096712610166667,40
mp-19992,-3.939659098421054,19
mp-755135,-3.623329485263157,19
mp-1223149,-2.011831341956521,23
mp-1192004,-0.814593419999999,23
mp-1223161,-0.8626022431818171,22
mp-2748337,-0.8596188284090901,22
mp-567729,-1.447920901749999,40
mp-1223204,-1.5426026287499992,20
mp-2760706,-1.52555984425,20
mp-1105837,-0.585843329000001,20
mp-582055,-0.34516971499999904,23
mp-573855,-0.226433312500001,20
mp-570292,-0.27920906450000005,20
mp-680525,-1.014825441130951,36
mp-1105925,-0.5419555059999991,20
mp-1189501,-0.8605668244999941,20
mp-1189031,-0.539572708500001,20
mp-1202486,-0.280801885500001,40
mp-1223362,-3.269058061522727,44
mp-1189728,-0.2187201055,20
mp-582242,-1.374667487631579,19
mp-542503,-2.466183140789478,38
mp-624186,-1.050703189673912,46
mp-679979,-0.868587549891305,46
mp-1948,-0.277487774999997,2
mp-1025059,-0.310995305000001,6
mp-1198391,-0.8253020401041661,32
mp-20568,-0.7271804850000001,6
mp-753260,-2.568305550416656,4
mp-13406,-0.49928999722222406,6
mp-20271,-0.8499882124999971,8
mp-12684,-0.470004778749999,8
mp-2694,-0.544782338333332,6
mp-1223006,-0.36598549833333005,6
mp-1018738,-0.642257339027779,6
mp-1225549,-0.404831059166665,6
mp-1222903,-1.206610494166663,6
mp-959,-0.48935344749999904,8
mp-1069603,-0.6605854510000011,5
mp-1070573,-0.5198575469999991,5
mp-1211232,-0.630392334999999,12
mp-30815,-0.886161825833333,6
mp-12274,-0.516136435833331,12
mp-1080524,-0.6073673781249991,8
mp-1101778,-0.7351872008333361,12
mp-1222898,-0.280316579166665,6
mp-11511,-0.808275546666666,6
mp-1079283,-0.4340783521875,8
mp-1211364,-0.5250822229166681,24
mp-1222929,-0.46558723583333206,6
mp-1080060,-3.722466562999999,10
mp-1103109,-1.14559586833333,12
mp-1211543,-0.8327823137499991,24
mp-1222884,-0.7525105499999991,6
mp-5330,-0.5679337224999991,8
mp-1222935,-0.481932336666664,6
mp-708,-1.847575358749996,2
mp-1102055,-1.243243909166667,12
mp-1222953,-0.8121507237500001,8
mp-1211237,-0.9304650022222221,18
mp-1079050,-2.863692102500001,10
mp-4917,-2.852417035416668,24
mp-11212,-1.4066979624999991,6
mp-10956,-1.152869879166664,6
mp-1103471,-1.9011905992708331,12
mp-1002136,-0.8244094650000041,4
mp-1072087,-0.805862649999995,6
mp-28853,-2.314873115500002,20
mp-559417,-3.143332195416666,16
mp-5992,-0.5747661847222211,6
mp-10112,-0.650002868888892,6
mp-6794,-0.5884991097222231,6
mp-7283,-0.6274805885000001,20
mp-1223036,-0.504470988518518,18
mp-2680,-0.625482852857142,7
mp-29597,-1.6059433945833321,24
mp-8216,-3.521145549833336,20
mp-31052,-1.024922696874999,12
mp-1211262,-0.9049511604166671,12
mp-3088,-0.6978622008333331,5
mp-1193251,-0.13642567500000102,28
mp-1192952,-0.10654900678571401,28
mp-22926,-1.2942145200000041,2
mp-1205991,-2.427293029375001,8
mp-546672,-2.301724320000001,8
mp-1206717,-1.09791517666667,3
mp-1018136,-1.179911560000003,3
mp-23263,-2.423042803749999,8
mp-1180738,-1.07649726,22
mp-23023,-3.411858679999999,6
mp-2367,-0.330961655,3
mp-567373,-1.510778636,10
mp-556405,-1.921112189,10
mp-638731,-3.132186842222221,18
mp-776,-0.30600151750000004,2
mp-1201591,-0.13137305708333102,36
mp-12055,-0.34049516166666505,3
mp-12469,-0.573014344999998,8
mp-862559,-0.29920648374999803,4
mp-867225,-0.27130863708333103,4
mp-542251,-0.6587759416666631,9
mp-862743,-0.6595028887499991,4
mp-862262,-0.44535481250000103,4
mp-1078614,-0.680504899444444,9
mp-1223711,-0.9556507364999991,10
mp-1223031,-0.5964576474999981,6
mp-1222912,-0.6074590925000001,14
mp-1185183,-0.525465717500004,4
mp-1223179,-0.5747408768750011,8
mp-1222918,-1.670386978124998,4
mp-1223428,-0.31403668291666503,12
mp-1222905,-0.8340825943749971,8
mp-1222913,-0.21032594249999,6
mp-22896,-2.703267628124999,8
mp-23025,-3.6045768816666692,6
mp-30559,-0.018662681785715,28
mp-1078291,-0.7885210354999991,10
mp-9552,-0.725989832103174,18
mp-504771,-0.6466085964200671,28
mp-568056,-0.399143071428572,28
mp-1078624,-0.322710016249997,8
mp-1095134,-0.6697172237499981,8
mp-19973,-0.5843099109999991,5
mp-989643,-0.641243549249998,10
mp-1288145,-2.599926138,10
mp-1018740,-0.6559007316666671,6
mp-1206651,-0.694111732499999,8
mp-1068559,-0.627242813999998,5
mp-13005,-0.487377385999997,10
mp-24050,-2.38927503421875,32
mp-19281,-3.1966233445,20
mp-10328,-1.7604868705,20
mp-1105933,-1.573557187406255,20
mp-1105175,-2.554332671851851,18
mp-1078920,-0.168409907499999,8
mp-1194443,-0.07948058000000101,28
mp-2051,-0.198986075,3
mp-1222916,-0.26067489583332504,6
mp-1222942,-0.23386799916667103,6
mp-2613,-0.141133305833333,6
mp-1222919,-0.725368984999998,3
mp-1080588,-0.6842285074999981,8
mp-1222960,-0.272428915833331,6
mp-20072,-2.689203321249986,4
mp-3474,-2.4238557999999992,10
mp-1025128,-0.42460511499999704,6
mp-4841,-1.686310688906248,16
mp-6088,-2.355128379375,8
mp-1079103,-0.8267682850000001,8
mp-11790,-1.547132725156249,16
mp-552488,-2.314142779335937,8
mp-4835,-0.675431773333334,6
mp-20024,-0.6738442949999991,6
mp-10288,-1.561600344791656,16
mp-1184989,-0.37559363583333905,4
mp-1222885,-2.103320804114581,4
mp-1185012,-0.364791912916673,4
mp-1185198,-0.279266988333334,4
mp-1223023,-0.49610149666666803,6
mp-1222902,-0.595980079999999,14
mp-1185182,-0.316990744999999,4
mp-1185607,-0.60836758125,4
mp-975616,-0.28766025250000304,4
mp-905,-4.508268510833333,24
mp-1078491,-0.7552042334999991,10
mp-1105546,-1.68143263775,20
mp-19743,-0.530339434000009,5
mp-1078634,-2.852925804000007,10
mp-505332,-0.558507544999995,6
mp-1080643,-0.6180453025,8
mp-1297758,-2.35369469712963,36
mp-1002133,-0.6957889699999981,4
mp-19839,-0.8260203783333321,3
mp-1079217,-0.6240376537500001,8
mp-1223449,-0.511270436666666,18
mp-1223084,-0.9221258483333331,6
mp-1071252,-0.814432501666665,6
mp-1222853,-0.592706954999999,5
mp-1222842,-0.7721096029999981,5
mp-21201,-0.806249142499998,6
mp-1222794,-0.748512737500001,5
mp-1211902,-0.223607030333333,30
mp-1211555,-0.474478460277778,36
mp-644739,-0.414350037857143,14
mp-30919,-0.5857009831249991,8
mp-1191138,-0.574788235625002,24
mp-1102982,-0.5872798058333341,12
mp-1222941,-0.414899138749999,6
mp-1189429,-0.9060949324999961,16
mp-1095587,-1.041668220833334,12
mp-1222823,-0.814376208333333,6
mp-1222806,-0.558848026785714,14
mp-1185230,-0.39825600541666706,4
mp-1084830,-0.9505458049999971,8
mp-1018746,-0.675642350833333,6
mp-1222835,-0.766260873,5
mp-1222856,-0.897876029999999,10
mp-1079894,-0.85813307,8
mp-1222807,-0.813049219,5
mp-20910,-0.728472996,5
mp-1069898,-0.524466257999998,5
mp-13123,-0.7616580580000011,5
mp-1068387,-0.634081964,5
mp-610631,-0.8769571700000041,6
mp-568574,-1.263786938333314,6
mp-1077512,-0.849350426666665,6
mp-1077797,-1.225666304999994,6
mp-19898,-0.698553216666667,6
mp-24153,-0.7461309741666651,3
mp-1018144,-0.685341640312499,4
mp-1222988,-2.038632871118421,38
mp-558126,-1.9296706328125,32
mp-696944,-1.931267362812501,8
mp-28255,-2.510143050416665,24
mp-626724,-2.9457934328125,8
mp-1212028,-1.862121362585226,44
mp-734,-0.579265096249997,2
mp-11463,-0.577605156666673,3
mp-862332,-0.499075506874994,8
mp-861617,-0.6220908443750021,4
mp-1079780,-0.7196330391666741,9
mp-1185076,-0.465017795833332,4
mp-1200097,-2.4620139324375,40
mp-1222979,-3.674736055681818,44
mp-1185020,-0.36794750666666604,4
mp-22860,-1.265932434999999,4
mp-23194,-1.6789853050000012,3
mp-27979,-1.83098206,8
mp-30993,-3.169535276666668,6
mp-20582,-0.648769407499997,2
mp-22282,-0.6733555133333341,6
mp-22017,-0.5754174995833441,8
mp-1191038,-0.20559252527777702,24
mp-21367,-0.6605475833333331,8
mp-21002,-0.647625159583332,8
mp-20729,-0.5920198962500011,4
mp-20303,-0.387117458611108,12
mp-20911,-0.398887212619047,7
mp-21479,-0.45144766690476,7
mp-568917,-0.40829247624999704,4
mp-21438,-0.752052902777778,9
mp-868003,-0.7024288279166631,4
mp-867979,-0.5429520949999961,4
mp-1078593,-0.46605311277777606,9
mp-21207,-0.41463393666666803,8
mp-1212410,-0.291490592738093,28
mp-20743,-0.7996651704166651,8
mp-20451,-1.117896087222226,9
mp-1077796,-0.9150655574999951,6
mp-568539,-0.7203787472222211,9
mp-1463,-0.7383074216666721,6
mp-1106374,-2.46214010452083,20
mp-1094739,-0.100803807500003,4
mp-510643,-0.16174857625000702,24
mp-703316,-0.454057861125,40
mp-11200,-0.23501697250000003,8
mp-12996,-0.5294970237500001,8
mp-2306,-0.10987347000000001,8
mp-567932,-0.11215172638888801,18
mp-1079843,-0.26234911388889004,9
mp-1206060,-0.6522967188888871,9
mp-1184999,-0.7297632149999991,4
mp-867848,-0.31252593499999903,4
mp-1206944,-0.170175606666668,9
mp-12947,-0.1781148575,8
mp-21509,-0.47606539805555503,9
mp-867833,-0.48196893125000206,4
mp-3289,-0.30678034666666504,6
mp-1078841,-0.6557057255555541,9
mp-569186,-0.611933905416667,24
mp-568173,-0.5288990062500011,16
mp-11985,-0.361751663333337,9
mp-862662,-0.3320110325,4
mp-1223046,-0.46699539658620604,5
mp-989589,-0.842123075146551,10
mp-19737,-0.6145346348275851,6
mp-3213,-0.68145861987069,8
mp-1194207,-2.629587624642856,28
mp-989631,-1.113527538000005,20
mp-256,-1.575390301875,2
mp-542724,-3.558192809166667,12
mp-557784,-2.8748838976851863,36
mp-1222992,-2.567495990749999,20
mp-973254,-0.569781256875003,4
mp-1222868,-0.278802863541664,12
mp-1185025,-0.404152627291673,4
mp-1064719,-0.32773938500000105,4
mp-1078408,-0.8306758445000021,10
mp-568083,-0.44123762472222205,6
mp-1223012,-0.8528192049285711,5
mp-1018742,-0.361747004166661,6
mp-1205795,-0.441663717833339,10
mp-1222896,-0.34405953916666704,6
mp-4634,-0.41648180569443305,12
mp-1222871,-0.45258232416666605,6
mp-1222858,-0.316804664166667,6
mp-2317,-0.28170988749999804,6
mp-23671,-0.31939383144230704,26
mp-16958,-0.810871030992064,18
mp-1193093,-0.36350601535714006,28
mp-1194233,-0.41694669999999906,28
mp-1211387,-1.067983642500002,12
mp-20881,-1.043596932291667,8
mp-1018048,-0.25270419124999904,4
mp-21077,-0.777464806249999,8
mp-1207245,-0.628216674,5
mp-2764171,-2.472384724499998,20
mp-1102069,-1.167153651547614,12
mp-9235,-0.946264118333329,6
mp-1079572,-0.8689537312499981,8
mp-569538,-0.7644393335,40
mp-12613,-0.6333772400000001,12
mp-1084757,-0.6536872274999991,8
mp-510577,-0.650135114062499,16
mp-24805,-0.6422015465,10
mp-8111,-4.256708431666667,6
mp-989621,-0.6123631460000011,10
mp-2384,-1.816090526488093,2
mp-2804,-1.260727530734127,24
mp-1864,-0.678575252480158,24
mp-200,-0.514802012604166,32
mp-12919,-1.197164449880952,6
mp-3962,-3.538097613829351,24
mp-4336,-1.308581693214286,6
mp-12481,-1.389336503214285,12
mp-1070925,-1.268293946547617,6
mp-1191492,-1.890077613596228,24
mp-560571,-1.323434070079362,48
mp-1222782,-4.134119007499997,6
mp-21432,-0.447221816249997,4
mp-560665,-1.8782037909999991,30
mp-556523,-1.904376837999999,30
mp-862663,-0.660741091249999,4
mp-1002115,-0.8564344275000011,4
mp-674,-0.824853501249999,4
mp-2889,-1.113890505781249,16
mp-30753,-0.5971245724999981,6
mp-16415,-2.3622328309999983,20
mp-1080654,-0.770371850555556,9
mp-1185601,-0.633483098125001,4
mp-1185004,-0.5989822931249971,4
mp-1185094,-0.40243132479167004,4
mp-1185129,-0.334389218124997,4
mp-1222827,-0.521780873839081,10
mp-1222761,-0.30276145944444205,6
mp-973887,-0.567685697916672,4
mp-1222862,-0.270615500555554,12
mp-1185089,-0.402013968333337,4
mp-1185138,-0.307574546666666,4
mp-1002104,-1.297595414999996,4
mp-1832,-0.849367524166666,6
mp-989581,-0.929144192750001,10
mp-1002107,-0.7398523274999991,4
mp-1702,-0.6871725016666641,6
mp-974030,-0.5258433475000001,24
mp-5163,-2.545009926000001,20
mp-2350,-2.43041202890625,2
mp-1508,-2.142144764791664,24
mp-1211452,-2.486468846249998,24
mp-559820,-2.702717232142858,28
mp-5394,-3.452929627604165,6
mp-1211464,-2.21214162666667,24
mp-28626,-3.05161248,24
mp-1065,-1.530235762500002,2
mp-680334,-1.663592407083333,48
mp-1101942,-1.022417138333333,12
mp-644143,-0.8720730412500021,8
mp-1211524,-0.820828957249995,40
mp-31419,-2.182705333611111,18
mp-1190427,-2.850073524999999,24
mp-1018745,-1.271683155,6
mp-1211458,-1.0715061750000001,12
mp-1101891,-1.734608129947917,12
mp-2031203,-1.749517788020834,12
mp-1185210,-1.49868690388888,12
mp-6217,-3.472035604583332,40
mp-1077837,-0.833766725000001,6
mp-31116,-3.950563377999999,20
mp-1190131,-2.3746394016875,20
mp-1076970,-1.023274423333333,6
mp-1024951,-0.7003765700000001,6
mp-1161,-2.2639832570312493,2
mp-570668,-2.025149987708332,12
mp-1102246,-2.517520758020834,12
mp-7738,-3.349131063020832,6
mp-1222829,-2.096320584791667,12
mp-7083,-0.814522047499998,8
mp-2062,-0.7082368199999981,6
mp-1025390,-0.5867863012499971,8
mp-1079037,-0.8179414674999991,8
mp-1190732,-0.466419799583333,24
mp-4283,-1.10986965,8
mp-1102955,-1.05919178333333,12
mp-28795,-0.8042372562500011,8
mp-2914,-0.861072935,5
mp-1019967,-1.517069520416667,36
mp-1069882,-0.6537202870000011,5
mp-1070124,-0.839988951000002,5
mp-1069594,-0.6777367389999991,5
mp-11726,-0.5679900817857141,28
mp-1222841,-3.440273789479167,24
mp-1206265,-1.244760629999999,6
mp-3555,-0.9994050800000011,12
mp-7030,-0.7015016166666631,6
mp-1071627,-0.5417325258333341,6
mp-1205718,-0.458806532999999,10
mp-1232374,-0.861842452535711,40
mp-1211246,-1.002275731249999,24
mp-1206485,-1.265966023333329,6
mp-1206882,-1.196520859999998,5
mp-1103155,-0.9725506533333331,12
mp-4579,-0.779176084999998,6
mp-1222703,-0.572230745357144,14
mp-1222697,-2.347652558750001,4
mp-1018047,-0.9260396749999981,4
mp-17370,-0.785971759999998,16
mp-633,-0.566906818749998,4
mp-30756,-0.5311842907500001,40
mp-1071260,-0.867995121666668,6
mp-867118,-0.731593967499998,4
mp-18566,-3.4903794819444443,36
mp-1205954,-0.828332726666662,9
mp-12510,-0.9440975677777751,9
mp-13250,-1.173140057222219,9
mp-12378,-0.890518748888887,9
mp-757365,-3.524297150153828,26
mp-550514,-2.215536883466666,10
mp-4421,-3.71283354497224,24
mp-1222878,-3.65394793812965,36
mp-1222843,-2.925762261590908,22
mp-989619,-0.839007972250001,20
mp-1560,-1.804564845833335,2
mp-571576,-1.6826708548611111,24
mp-4034,-1.58152371641927,8
mp-1078612,-1.3995143637500012,8
mp-10383,-1.441733783055556,12
mp-1103189,-2.313628914722223,12
mp-1222707,-1.745250065624993,4
mp-20756,-0.728003070555554,6
mp-20085,-0.7797332193333341,10
mp-1222719,-3.076790906481482,9
mp-11488,-0.41793559416666903,2
mp-1195614,-1.143025320511904,40
mp-1195547,-0.9749312596681551,40
mp-1190334,-1.070326669454365,24
mp-2001,-0.35813329125000803,4
mp-867817,-0.26703385291666704,4
mp-867814,-0.612347314583337,4
mp-30754,-0.684025008333339,9
mp-16965,-0.826296030625002,16
mp-1222701,-2.316397452656247,4
mp-1199053,-2.459111309437497,40
mp-1222731,-1.635867771874998,4
mp-1222723,-3.9177180308333632,6
mp-1078802,-0.5723173500000011,10
mp-19350,-3.279302451000002,20
mp-19162,-3.224557474166666,12
mp-989524,-1.244283644250001,10
mp-1222965,-0.5593892781249991,8
mp-1200447,-2.4634352734375,40
mp-8215,-2.470636438687498,10
mp-11784,-2.276646920437497,10
mp-2615,-0.325346419999998,2
mp-571191,-0.260410125416666,24
mp-1193170,-0.241504162499999,28
mp-567258,-0.39862143000000105,6
mp-1222749,-0.360053302500001,6
mp-1222765,-0.36803193250000005,6
mp-861620,-0.368921935999998,10
mp-549589,-2.0605112243750012,8
mp-1018758,-0.5646461233333321,6
mp-13534,-0.391874919444444,9
mp-1222791,-0.334680335833342,6
mp-7060,-2.066136894910714,8
mp-1102763,-0.713381960833332,12
mp-570525,-0.6847178529166651,24
mp-12515,-1.9815350675,8
mp-20190,-0.771629116666664,12
mp-1222999,-3.583958507937499,32
mp-1018134,0.0,3
mp-8864,-0.6325090556277051,11
mp-4107,-0.25037297717948703,13
mp-1238817,-1.093155952619045,14
mp-7298,-0.37928940852381005,5
mp-1211564,-0.823574698703701,36
mp-652399,-0.189658964615384,39
mp-1195831,-0.8223342712036971,36
mp-1211602,-0.7860757083333311,36
mp-1045401,-1.025274859170766,14
mp-1196908,-0.805692732870369,36
mp-15949,-0.31890367410256204,39
mp-8310,-0.6454539225238091,5
mp-1197150,-0.7873733444444431,36
mp-975044,-0.7258450446666671,10
mp-569331,-0.33701553537036705,18
mp-1223278,-1.678548019999992,7
mp-8132,-1.441304909739584,10
mp-1222772,-0.9992984972916661,16
mp-1211496,-0.8042953198148171,36
mp-1210940,-0.8373095225925901,36
mp-646071,-0.916503680185185,36
mp-1222722,-1.828990393333331,7
mp-28989,-0.6631821730952381,14
mp-721239,-1.049683511629762,50
mp-721253,-1.074566643429761,50
mp-721252,-1.053918454029761,50
mp-3297,-1.991919412536232,46
mp-1224525,-0.44181742942857205,35
mp-510430,-0.255294934479166,32
mp-672287,-0.23409448784313702,34
mp-1222798,-0.234398420614035,38
mp-1020011,-1.314420231638095,25
mp-567395,-0.35368359289473605,38
mp-1777,-0.32767289421052603,38
mp-1197547,-0.239802197631579,38
mp-569849,-0.219640623421052,38
mp-6031,-1.009476244753086,27
mp-14871,-1.056979827888888,27
mp-755664,-1.524350781242421,22
mp-865897,-0.340779062708332,4
mp-865915,-0.306289522291665,4
mp-865913,-0.40551003104166705,4
mp-976333,-0.27748408770833405,4
mp-865879,-0.39391474458333403,4
mp-765413,-1.966393560370369,18
mp-865874,-0.288340681458333,4
mp-30349,-0.265067092083328,4
mp-865987,-0.310142087083333,4
mp-16238,-0.5181467695833331,4
mp-567347,-0.36798695333333203,4
mp-1080714,-0.309467490666665,10
mp-1210753,-0.181432611111111,6
mp-31168,-0.247168274583334,4
mp-1222668,-0.31113987333333204,4
mp-30816,-0.5318623033333321,4
mp-30818,-0.7543592208333331,4
mp-605839,-0.5375369397619041,14
mp-29410,-0.9961007786111111,18
mp-30100,-0.6224246154050931,18
mp-1196457,-3.002820090763889,48
mp-1200209,-2.8996193187719292,38
mp-20657,-0.45708652013888906,24
mp-20234,-0.624376497638891,24
mp-4622,-3.364770863571428,42
mp-8070,-2.969780010208333,16
mp-9610,-0.8028615141666671,5
mp-3054,-2.247751566111111,12
mp-570466,-0.019342178611111,12
mp-7611,-2.604269733958333,8
mp-16577,-3.8766172094444453,12
mp-865890,-0.35424408083333203,4
mp-865892,-0.418397809166666,4
mp-865965,-0.301334511666666,4
mp-7610,-3.030369032083332,8
mp-865964,-0.5072434679166661,4
mp-1194523,-3.208296514277779,48
mp-865577,-0.435236238333331,4
mp-7688,-2.113450307708333,16
mp-1189383,-1.099162789583332,16
mp-1222671,-0.35634181083333305,4
mp-11305,-0.260679231666663,4
mp-865582,-0.373887099166666,4
mp-557293,-2.532890937395833,32
mp-12580,-0.311749965416665,4
mp-1188784,-1.103938108333332,16
mp-1210884,-0.528974603095235,14
mp-8152,-1.159338309666668,5
mp-8181,-1.167017136166667,5
mp-754534,-2.998827910277773,6
mp-1194281,-2.047502192051282,26
mp-1191829,-0.6250840171031751,21
mp-562404,-1.499621574097221,42
mp-756582,-2.090388155833333,32
mp-1173879,-1.7770496544444492,24
mp-753732,-2.511143563333333,32
mp-867580,-2.660144944066666,50
mp-555112,-2.946232729074074,18
mp-756242,-2.177177298749999,24
mp-17159,-2.088274171904762,42
mp-26965,-2.6595338550793652,24
mp-1198048,-1.312760364827898,46
mp-15686,-0.606364842708333,8
mp-35841,-0.319751125416666,4
mp-12029,-0.646212165327381,8
mp-6412,-2.450907211746031,24
mp-30591,-0.32586152291666604,4
mp-1078460,-0.31013836633333103,10
mp-865580,-0.380604869583333,4
mp-865581,-0.309952047083335,4
mp-865579,-0.35717130416666604,4
mp-629443,-1.473810968333333,8
mp-14629,-2.984761698958333,24
mp-867474,-0.48585430916666705,4
mp-760680,-0.5162144347222221,21
mp-771712,-1.9291776447619051,28
mp-755193,-2.63208150074074,18
mp-1210923,-2.141823088958333,32
mp-774155,-1.877959272777777,24
mp-18968,-2.563266433645833,32
mp-29210,-0.33574607777777804,6
mp-1222769,-0.240265067037037,18
mp-1222659,-0.30800429958333403,4
mp-30381,-0.552045800833333,4
mp-1222673,-0.18075479388888901,6
mp-31441,-0.47674221583333304,4
mp-3201,-0.556428800833332,4
mp-3726,-0.659772823541666,4
mp-2988,-0.487105041041666,4
mp-865483,-0.355648443333333,4
mp-865349,-0.287957388333332,4
mp-2935,-0.485090115416667,4
mp-7791,-3.016499819629629,18
mp-1029776,-0.568242246833334,20
mp-15349,-2.322120966111109,12
mp-19896,-1.061876898958332,8
mp-1222657,-0.553581462916666,4
mp-1222711,-2.013020709833333,10
mp-2647033,-0.458516439208332,40
mp-644389,-0.477491832166666,5
mp-644136,-0.567461766166665,5
mp-1078552,-0.430497678425925,9
mp-1120754,-1.932182832083333,20
mp-643069,-1.661883586583333,20
mp-1189725,-0.582572850104166,16
mp-1097065,-1.431819164166668,5
mp-2724101,-3.170408328611111,6
mp-865714,-0.47495524770833303,4
mp-1206880,-1.502459395833334,5
mp-865731,-0.42043084479166803,4
mp-865622,-0.271620682083331,4
mp-865624,-0.300348039583333,4
mp-31324,-0.36941911944444306,6
mp-30344,-0.33015537708333104,4
mp-30392,-0.5411552658333321,4
mp-1222830,-2.5656491909956722,44
mp-1222810,-2.48351130777636,28
mp-21029,-0.520561748333333,4
mp-21026,-0.6413059658333321,4
mp-31442,-0.41734936333333206,4
mp-865737,-0.304122734583331,4
mp-1104121,-0.598436649523811,14
mp-866193,-0.41194741708333205,4
mp-861893,-0.37902647041666804,4
mp-861894,-0.49024710416666606,4
mp-866195,-0.264985338750002,4
mp-1193106,-0.6837504177380951,28
mp-1222648,-0.16571732291666602,4
mp-1222661,-0.5976582968253941,6
mp-1222647,-0.229666107291666,4
mp-1222651,-0.32319868166666604,4
mp-1210797,-2.524434063333333,16
mp-1222646,-0.26968002354166704,4
mp-12128,-0.216344614583332,4
mp-1222652,-0.256097672916665,4
mp-1105932,-0.220555147291666,16
mp-11189,-2.952021454583333,32
mp-1222615,-0.341448874166666,4
mp-1222613,-0.202913963750001,4
mp-773051,-1.73881286403975,42
mp-1287701,-1.951045370747127,28
mp-763186,-2.11220821003284,28
mp-34148,-1.840411679688013,14
mp-556229,-2.9967452349497132,16
mp-754966,-2.8684345934738182,18
mp-1210796,-2.267405468387212,32
mp-18988,-2.180112729932952,24
mp-1203394,-2.671244491990284,48
mp-559240,-2.690084414012211,32
mp-1105291,-1.095255814324711,16
mp-850939,-2.664354146507687,22
mp-1177877,-2.7610766068052133,32
mp-675779,-1.144519545740736,18
mp-22439,-2.931861057037036,18
mp-694855,-2.153861700277772,12
mp-18050,-2.273066940238093,42
mp-1104331,-0.703956406666665,14
mp-571109,-0.5847617323809501,14
mp-866181,-0.41112519270833303,4
mp-866179,-0.258893231875,4
mp-541010,-0.601657130436507,21
mp-25991,-2.381122719140787,46
mp-1280510,-1.529541374523809,28
mp-35759,-2.780159261190476,14
mp-556550,-1.5850437602777832,12
mp-1960,-2.061597913888889,3
mp-841,-1.650170236666666,8
mp-1020019,-2.172982110218253,12
mp-22450,-1.788510993611109,12
mp-728,-0.35966722777777704,3
mp-866176,-0.512904950833331,4
mp-13985,-2.285658211481482,18
mp-7608,-1.6323327853333351,5
mp-760483,-1.6314154052777772,12
mp-1222614,-0.43655358666666605,4
mp-862929,-0.229276615208334,4
mp-983460,-0.334400625208333,4
mp-862930,-0.41052546520833305,4
mp-862948,-0.338030243541664,4
mp-862935,-0.459683909791666,4
mp-862934,-0.342283045208333,4
mp-1104368,-0.698676588571428,14
mp-1210780,-0.5746746935714271,14
mp-861657,-0.221982791249999,4
mp-866196,-0.408762071249999,4
mp-865715,-0.34116255624999703,4
mp-2170,-0.5886431711111111,3
mp-13986,-2.327044650370371,18
mp-7661,-2.415816682592591,18
mp-754870,-1.755058311944445,12
mp-976955,-2.559949863703704,18
mp-4630,-1.858899336111108,12
mp-1153,-1.503453288055556,3
mp-1020013,-2.095934573560605,44
mp-4556,-2.311269196666666,28
mp-1545896,-0.677205187777777,18
mp-30404,-0.600052838333333,4
mp-10180,-0.713076248333331,4
mp-3158,-0.7628624933333331,4
mp-1222849,-2.862429570157312,28
mp-2286,-1.451676987465277,3
mp-1194726,-1.5312309833049231,44
mp-4855,-1.851011195096726,42
mp-4117,-3.015912327407407,18
mp-1222602,-0.45658788666666605,4
mp-1193269,-3.406037659629626,27
mp-5012,-2.882894919444446,12
mp-1210789,-1.306641463194441,12
mp-1104144,-0.7002023638095211,14
mp-1210778,-0.5899287459523801,14
mp-865882,-0.40434758083333305,4
mp-866200,-0.25029464625000003,4
mp-1195757,-1.5561234963888881,42
mp-31496,-0.44432156333333506,10
mp-30405,-0.527563775416666,4
mp-1205739,-3.028432519074074,9
mp-1222612,-0.41343713791666403,4
mp-1029385,-0.39357917833333206,5
mp-3540,-2.224686791527778,24
mp-1222608,-0.586351980416666,4
mp-1222607,-0.6521044904166641,4
mp-1095291,-1.06635561561632,12
mp-8673,-2.003959109333333,20
mp-561011,-3.47457102125641,39
mp-1210877,-2.081030448194444,24
mp-2530,-1.178086924444443,3
mp-27811,-1.8494780416666692,36
mp-27231,-2.021365671805556,24
mp-13843,-1.949830574404762,28
mp-558731,-0.9295077809722211,24
mp-1976674,-1.25767850683333,15
mp-1222778,-1.31082131962963,27
mp-1177857,-1.300709334047618,7
mp-7603,-3.530037228333332,18
mp-2931,-2.981954403333334,24
mp-6332,-3.102775733333333,18
mp-756117,-2.418253728166667,20
mp-1077191,-0.288723384444445,6
mp-1222611,-0.23642475208333302,4
mp-865711,-0.409286208333334,4
mp-1222616,-0.33409193270833604,4
mp-865863,-0.36907366083333304,4
mp-865860,-0.35039054833333305,4
mp-560793,-2.54882867711111,15
mp-558910,-3.084229603628899,29
mp-559539,-3.224857878679661,44
mp-554685,-3.07520563462121,44
mp-1222748,-1.803048168518517,9
mp-570813,-1.2747651835185199,18
mp-9607,-3.1431914013095232,28
mp-15885,-1.644625135694449,12
mp-1291671,-2.425220934047618,28
mp-756138,-2.410235835119048,28
mp-776870,-2.429232301190476,28
mp-753866,-2.703165175010822,44
mp-753660,-2.46725768380291,18
mp-760236,-2.798268716830357,48
mp-753861,-3.149517741851853,18
mp-1177781,-2.629011987965368,44
mp-18860,-2.7659651535185192,36
mp-19260,-2.352370269523809,14
mp-1185233,-0.39409787583333306,4
mp-865867,-0.32408084333333403,4
mp-1185190,-0.344111319583335,4
mp-1185186,-0.27420569458333305,4
mp-1222618,-0.592752897380952,6
mp-22961,-1.714316919047619,14
mp-1222617,-0.12681294444444402,6
mp-2032538,-0.399771125208333,16
mp-569115,-0.339618136666666,16
mp-8184,-2.225629343333333,16
mp-1210804,-1.136056408958332,16
mp-571566,-0.267694867291667,16
mp-17288,-2.6416847680208333,32
mp-1222600,-0.31759756791666605,4
mp-555186,-1.149664108333332,16
mp-542219,-3.693599432592592,36
mp-3216,-1.362267603166667,5
mp-4156,-3.040215971111112,12
mp-1188187,-0.254041626666667,18
mp-865875,-0.12234537624999901,4
mp-16506,-0.20584683,5
mp-6765,-2.632445784,40
mp-31096,-0.355517939749999,20
mp-13944,-1.045083798333333,48
mp-1020023,-2.9747119095,40
mp-757,-0.841232569375,8
mp-9197,-2.2690334671875,16
mp-28471,-1.141629995,28
mp-11247,-0.403062934999999,4
mp-7471,-1.6711503846428561,28
mp-15999,-1.206511225833334,12
mp-16828,-2.8171228433712123,44
mp-5001,-1.006785902916667,24
mp-27275,-2.5554420863095233,28
mp-5614,-1.253047447023808,28
mp-23222,-0.6278293687499991,4
mp-768820,-2.465725820902778,48
mp-557738,-1.8872128728125,32
mp-569112,-0.79806856849138,16
mp-975904,-0.18138230499999902,4
mp-1018762,-0.8441372500000021,6
mp-1018761,-1.003513178333333,6
mp-1029492,-0.389097481041667,48
mp-780606,-2.667552592696427,40
mp-770632,-2.180159844375,16
mp-759234,-2.606958706,40
mp-19970,-1.78138969642857,28
mp-1177695,-1.210664334166665,12
mp-1018763,-0.877165958611109,6
mp-1222492,-2.003262780999998,10
mp-676361,-2.216732821833333,30
mp-756320,-1.849916090624999,16
mp-28628,-0.513993481666666,12
mp-9568,-0.36898290800000005,5
mp-17685,-2.35187583725,40
mp-3887,-0.70524114625,48
mp-16996,-2.688300978999999,40
mp-559706,-2.960003497569446,48
mp-1077469,-0.796041649999997,6
mp-697047,-0.48679786437500006,16
mp-722890,-0.541248367499999,40
mp-733455,-0.486894067999999,40
mp-976047,-0.295252721875,4
mp-1018764,-0.963313027499999,6
mp-21293,-0.388714173999998,5
mp-6425,-2.5862366378630943,40
mp-1029562,-0.485028834583333,48
mp-1018766,-1.196836438333332,6
mp-1018768,-0.8822767608333301,6
mp-8407,-1.162879446825396,6
mp-8405,-1.041515827499999,6
mp-1211552,-1.7378868940589092,42
mp-850951,-2.699369753543584,46
mp-27003,-2.565755580696428,40
mp-2251,-0.48250142218750003,4
mp-31488,-2.717096784687499,32
mp-8406,-1.168352880416667,6
mp-1018769,-1.00149313625,6
mp-1222560,-0.42009294892857,21
mp-1102490,-1.9143695316666671,12
mp-736,-0.809360786994047,8
mp-28336,-0.42609609608333104,40
mp-13725,-2.753226182455357,16
mp-985583,-1.181772862142856,32
mp-1018770,-0.838236276944447,6
mp-1018779,-1.001156936944442,6
mp-37692,-1.9401401275,16
mp-7955,-0.7521129675,8
mp-5769,-2.213717543749994,16
mp-1194339,-1.171406391071427,28
mp-756316,-1.099593228749999,16
mp-542435,-1.049828191874998,48
mp-1018780,-0.8249558166666681,6
mp-1018781,-0.9946934483333341,6
mp-1185265,-0.385153931249999,4
mp-3151,-2.8499720124791663,32
mp-696949,-1.942006451990741,18
mp-7396,-0.271427114999999,4
mp-1222424,-0.274785014999996,6
mp-551675,-2.948547609999998,8
mp-1177545,-2.85169708672269,34
mp-19219,-2.502745246250001,16
mp-760375,-1.36022377375,8
mp-1018782,-0.8046964016666651,6
mp-1029592,-0.9234487106249991,48
mp-1206280,-0.9807867533333331,6
mp-1222490,-0.35260827238095105,14
mp-554733,-2.645562806449274,46
mp-557456,-2.615438569710145,46
mp-23648,-3.122293324927536,46
mp-1211214,-2.33271130655797,46
mp-560072,-2.356381743731884,46
mp-554560,-2.845733534880951,46
mp-560894,-2.870299692707039,46
mp-1211168,-2.806647161620082,46
mp-557467,-2.778116286666666,26
mp-1020016,-1.112437577888889,15
mp-567219,-1.129372628222224,15
mp-1222462,-1.9867556625000011,12
mp-755721,-2.293218064583333,16
mp-556649,-2.715361149601443,46
mp-554203,-2.735295863949276,46
mp-557112,-2.683226942427535,46
mp-4558,-2.297887119259258,18
mp-1222529,-1.283957981759258,36
mp-753690,-1.807251558371211,22
mp-643259,-1.854647198371211,22
mp-27797,-0.469242827962962,9
mp-642996,-0.490672975378788,22
mp-642847,-0.5027980612878791,22
mp-30228,-0.470201509097221,12
mp-1101935,-0.648587624280303,11
mp-780881,-2.399758454414838,22
mp-691115,-2.053914901094687,42
mp-1177382,-1.726797840966563,22
mp-768712,-2.243357170522031,24
mp-1192995,-1.114825669911739,28
mp-1192737,-1.019852443762186,28
mp-777395,-2.692126323600163,44
mp-19117,-2.261947287833334,20
mp-29149,-1.018106857986112,6
mp-1102842,-0.667992137803029,11
mp-9159,-2.7820099667083342,10
mp-28450,-2.743522603278387,26
mp-22170,-1.919143204259254,18
mp-1102495,-0.659436318030302,11
mp-4426,-1.950933552567708,20
mp-11737,-2.6748830125925913,18
mp-1105613,-0.720859744791666,16
mp-1103229,-0.672048737121212,11
mp-1195718,-1.274180585092592,36
mp-30129,-1.09279137940625,32
mp-4804,-2.104244935500001,20
mp-9172,-2.707544761296296,18
mp-766540,-1.547203050462962,36
mp-7714,-2.893856123833333,10
mp-777670,-2.387375552976189,28
mp-555377,-2.370661098833333,20
mp-1194891,-0.5390171323188401,46
mp-865734,-0.5213463907460311,15
mp-1205902,-0.306518725185183,9
mp-7080,-0.440537456325757,11
mp-757242,-1.805457756666666,20
mp-29365,-1.948860575606061,11
mp-29025,-1.160461586458333,8
mp-23361,-1.8570389130952392,14
mp-1205930,-0.38482146481481505,9
mp-643656,-0.49293916888020706,32
mp-1211142,-1.899762689305558,36
mp-1079408,-0.38757083148147903,9
mp-1222696,-1.740876196073138,42
mp-1211146,-0.5155212767063491,21
mp-1211138,-0.6826251437698411,21
mp-1029448,-0.5360439436666661,20
mp-1211132,-2.048656912222223,12
mp-3838,-0.8175017920833321,20
mp-5061,-2.3080890799305562,12
mp-29364,-2.198206253787879,11
mp-559814,-1.271056237424242,44
mp-685991,-0.5903389078439151,18
mp-30766,-0.39956100380952203,7
mp-755013,-2.653390367181819,11
mp-12283,-0.281346916190476,7
mp-1222482,-1.217419417692307,13
mp-18925,-1.938767046590909,44
mp-1029498,-0.8143334527272731,22
mp-1029739,-0.5460529000000001,22
mp-772185,-2.967999715666667,30
mp-1029726,-0.40495784500000004,22
mp-756490,-1.37908535026646,22
mp-8804,-0.8591241350000001,22
mp-1211124,-1.8174967759999991,15
mp-1029826,-0.538013635,22
mp-1103940,-2.453378781895604,13
mp-1030649,-0.5011194659090911,22
mp-7941,-2.132090702051282,13
mp-8609,-2.73728111,13
mp-29250,-1.9455690673333341,15
mp-3503,-0.952176872727273,22
mp-14495,-2.036438191818181,22
mp-5418,-2.865416462333333,30
mp-1105393,-0.711876516078433,17
mp-673706,-0.875019070333334,35
mp-38487,-1.9806555430952382,14
mp-1222572,-0.43399698357638805,12
mp-1201607,-0.21984450133333303,40
mp-675941,-0.661041414833333,20
mp-30761,-0.31826043703703805,9
mp-30767,-0.37388265648148,18
mp-766823,-3.227670473333347,42
mp-673833,-0.791133263472222,24
mp-1211140,-0.16507384294871802,26
mp-560555,-1.843717397460318,21
mp-1192957,-0.6784367802666651,25
mp-27587,-0.327892539696969,11
mp-8610,-1.913959471111112,15
mp-973793,-0.750440787263257,22
mp-28549,-2.435039187444444,30
mp-4527,-2.143005662111111,15
mp-1190809,-0.677106386666666,22
mp-2209216,-0.399249540641026,26
mp-569373,-0.35085041974358905,26
mp-568404,-0.168604108461538,13
mp-2362521,-0.347947846923077,26
mp-862667,-0.29585869083333605,4
mp-1185294,-0.265751979583329,4
mp-861876,-0.17383934208333401,4
mp-1185293,-0.25445624791666405,4
mp-1185285,-0.466574312291669,4
mp-1185329,-0.352625018541669,4
mp-864755,-1.4200840447916652,4
mp-862549,-0.38953681104166504,4
mp-2426,-0.18045210083333302,2
mp-9472,-0.158556680416666,4
mp-2927,-0.23047338291666503,4
mp-862716,-0.128797530416665,4
mp-27227,-0.8048942663888881,12
mp-765559,-1.8778279977777772,12
mp-772290,-1.254481989166664,12
mp-996962,-1.104204954999999,8
mp-1067,-0.20847878833333303,4
mp-1204402,-0.7149645185416671,32
mp-1188124,-0.9481544117619041,20
mp-1097038,-2.051382473489583,32
mp-643655,-2.080809645989584,32
mp-11512,-0.8143778916666691,4
mp-862318,-0.489748536666665,4
mp-30817,-0.6666604541666651,4
mp-30819,-0.909099746666665,4
mp-30821,-0.7617179716666661,4
mp-11947,-0.23783073416666503,4
mp-862717,-0.581746309166668,4
mp-8204,-0.191039559791667,32
mp-22983,-1.8320611681944432,24
mp-867272,-0.22127855583333303,4
mp-5920,-0.291353459444444,3
mp-1222525,-2.71391904690476,42
mp-8001,-3.096943435208333,4
mp-867820,-0.8191622916666641,4
mp-862296,-1.020856209166666,4
mp-862297,-0.7054825141666641,4
mp-1106183,-1.530981073958333,16
mp-7117,-1.276307118072917,16
mp-3161,-0.19126816777777703,3
mp-18220,-3.210481965714286,42
mp-4586,-0.925174646666666,8
mp-7943,-0.588209097083334,16
mp-1197471,-1.690973945931372,34
mp-1192746,-1.641737012852573,26
mp-9144,-2.559708187395833,8
mp-9657,-1.9846346261666632,10
mp-862335,-0.583840619791665,4
mp-555874,-0.8557796164583331,8
mp-1078724,-0.6450723543229161,8
mp-1206794,-0.562660433333331,2
mp-1105750,-1.644062793166666,20
mp-11248,-0.38172735166666105,4
mp-554442,-2.019117527222222,24
mp-1079483,-1.7639808779166661,8
mp-29520,-0.6960096280555541,12
mp-996959,-1.237119229583332,8
mp-29829,-0.8895950427777771,12
mp-1001835,-0.22468806208333303,4
mp-1020106,-2.120887938541666,48
mp-1222458,-0.27249920586507803,30
mp-638070,-0.16385034046874902,32
mp-1222413,-0.285529338541667,16
mp-569450,-0.24385687729166602,16
mp-9244,-0.37430803916666705,6
mp-12403,-3.140991253194444,18
mp-1192133,-0.44858299374999905,24
mp-3348,-0.5883477088888891,12
mp-14232,-2.7561545387499997,8
mp-28613,-0.5653760871666651,15
mp-862377,-0.386029505833333,4
mp-1185317,-0.50947539083333,4
mp-9562,-0.47837898361111103,6
mp-1018783,-0.12269270416666701,6
mp-29463,-0.9938989936111111,12
mp-9915,-0.581053935992063,6
mp-862312,-0.5522386020833321,4
mp-862316,-0.684067622083332,4
mp-1100398,-0.325963126111111,3
mp-504354,-2.565099889272486,36
mp-559893,-1.383742147916666,16
mp-768150,-1.724943365333334,20
mp-754206,-1.807761035833334,20
mp-775430,-1.5806592863333342,20
mp-28567,-2.815617924444446,12
mp-27419,-2.312456967708334,8
mp-1540429,-1.842064596458333,16
mp-29077,-1.6352989334166672,40
mp-861905,-0.431687925416664,4
mp-861903,-0.301772305416665,4
mp-1222404,-0.9862570745833321,4
mp-976280,-1.8358945341666661,4
mp-1378,-0.09988055583333201,4
mp-1021323,-0.023266661282050002,13
mp-862632,-0.158353436666667,4
mp-867803,-0.18790637333333202,4
mp-1222411,-0.7586214130555551,12
mp-504670,-0.5708681451388891,24
mp-1104693,-0.27338592136904605,14
mp-867211,-0.383010116666667,4
mp-570850,-0.561081513749999,24
mp-1222441,-0.790647490555555,12
mp-20150,-0.421263277222221,24
mp-867167,-0.35548957666666603,4
mp-1192528,-1.041394735654762,28
mp-1191787,-2.653183061212121,22
mp-6342,-2.631571543030302,22
mp-1020056,-1.299695935075759,44
mp-6799,-1.3168749807738092,14
mp-6134,-3.870292022592592,18
mp-1020031,-1.181673299166667,20
mp-1095289,-1.236092714722222,12
mp-561237,-3.011904808333334,48
mp-569501,-0.95024824222222,12
mp-556792,-3.503914989259259,18
mp-1211093,-3.31610681148148,18
mp-12829,-3.462266970092592,18
mp-570948,-0.840424472166667,20
mp-13917,-0.513002810833333,16
mp-31468,-0.7978766309722221,12
mp-559584,-2.984132797592592,18
mp-1211088,-1.190043544047618,12
mp-20998,-0.474587644444442,9
mp-16264,-1.006045865277776,12
mp-13916,-0.373560264583332,16
mp-30477,-0.5611635127777781,9
mp-1211094,-3.566594360925926,18
mp-1437,-0.27575000333333405,4
mp-867204,-0.20850401541666402,4
mp-867160,-0.36756647666666303,4
mp-867196,-0.38632143833333105,4
mp-867206,-0.40939557083333106,4
mp-867115,-0.283306771666666,4
mp-865612,-0.19269878416666403,8
mp-1018135,-0.46004126361110903,3
mp-6126,-2.30400035625,18
mp-1211087,-2.724353514259258,18
mp-1185207,-0.21375085041666902,4
mp-867924,-0.43604072583333103,4
mp-1018784,-0.7783612054365061,6
mp-1205078,-2.908629536216931,36
mp-20428,-0.6145448908333341,16
mp-1106082,-0.5480303658333321,16
mp-1006328,-0.530154096527776,24
mp-867295,-0.408952979166663,4
mp-30301,-1.008014841805556,24
mp-13914,-0.21183492458333303,4
mp-867293,-0.38993630583333305,4
mp-20698,-0.48908018305555606,6
mp-554689,-2.526201368055556,12
mp-1246834,-0.37220650944444605,12
mp-754509,-1.370053134047619,14
mp-22526,-1.745659770833334,4
mp-758022,-2.404089948282313,28
mp-773085,-1.893827387976191,28
mp-770839,-2.093175777333333,40
mp-674219,-1.908161301111111,24
mp-1211167,-1.093763872202379,14
mp-1211182,-1.072808712857142,14
mp-1211098,-2.91125776037037,18
mp-18793,-2.408621853333333,4
mp-19103,-2.6743442352380953,22
mp-753051,-2.438222418247354,18
mp-25448,-2.757236044122024,16
mp-1185306,-0.151835279166668,4
mp-4226,-1.252680724583332,4
mp-756864,-2.279595191904762,28
mp-758265,-2.088305655185185,18
mp-2759992,-1.9168636306666662,20
mp-567097,-0.182762122083333,4
mp-7473,-0.202122575833333,4
mp-862658,-0.011274624166665002,4
mp-5127,-1.432946590277778,12
mp-9158,-1.450581410833332,4
mp-862657,-0.28482597666666504,4
mp-1195676,-1.9235822532291662,32
mp-1192153,-2.662636796666666,24
mp-861915,-0.57367242166666,4
mp-867776,-0.282779916666669,4
mp-867111,-0.28046310166666505,4
mp-1079394,-0.710188654444443,9
mp-861886,-0.5098941516666641,4
mp-976726,-3.288713784999998,16
mp-15789,-2.094347057499999,4
mp-15795,-1.9649048499479131,4
mp-1192210,-0.645973769166664,24
mp-867108,-0.394521222916672,4
mp-1192111,-2.669882129861111,24
mp-862554,-0.6210271408333341,4
mp-862558,-0.276937678333331,4
mp-862661,-0.319680523333332,4
mp-13474,-0.7107592472222211,9
mp-862618,-0.493538861250002,4
mp-10970,-3.321671447083332,16
mp-15791,-2.105407362083332,4
mp-15797,-1.9578455220312492,4
mp-984635,-0.634979141527779,24
mp-862492,-0.300405797500002,4
mp-621928,-2.277028959444445,24
mp-568863,-1.670162234814816,36
mp-1200887,-1.393974314259261,36
mp-1222348,-0.524899336666666,10
mp-581678,-0.47754977138888605,12
mp-1185335,-0.293492609166669,4
mp-1098000,-3.034272242916669,32
mp-679929,-3.029376486944446,48
mp-1097959,-1.249641135059525,14
mp-1095352,-1.030879370277778,12
mp-1095380,-0.798124438611118,12
mp-1106100,-0.5728929114583341,16
mp-541365,-0.622832675583332,5
mp-1211143,-1.169106968214284,12
mp-1095425,-1.006656034444449,12
mp-865175,-0.40085367041666503,4
mp-1138,-3.188945303333333,2
mp-753899,-1.914425032833333,40
mp-558555,-1.594728772802084,40
mp-557403,-2.753536442592592,18
mp-27007,-2.479408053891369,32
mp-21471,-0.43770784861111206,6
mp-510641,-1.92361894047619,28
mp-777049,-2.332140617916666,24
mp-1211043,-1.205589704722222,24
mp-1210931,-1.5214270234722211,24
mp-1222351,-2.182294252916662,16
mp-943462,-1.915035090787038,36
mp-561410,-1.956749722291666,16
mp-1245798,-0.45836739944444305,12
mp-757614,-1.944936747708332,8
mp-20049,-0.6519720843253971,6
mp-19294,-2.525759379329004,22
mp-756507,-2.239608244914022,18
mp-19017,-2.4798960147108833,28
mp-862290,-0.12166589083333301,4
mp-774920,-1.951882065119047,28
mp-1307,-0.37987336583333303,4
mp-1198930,-1.720058152802083,40
mp-5419,-0.5660502191666691,4
mp-5159,-0.534250166666666,4
mp-20363,-0.6194263145833321,4
mp-4913,-0.550842277083332,4
mp-865963,-0.212278126666666,4
mp-861900,-0.443066271666666,4
mp-1222409,-2.055774552159091,22
mp-28327,-1.419440549666665,20
mp-28326,-1.455603496805555,24
mp-29344,-1.5089667385833332,40
mp-28341,-1.530478074027777,24
mp-861901,-0.204676986666665,4
mp-7874,-0.267365490277776,6
mp-29345,-1.006771274666666,20
mp-567967,-1.005210975972221,24
mp-1207274,-0.48118065388888903,6
mp-867197,-0.312183139166666,4
mp-5854,-2.378874777083333,16
mp-867198,-0.704696346666665,4
mp-867170,-0.7146841527083331,4
mp-862730,-0.5309520077083321,4
mp-3647,-1.2768754327083331,16
mp-11582,-1.063571209322917,16
mp-18147,-2.785973274166667,42
mp-5048,-0.839710808541665,8
mp-6248,-2.91949997510582,36
mp-1211108,-2.390302931527777,24
mp-1185394,-0.32761710520833404,4
mp-862765,-0.517456589166663,4
mp-1185354,-0.16958310416666902,4
mp-866058,-0.19153742541666502,4
mp-1185378,-0.272816596666665,4
mp-867244,-0.712535591666664,4
mp-14210,-0.711404196111112,9
mp-867969,-0.47193431291666604,4
mp-21332,-3.213841752708333,16
mp-15792,-1.926430368697914,4
mp-1191877,-0.658283102777778,24
mp-9918,-0.280800750416666,16
mp-1020059,-0.50848024388889,12
mp-861881,-0.32062257458333404,4
mp-861882,-0.41238339958333103,4
mp-29633,-0.609234879583333,4
mp-13322,-0.6493432920833331,4
mp-1222349,-1.8917997747619042,14
mp-23703,-0.48936213770833303,2
mp-754153,-1.503645087666667,20
mp-1201902,-0.944151169537037,36
mp-1195620,-1.102834517592593,36
mp-1180504,-1.344195065166666,10
mp-23702,-0.5905356927083331,16
mp-1103298,-0.8020828520138881,12
mp-27281,-1.535539436180555,12
mp-24199,-2.538795086145833,4
mp-23856,-1.7789127198611099,6
mp-1018133,-0.40821928847222105,3
mp-644419,-0.9352390861111101,12
mp-643458,-1.93676992922619,28
mp-23843,-1.602939372404514,24
mp-1029331,-1.749723572152779,12
mp-862684,-0.46003342916667106,4
mp-861875,-0.206355308958332,4
mp-862610,-0.6952293808333351,4
mp-867834,-1.022987341666663,4
mp-867148,-0.770482331666666,4
mp-1207212,-1.7204861020833322,4
mp-1206373,-1.482287628697918,4
mp-2012,-0.376031632083332,2
mp-861896,-0.313890302083337,4
mp-1079267,-0.20081246604166803,8
mp-862737,-0.35285247145833304,4
mp-1191729,-2.666756416527777,24
mp-867913,-0.59292876833333,4
mp-867269,-0.29926417916666603,4
mp-865959,-0.29544314583332804,4
mp-15820,-0.707976046666664,9
mp-861874,-0.502292001666667,4
mp-12645,-3.299361123333331,16
mp-15790,-2.09820196833333,4
mp-15796,-1.962550009947914,4
mp-1192002,-0.6371957286111081,24
mp-862677,-0.38589856041667003,4
mp-570935,-1.422324364166667,4
mp-23384,-1.385911869166666,40
mp-22460,-0.366299663333332,4
mp-1200439,-0.35032275093750204,32
mp-973966,-1.1476993794444441,18
mp-1190195,-2.205425817083333,24
mp-31208,-0.419264766666664,4
mp-20801,-0.519555554166665,4
mp-20265,-0.602446651666664,4
mp-13396,-0.5004476091666661,4
mp-863027,-0.21112169666666902,4
mp-567787,-0.23021192916666403,4
mp-867287,-0.45810238666666603,4
mp-8892,-2.933849961111111,24
mp-16343,-0.22459984833333202,3
mp-17854,-2.172037273214285,28
mp-1185367,-0.21137526791666802,4
mp-541001,-0.9999549629166661,24
mp-5488,-2.061352058749999,8
mp-8491,-2.6025876490259723,22
mp-867926,-0.6129045441666641,4
mp-862774,-0.633030456666666,4
mp-1188392,-1.182571911874999,16
mp-20187,-1.056964433697915,8
mp-7205,-2.652957972499999,28
mp-20782,-0.8370955545833321,8
mp-279,-0.28409317833333203,2
mp-30738,-0.22014150666666402,4
mp-11172,-2.024642520833334,8
mp-1189974,-0.927098087916666,16
mp-1188898,-2.596225588833334,20
mp-560866,-2.9424519467724872,36
mp-1210919,-2.668482140694443,24
mp-1078209,-2.761924758833332,20
mp-11992,-2.774933723833334,20
mp-12451,-2.877080270833334,20
mp-6644,-2.862336244833334,20
mp-560605,-3.152200023809523,14
mp-1222517,-1.6941144601587301,21
mp-1095149,-0.886761129166671,8
mp-1188255,-0.7004761820833331,16
mp-861624,-0.5219357516666671,4
mp-1079607,-0.634489590833332,8
mp-1185376,-0.356116331250005,4
mp-1190882,-2.68189497375,24
mp-861964,-0.672485679166666,4
mp-861963,-0.32249639416666503,4
mp-977405,-0.597598847499998,4
mp-977393,-0.36155081916666804,4
mp-867903,-0.7881009908333281,4
mp-561430,-4.095328204722222,12
mp-1205878,-0.69078339722222,9
mp-976426,-0.47080882958333303,4
mp-754605,-3.38577283375,8
mp-1190624,-0.6006162041666661,24
mp-1185385,-0.279264756666673,4
mp-1185380,-0.05221287333333301,4
mp-865939,-0.055750262222222007,3
mp-864598,-0.198029603749999,4
mp-1185365,-0.460586658333332,4
mp-1185359,-0.136248555833332,4
mp-643276,-0.45050203564393904,22
mp-864630,-0.24106537895833502,4
mp-1232420,-0.33976344083333304,4
mp-977380,-0.45912025833333203,4
mp-864614,-0.613423705833333,4
mp-864601,-0.364491183333332,4
mp-864762,-0.12234565333333201,4
mp-1222638,-2.394198303148149,36
mp-1185364,-0.22726054041666402,4
mp-1222672,-2.3801071537962972,36
mp-1193222,-3.714650802037037,27
mp-1193498,-0.287372329537036,27
mp-12558,-0.8998631680555551,3
mp-977418,-0.5792043545833331,4
mp-1222299,-1.0789089135,5
mp-570213,-0.396783942777777,3
mp-866640,-0.514580118703703,36
mp-1185363,-0.30029460083333703,4
mp-558897,-2.187027366944445,36
mp-37906,-0.8117910368055551,3
mp-36111,-0.75129741765873,3
mp-9625,-2.946585101496598,28
mp-1185374,-0.16888615208333202,4
mp-977399,-0.616924229583331,4
mp-1207082,-0.616211496111109,3
mp-7555,-0.581613253333332,4
mp-11806,-0.6584183883333321,4
mp-864597,-0.13828705875000302,4
mp-560157,-2.659056395476189,14
mp-1295192,-1.9842330658764382,40
mp-1272804,-2.0681063427422,14
mp-26977,-2.6215509486327493,32
mp-1210977,-1.9291509505862061,20
mp-690617,-2.048751003942768,24
mp-1196748,-1.432949485318487,42
mp-20052,-2.075570689823481,28
mp-558059,-2.9340334618773953,12
mp-752752,-2.363049628908046,8
mp-22200,-2.881047644584929,27
mp-504460,-3.030762117270114,27
mp-1246000,-0.517870325316093,8
mp-771705,-2.659752926252054,28
mp-756366,-1.706483919466339,14
mp-754656,-2.159869964066093,4
mp-1176614,-0.6230160603024081,6
mp-31924,-2.565324869822735,44
mp-18997,-2.633428733343891,28
mp-25410,-2.626849563863404,16
mp-861629,-0.365073502816093,4
mp-861658,-0.48018209781609406,4
mp-1222353,-1.7718442451806231,14
mp-755701,-2.099758429109196,28
mp-759232,-2.594715559515989,42
mp-19107,-2.371862765180622,14
mp-777400,-2.671717012703338,15
mp-585265,-2.507082738458994,36
mp-2767670,-1.172586829208334,40
mp-558917,-1.6296289764814822,18
mp-1211056,-0.670786503333332,4
mp-18987,-2.582824036601731,22
mp-2659,-0.205821525729167,4
mp-8180,-1.386762498666665,10
mp-769319,-3.170344275972223,24
mp-559052,-2.429904200833333,44
mp-28463,-1.5215963690972232,48
mp-3368,-2.980640704027777,48
mp-1078799,-3.2546171533333332,8
mp-756415,-2.495743894047618,28
mp-977563,-0.48770950833333304,4
mp-1029903,-1.088772831666666,16
mp-3924,-2.686382930833336,8
mp-3731,-2.899517651666666,40
mp-864631,-0.442245220833333,4
mp-7936,-1.554447740833334,8
mp-1025496,-1.236610022447918,8
mp-18711,-2.92579070246693,36
mp-1211137,-2.642080600902778,24
mp-11905,-2.717315583833334,20
mp-12450,-2.818654912833334,20
mp-1211080,-2.8044745583333333,20
mp-1185531,-3.595009685633333,50
mp-15821,-0.683498748611113,9
mp-1188849,-0.6652613939583321,16
mp-861660,-0.5177201447916671,4
mp-1191015,-0.6625764119444431,24
mp-866019,-0.335290086875002,4
mp-16349,-0.362563197083333,4
mp-17664,-2.382474951078868,32
mp-40575,-2.232052715443947,48
mp-13915,-0.273924724583333,4
mp-2760269,-1.387792960833334,16
mp-2348641,-1.497991299166667,12
mp-22417,-2.365048147210884,28
mp-1222366,-2.314478848703703,18
mp-756254,-1.882176374047619,28
mp-1185270,-0.553328041354163,4
mp-1235059,-0.42706908814814803,9
mp-1079181,-2.299681434583332,8
mp-1078358,-1.744555773666667,10
mp-9588,-0.616667199821428,16
mp-642650,-1.6766460025793641,12
mp-24610,-2.194765020684523,32
mp-758098,-2.530852503458995,36
mp-1222447,-2.538434123110764,46
mp-9143,-2.922815228080357,8
mp-3524,-1.025848460535714,8
mp-1185263,-3.339490445666668,5
mp-865029,-0.35366708166667105,4
mp-2314,-0.271878761666665,2
mp-2744,-0.416655163333333,2
mp-30763,-0.419870908333332,4
mp-861936,-0.25798811666666605,4
mp-1079855,-0.16044425208333002,8
mp-861947,-0.35088958541666304,4
mp-861955,-0.426732410833333,4
mp-861956,-0.5049128554166621,4
mp-862841,-0.15580989791666802,4
mp-862842,-0.614724197916665,4
mp-863675,-0.186295189166667,4
mp-863697,-0.337434707083334,4
mp-1185399,-0.44844138583333404,4
mp-862926,-0.729600761041666,4
mp-1185409,-0.493660411041666,4
mp-862927,-0.522510124791665,4
mp-1185484,-0.510110018541666,4
mp-862928,-0.42744861854166705,4
mp-983444,-0.269209558541666,4
mp-559719,-2.5286436316666663,48
mp-18932,-2.6389536358333343,24
mp-561257,-2.075501539722223,24
mp-11906,-2.699372322166667,20
mp-12449,-2.800856855666667,20
mp-1211106,-2.786508984166666,20
mp-8481,-0.668051731111112,9
mp-865658,-0.664271775,16
mp-865738,-0.510180438333328,4
mp-1191159,-0.6557440120833321,24
mp-11807,-0.6548987983333311,2
mp-861931,-0.481434601666663,4
mp-1211055,-1.085686152291666,16
mp-30765,-0.301626324583331,8
mp-1095099,-1.836476935833332,8
mp-554108,-2.613271225104167,16
mp-540946,-2.312902794305549,36
mp-600561,-0.18600633833333302,2
mp-861663,-0.23775835833333303,4
mp-1001787,-0.146932781666667,4
mp-11171,-1.983595389583333,8
mp-14115,-1.555824928333332,4
mp-861666,-0.061894856666668004,4
mp-1078834,-2.307306563958333,8
mp-1029251,-0.365448864444444,12
mp-995393,-0.612184769666665,10
mp-7744,-2.224047807638889,12
mp-504353,-2.519053130661376,36
mp-1195657,-2.788219957583335,40
mp-29892,-1.960145810277778,24
mp-3980,-2.8683524941666683,8
mp-1198780,-1.992820258333332,32
mp-4995,-2.118194097166666,20
mp-861736,-0.627883106666665,4
mp-861667,-0.632197939166665,4
mp-756006,-0.9534255986111101,6
mp-1079885,-0.9214341608333341,8
mp-1222578,-0.374126466818182,44
mp-1205649,-1.9962580364999991,10
mp-1211126,-2.628959178611111,24
mp-861616,-0.6665603858333321,4
mp-862887,-0.33092544833333004,4
mp-865444,-0.7343031858333331,4
mp-865793,-0.5495435108333321,4
mp-865795,-0.36450625833333206,4
mp-865936,-0.12281797708333302,4
mp-552663,-2.372905768939393,11
mp-862815,-0.730636067916666,4
mp-863659,-0.438690244166668,4
mp-5840,-3.344621143333333,8
mp-10517,-3.083152960692639,22
mp-865184,-0.7187320929166651,4
mp-865228,-0.962303979583333,4
mp-1001786,-2.020776623333332,4
mp-6224,-3.373994456904761,28
mp-865231,-0.311142960416667,4
mp-1198027,-0.1432247421875,32
mp-5853,-1.323993021388882,12
mp-973391,-0.20218056354166603,32
mp-865933,-0.6974885683333311,4
mp-6015,-2.120794075208334,16
mp-10181,-0.48706503333333206,4
mp-864997,-0.6969589833333321,4
mp-1185419,-0.7072630858333261,4
mp-867902,-0.8362333983333331,4
mp-865838,-0.352916888333333,4
mp-973019,-0.7995634929365071,6
mp-1199215,-2.927127276216931,36
mp-1211004,-2.646701078194444,24
mp-11904,-2.742124424333332,20
mp-866150,-0.178307839166667,4
mp-12448,-2.8429345188333333,20
mp-1210954,-2.829137265333334,20
mp-15822,-0.6998842199999991,9
mp-1188183,-0.6550257727083311,16
mp-865812,-0.517503625416672,4
mp-1222296,-2.053430080833333,4
mp-35388,-1.9283516161979182,8
mp-1190768,-0.6635572915277791,24
mp-865116,-0.33112647125000105,4
mp-569073,-0.325866989166666,6
mp-1197059,-0.432227570075757,44
mp-26949,-2.501042855719462,46
mp-554917,-2.528996888181216,36
mp-1029294,-0.19682326555555502,12
mp-31301,-0.282338886041664,16
mp-21894,-0.30572098555555205,12
mp-16648,-0.356311629722219,12
mp-21297,-0.25633193972222,12
mp-638141,-0.48027850009259004,36
mp-11977,-0.423544417777778,6
mp-865710,-0.38896137208333104,4
mp-7243,-0.660608439583331,4
mp-864784,-0.5665361545833321,4
mp-39020,-1.3919892948333321,48
mp-1080679,-3.455313644249999,8
mp-977561,-0.6999207484999981,4
mp-1029625,-1.304259891000001,32
mp-3666,-3.125358770133336,10
mp-861951,-0.5893569485000001,4
mp-1206881,-1.5230934176666682,8
mp-560297,-3.194587247270834,32
mp-8220,-0.912795412103174,6
mp-18194,-2.930098251865078,36
mp-867285,-0.555401524166667,4
mp-1210924,-2.864963510666666,20
mp-1078961,-0.7130902827777791,9
mp-864804,-0.5166034579166731,4
mp-7137,-3.270821998749999,16
mp-1222297,-2.089823168749999,4
mp-15793,-1.9265539136718741,4
mp-977542,-0.31877734416666903,4
mp-1192681,-1.592382314722221,30
mp-773582,-0.5084891327777771,36
mp-27466,-0.697007518749999,48
mp-865940,-0.6073597483333311,4
mp-1185437,-0.33990319291667204,4
mp-1185462,-0.6334192791666631,4
mp-18640,-3.018196908273809,36
mp-1029424,-1.5308168933333262,12
mp-5670,-3.246210392142857,14
mp-6113,-2.559215438333333,32
mp-756275,-2.88641666845238,28
mp-864930,-0.660227134166668,4
mp-38280,-2.979356947916666,8
mp-6668,-3.046197983913691,32
mp-977440,-0.8956116783333311,4
mp-863727,-0.6442073891666651,4
mp-9615,-1.677127175416665,4
mp-1206595,-1.460510835338531,4
mp-772042,-2.937961547380953,28
mp-934,-0.255599763333332,2
mp-989577,-2.645941066750001,10
mp-989512,-1.5736920236666672,10
mp-989551,-2.592978106666667,10
mp-861725,-0.149139516666664,4
mp-772968,-1.9839961353656481,14
mp-12716,-0.414281964166665,4
mp-867873,-0.24169031166666902,4
mp-867220,-0.638711158333338,4
mp-867265,-0.336532184166667,4
mp-867162,-0.532870973333338,4
mp-862614,-0.33362870583333504,4
mp-1205941,-0.70246021166667,9
mp-861933,-0.489551250416667,4
mp-1176564,-3.349264163958334,16
mp-15066,-3.440315098690477,28
mp-18189,-0.621434372777778,24
mp-861969,-0.37125601166666605,4
mp-558943,-2.709139970648147,18
mp-1222392,-1.1626622379166651,8
mp-31066,-1.489092287291665,8
mp-8007,-3.348508900666648,10
mp-560246,-2.076988295379818,42
mp-762019,-2.141062827333333,10
mp-1539853,-2.717316262222223,12
mp-1029338,-1.136574449652777,12
mp-25812,-2.683900550064484,48
mp-867665,-3.051723843194445,24
mp-559938,-2.066824335370372,36
mp-1280709,-2.31999644952381,28
mp-754895,-3.234862918055556,12
mp-2710677,-2.9705122079166673,8
mp-867927,-0.5806818716666661,4
mp-1029932,-1.025967612291667,16
mp-19340,-2.493781042083334,16
mp-19373,-2.427956693666675,20
mp-19440,-2.427194401166667,20
mp-26227,-2.718353710010822,44
mp-753560,-2.490393199080688,36
mp-26127,-2.642382814353741,28
mp-25423,-2.837758225059525,32
mp-26963,-2.666295293184523,32
mp-867829,-0.45736007166666603,4
mp-850189,-2.331040234761905,14
mp-1222477,-2.289123346190476,42
mp-759647,-2.908735297291667,32
mp-1018791,-0.7918834571031741,6
mp-1139957,-2.058735494500001,40
mp-1191085,-2.654157191944444,24
mp-862555,-0.261960931666667,4
mp-867235,-0.5420365783333321,4
mp-862719,-0.22602248166666702,4
mp-862673,-0.244852593333332,4
mp-3700,-4.055315924444444,12
mp-11743,-0.49412935888888704,6
mp-14209,-0.71909869611111,9
mp-867810,-0.505823462916669,4
mp-7020,-3.247456247708332,16
mp-15788,-2.088289402083332,4
mp-15794,-1.968470493697916,4
mp-14208,-0.575185543333331,9
mp-558941,-3.402774547261903,28
mp-504790,-0.664965038611109,24
mp-867807,-0.39061273166666405,4
mp-1024988,-0.88499610626984,6
mp-561390,-2.7054287965873023,36
mp-1185243,-0.24704360166666803,4
mp-864753,-0.36653777416666905,4
mp-864781,-0.29092479854167,4
mp-1185254,-0.331923356666667,4
mp-864759,-0.7426528991666671,4
mp-864763,-0.596158906666666,4
mp-8482,-0.80947635388889,9
mp-11944,-0.639239352916668,16
mp-8390,-3.314437616041667,8
mp-21242,-0.5533633961111121,9
mp-1067160,-2.132193674322916,4
mp-1185439,-0.363785617916668,4
mp-1934,-0.22010558833333302,4
mp-867255,-0.392206324166668,4
mp-867253,-0.38376491916666505,4
mp-867252,-0.255890503333333,4
mp-867250,-0.46564929083333206,4
mp-867251,-0.561745348333332,4
mp-865912,-0.42543464416666504,4
mp-865907,-0.164604937916667,4
mp-861625,-0.161002965416665,4
mp-9124,-0.518190976944444,3
mp-18048,-1.9991775020238092,42
mp-861932,-0.44415804291666505,4
mp-569788,-0.24967411166666603,9
mp-7575,-0.42346953347222105,3
mp-1185421,-0.141806453333332,4
mp-10182,-0.655819149880952,3
mp-559934,-2.546068404710883,28
mp-11175,-0.9466399625680261,7
mp-867258,-0.587634210833332,4
mp-1185418,-0.5866643033333331,4
mp-1222336,-2.410847439259258,18
mp-1203440,-2.200974691041666,32
mp-9919,-0.45140820888888705,6
mp-865870,-0.38684149166666804,4
mp-865893,-0.178113899166667,4
mp-865925,-0.685337942916667,4
mp-865868,-0.685877525416668,4
mp-1206759,-1.743528109583339,4
mp-1001615,-1.566557159947917,4
mp-973571,4.736951571734001e-15,3
mp-1103511,-0.32544900051282005,13
mp-11037,-0.42783645820513605,13
mp-1210893,-0.34239208205128,26
mp-1192563,-0.44347139435896804,26
mp-973586,-0.337989179523808,14
mp-1222454,-0.38056048128205106,13
mp-568184,-0.49876674842592605,36
mp-29789,-0.976230328541671,32
mp-1189538,-0.5160989875925921,18
mp-571552,-0.571077171333332,5
mp-754674,-2.099375442380951,14
mp-5346,-0.520039041333333,5
mp-1222514,-0.24887721051282102,13
mp-12061,-0.47737769700000104,5
mp-18450,-0.276810709743589,13
mp-571098,-0.6433598433333311,5
mp-1104317,-0.32173511628205004,13
mp-625468,-2.300206882559524,28
mp-1103523,-0.338049003722359,13
mp-13405,-0.452431964505747,5
mp-3400,-0.322566060327144,13
mp-1207112,-0.598033856505747,5
mp-1103835,-0.127891469557913,13
mp-29339,-1.620221497666666,25
mp-1104964,-0.611050687380974,14
mp-1104272,-0.8339707179931971,14
mp-13399,-0.6446886313333341,5
mp-12100,-0.811706787333334,5
mp-12101,-0.699688691333329,5
mp-3507,-0.9226481393333331,5
mp-3108,-1.16606968733333,5
mp-10453,-0.8671716393333321,5
mp-1025335,-0.52032058047619,7
mp-1203385,-0.345779135360247,41
mp-1196590,-0.8100386461111011,42
mp-569141,-0.7325023220000001,45
mp-1211114,-0.390956962645474,32
mp-1211033,-0.20654184784314103,17
mp-1210911,-0.840492035238092,28
mp-1210912,-0.8835847020238101,28
mp-607712,-1.031434339393939,22
mp-1194094,-0.459377054345238,28
mp-1210956,-0.6732053939880951,28
mp-1193129,-0.36866820063218303,29
mp-8771,-0.59830112530303,11
mp-768453,-2.682120325049016,34
mp-1203152,-1.277004345578232,49
mp-865445,-0.6856060445833301,4
mp-865446,-0.46645882395833305,4
mp-866147,-0.366813546249999,4
mp-865459,-0.43748145124999904,4
mp-16490,-0.501053334722221,12
mp-1222339,-0.367861353888888,6
mp-1070507,-0.6094509006666641,5
mp-10531,-0.7379644066666621,5
mp-1101816,-0.7774412019444461,12
mp-1199915,-0.7195976162037031,36
mp-1211036,-0.758000310925925,36
mp-1201540,-0.739539045925924,36
mp-1222310,-0.371191169444445,3
mp-573376,-1.8175836356666681,5
mp-973956,-0.34641017958333004,4
mp-866211,-0.44734871333333304,4
mp-1205869,-0.8259227426666651,10
mp-8269,-1.938034772797619,14
mp-1191153,-0.796788815039682,21
mp-1204082,-0.09089375991228,38
mp-15826,-0.7192881358333331,20
mp-1189949,-0.185575828703704,18
mp-1185457,-0.267938758333334,4
mp-1091386,-0.742278943666667,10
mp-865325,-0.382484408333334,4
mp-1190475,-2.353736057698412,21
mp-1025175,-0.34976761690476305,7
mp-1185452,-0.5968943908333321,4
mp-865829,-0.6976692708333331,4
mp-865830,-0.36470152333333206,4
mp-1185442,-0.6487206658333301,4
mp-865847,-0.904321140833332,4
mp-973951,-0.6878928658333301,4
mp-865595,-0.437005078333332,4
mp-1192008,-0.7173961645634901,21
mp-541557,-0.6552801813333341,40
mp-505545,-0.692140192314812,36
mp-1104515,-0.32033272476190505,14
mp-1222365,-0.5716077326388911,6
mp-1206147,-0.640211480666664,5
mp-8346,-3.090631562803037,44
mp-1250,-0.440979852777777,6
mp-865505,-0.46273185458333504,4
mp-1095152,-0.916163961666666,10
mp-1080814,-0.46095034766666704,10
mp-1068243,-0.556528497999997,5
mp-12691,-0.8869577849999981,10
mp-865589,-1.027502483333331,4
mp-865623,-1.025723208333333,4
mp-865321,-0.7766640933333331,4
mp-865238,-0.234523757083333,4
mp-865129,-0.713173204666668,10
mp-865240,-0.252657528749999,4
mp-14304,-2.177599468333334,14
mp-10191,-1.946865798244048,14
mp-865350,-0.7150030900478911,21
mp-19153,-2.938114664017765,22
mp-1203732,-0.5858459357126421,40
mp-14305,-1.932407855894898,14
mp-1103893,-1.7092109308056251,14
mp-973756,-0.36274262404762003,7
mp-973921,-0.512081750753968,21
mp-974057,-0.764713063611111,21
mp-865337,-0.7777233333333331,4
mp-865335,-0.524599895833333,4
mp-1427,-4.123783570916665,40
mp-865336,-0.674920463333333,4
mp-1192803,-1.9127866472619042,28
mp-31091,-0.8419802716666681,10
mp-865320,-0.775288643333333,4
mp-1102319,-1.12645964611111,12
mp-753414,-2.497053484848487,22
mp-1201869,-0.6917705267592591,36
mp-1188244,-0.471828790166667,20
mp-865599,-0.925857250833331,4
mp-865601,-0.7752929083333311,4
mp-2826,-2.354043240354164,10
mp-12673,-3.6290922981666682,5
mp-1189125,-2.148499361604166,20
mp-1206825,-3.519900169135417,5
mp-7193,-3.72417785166666,11
mp-1222316,-0.83793541638889,6
mp-1194888,-0.6695290620370371,36
mp-568336,-0.905438718833336,20
mp-669402,-0.792448453333332,40
mp-1222448,-0.19726254746527702,48
mp-16969,-3.863396421979168,32
mp-15170,-3.02570395439394,22
mp-1189748,-1.59413807166667,20
mp-557829,-2.206744143333347,40
mp-755515,-3.062371446666656,27
mp-771031,-3.9183673255208333,32
mp-866131,-0.319393562083332,4
mp-866133,-0.26921999416666503,4
mp-555747,-3.347299822037035,36
mp-30715,-0.235398627807016,19
mp-973653,-0.37562163083333205,4
mp-973662,-0.322767533333335,4
mp-865260,-0.714384725833333,4
mp-865261,-0.372941370833332,4
mp-865437,-0.44079445833333303,4
mp-18332,-1.956923562440475,28
mp-1102425,-0.5948044963636361,11
mp-1102095,-0.6031861945454541,11
mp-1210990,-0.734722975788177,29
mp-1191707,-0.703307491363636,22
mp-16508,-0.37816298399999304,20
mp-1206894,-0.48109708100000204,5
mp-1017627,-1.131227487749998,5
mp-10566,-0.495186403452381,14
mp-1189116,-0.209261264375,16
mp-1210815,-0.7550785656250001,16
mp-1210813,-0.680299486249999,16
mp-1199315,-0.6405379294999981,40
mp-1202542,-0.683085746874997,32
mp-1206831,-0.613088293055559,9
mp-973878,-0.655622115277773,9
mp-1104253,-0.43426345142857103,14
mp-1104032,-0.627569618571424,14
mp-1206912,-0.5449145905,5
mp-30235,-0.9278310468750011,16
mp-1188368,-0.7813526012500001,16
mp-1104514,-0.7227310178571421,14
mp-1206516,-0.5728383103333351,5
mp-11733,-1.218801315749993,5
mp-1189562,-0.65613723,16
mp-29779,-0.8194812774999971,16
mp-865190,-0.559754838194443,24
mp-17673,-4.402869626500001,40
mp-1189947,-0.33657585312499905,16
mp-1206877,-0.566321971000002,5
mp-1103963,-1.0249786542857091,14
mp-1189148,-0.395740885625,16
mp-1189199,-0.826305456999995,20
mp-768483,-2.683591084749999,40
mp-1210508,-3.469671939999998,22
mp-10609,-0.668651213999996,5
mp-10607,-0.524768511666668,5
mp-1210587,-0.9836709199099071,37
mp-567908,-0.526427164924241,11
mp-15178,-0.322772431515154,22
mp-1210653,-0.5462331581944451,24
mp-1210662,-0.31705044527777604,24
mp-1210768,-0.46627611444444605,24
mp-1210803,-0.62417442194445,24
mp-1222465,-0.244287117619046,21
mp-1106196,-0.521389650392127,17
mp-1190231,-0.5915148245098021,17
mp-1188811,-0.44057363568627406,17
mp-18222,-0.9619353198039241,17
mp-505680,-0.63726549745098,17
mp-676653,-4.089766204298246,38
mp-1210928,-0.6655234344444381,24
mp-1210685,-0.7546084999074081,36
mp-1211003,-0.21695315736111,24
mp-1210733,-0.416560391527776,24
mp-865141,-0.36019107507936304,21
mp-1207163,-0.41871920287878706,11
mp-16190,-0.49528410644444404,30
mp-1222825,-3.991836509824567,19
mp-1200552,-0.623031691754386,38
mp-17460,-0.599704332971012,46
mp-1196530,-0.732522654649122,38
mp-1197583,-0.7583295322807021,38
mp-646321,-0.514729439545455,22
mp-1192497,-0.675816409090908,22
mp-1210805,-0.9474667830302991,22
mp-1210574,-3.402487577280703,19
mp-542170,-0.8463240564912291,38
mp-1210532,-0.770236073541667,16
mp-1222910,-0.8901973158068801,36
mp-1105989,-0.794301137916667,16
mp-1105603,-0.7435827203703691,18
mp-1199467,-0.825895878148148,36
mp-1210556,-0.509848586481477,18
mp-567963,-0.7433404733333341,14
mp-1105600,-0.8844803641666671,16
mp-1210651,-0.5090686466666621,16
mp-1210754,-0.6025388366666641,16
mp-568942,-0.47923387259259503,18
mp-1105871,-0.46379617979166604,16
mp-1202267,-1.353579225092592,36
mp-1104880,-0.434048023809523,14
mp-865778,-0.8562939191666671,16
mp-1210665,-0.431323702619051,14
mp-543051,-0.9500908844791661,32
mp-15846,-0.8605097154166611,16
mp-11908,-0.784980069791664,16
mp-1106258,-0.7756010979166701,16
mp-1106322,-0.25885140916666904,16
mp-1196994,-0.796999818148149,36
mp-569414,-0.7099140274999991,36
mp-1210568,-0.37237225166666504,18
mp-642315,-0.704516600648148,36
mp-1205874,-0.414004870000005,9
mp-11203,-0.5971422588888871,9
mp-1105906,-0.411444759166662,18
mp-1210681,-0.303543466296296,18
mp-1193176,-0.042085031462544005,29
mp-1206034,-0.393976359770117,9
mp-1206042,-0.57712487199234,9
mp-30771,-0.44505851222222204,18
mp-1210614,-0.43566470545454405,22
mp-11755,-0.6253708799999971,9
mp-755804,-3.651567454561405,19
mp-20402,-4.065957644210526,19
mp-756479,-3.776021891578945,19
mp-11752,-0.7435269981818181,11
mp-569251,-0.768250803916657,40
mp-1190756,-0.34972063152777705,24
mp-11584,-0.32663798666666505,9
mp-1018131,-0.351867848888886,3
mp-568953,-0.22904231133333303,5
mp-1205963,-0.6070375399999991,9
mp-1185507,-0.327388936666665,4
mp-1018025,-2.708882957083331,4
mp-12505,-0.5783277172222221,6
mp-16507,-0.457800537083333,16
mp-1234,-0.550240265555553,6
mp-1025389,-0.6974564229166641,8
mp-1025564,-0.9747068145833321,8
mp-2805,-0.43727457416666404,4
mp-1189515,-0.6959049972222211,18
mp-16620,-0.5441324846969681,22
mp-1222470,-0.398108374358973,13
mp-1087480,-0.889870854444438,9
mp-8631,-0.556593194444443,24
mp-1222329,-0.442044945555556,6
mp-1185509,-0.415212584166663,4
mp-1222488,-0.34934491722222305,12
mp-1025105,-0.600481952222221,6
mp-1079819,-0.6512075244444431,9
mp-973629,-0.8998347344444421,9
mp-1102691,-1.300067566388885,12
mp-567229,-0.6338517688888881,6
mp-2017,-1.73668287958333,2
mp-7644,-2.8563761806944523,12
mp-11249,-0.9867002433333311,2
mp-1018152,-0.9748493022222241,3
mp-1025526,-0.788045676666669,8
mp-1068773,-0.657345983333334,5
mp-1104289,-0.25934936743589804,13
mp-11219,-0.7770810205555561,3
mp-1105800,-0.5620413575000011,16
mp-1024990,-0.689254534166671,6
mp-1189270,-0.638073238749999,16
mp-29239,-0.6675416818749991,16
mp-5578,-0.48595292583333305,6
mp-571495,-0.620318216833331,20
mp-973529,-0.5978042088888881,24
mp-1210888,-0.691666585277777,24
mp-1191771,-0.654568542222222,24
mp-7560,-3.5691515161666683,10
mp-1095320,-1.116218253958337,12
mp-3717,-0.888095087833332,5
mp-976039,-0.181110321904761,28
mp-568059,-0.9204164508333361,2
mp-545847,-2.428291011458334,8
mp-550805,-2.481985219583334,8
mp-550635,-2.334368720208334,8
mp-1207185,-0.9865517138888911,3
mp-1206992,-1.140844233888884,3
mp-866214,-2.214739524166667,8
mp-973981,-3.3570168455555542,6
mp-2217,-0.354675188333331,2
mp-865732,-0.31381917888888705,3
mp-11306,-0.26739555541666604,8
mp-865988,-0.351147112916663,4
mp-1077095,-0.368485549444444,6
mp-866207,-0.7664375291666601,4
mp-865796,-0.6920993941666641,4
mp-865324,-2.418620403541664,8
mp-2206,-0.24530916388888901,6
mp-15709,-0.530217765833327,6
mp-1200073,-0.9370688043253961,36
mp-1196904,-0.839648013121692,36
mp-1210846,-0.6302139213888881,24
mp-22714,-0.354659542222222,6
mp-1001614,-0.35649675416666804,4
mp-1103331,-0.667053786388889,12
mp-1102787,-0.744767349722222,12
mp-1102047,-0.463674058888888,12
mp-1190663,-0.700521376388888,24
mp-755471,-3.253673551833335,20
mp-19360,-2.7860604761111123,12
mp-1025122,-0.301147022222219,6
mp-580136,-0.202218766111111,6
mp-1222284,-0.6102625905555571,3
mp-16753,-0.33205180055555,6
mp-1222325,-1.34434975736111,12
mp-1001780,-1.582860885572916,4
mp-1080126,-0.605508999166666,8
mp-8125,-0.629427517222222,6
mp-13200,-0.6299424488888881,6
mp-1210818,-4.449161288749998,24
mp-2463,-0.174806843888885,6
mp-1101759,-0.265581460138888,12
mp-1200053,-0.751444767010582,36
mp-1191710,-0.660108658472221,24
mp-1001606,-0.284732859166667,4
mp-1001613,-0.7140119558333311,4
mp-1077210,-0.64865255722222,6
mp-1025552,-0.653791025416667,8
mp-1222813,-0.56061185972222,18
mp-1079942,-0.8404531804166631,8
mp-495,-0.5136466041666661,4
mp-1103114,-0.497402611944444,12
mp-1025155,-0.44471114773809506,7
mp-1222319,-0.861363818888889,6
mp-1102758,-0.669034458888885,12
mp-1210999,-0.603917634791667,24
mp-768505,-3.219932291166668,30
mp-1103238,-0.955227331388888,12
mp-1102327,-1.101647980555556,12
mp-865609,-0.9137339885416671,4
mp-973906,-0.577092023888891,6
mp-1201905,-0.522971259375,48
mp-1195981,-0.662156656666668,48
mp-9351,-0.77743900555555,6
mp-10999,-0.9578623772222241,12
mp-1106214,-0.9659998583333331,18
mp-1189057,-0.9086094735416641,16
mp-13580,-1.119249618055557,12
mp-20610,-0.9924840172222211,12
mp-22051,-0.7372437755555551,12
mp-24288,-0.785675258055552,3
mp-976349,-2.432238665277778,24
mp-1191245,-0.712564469062499,24
mp-757220,-1.101402985366667,50
mp-23896,-1.581415829305554,6
mp-1206843,-1.591458548159721,3
mp-1210837,-4.27695964962963,18
mp-865846,-0.667736076666667,4
mp-2522,-0.5481052870833311,2
mp-865521,-1.592844125416666,8
mp-973585,-3.093346765555553,6
mp-1207089,-0.5111947033333301,2
mp-1206287,-0.48721433888888505,6
mp-1211130,-0.6144220449999991,40
mp-977,-0.43042182166666904,4
mp-865848,-0.37486431666666303,4
mp-1091370,-0.829624729999996,9
mp-4972,-0.366030491666666,4
mp-1206494,-0.496047933333335,9
mp-1206270,-0.411852845555557,6
mp-1079085,-0.798529608888884,9
mp-12129,-0.8580285458333321,4
mp-569848,-1.127843153333332,9
mp-11101,-0.8486995397222181,12
mp-865884,-0.920134789166663,4
mp-1529,-1.011689813333335,2
mp-1761,-0.8471208155555541,6
mp-2195,-0.030598615833335,2
mp-1185500,-0.292354603749998,4
mp-865861,-0.7843748879166651,4
mp-865223,-0.233183900416666,4
mp-865226,-0.409014109166671,4
mp-1205857,-0.30914249944444605,9
mp-865253,-0.857993077916668,4
mp-865271,-0.795624880416661,4
mp-1205959,-0.24424381500000003,9
mp-865256,-0.30844819041666605,4
mp-542397,-2.657710999066092,32
mp-1205785,-0.558723316126435,10
mp-1210833,-0.22090677955791202,13
mp-18808,-3.11040649758621,30
mp-1102,-2.215705882708334,2
mp-644492,-3.582251921944446,12
mp-865255,-0.43273548166666403,4
mp-1078899,-0.49777162083332904,8
mp-2130,-0.49450628388888807,6
mp-6544,-0.518418529999999,6
mp-1072381,-0.41893681111111003,6
mp-1101842,-0.516150033472222,12
mp-11491,-0.322797154444441,6
mp-865201,-0.38051393345238105,28
mp-865491,-0.568030970972222,24
mp-6188,-0.565181022708333,8
mp-30457,-0.71176266055555,3
mp-1001603,-0.342596214166666,4
mp-19922,-0.815416234722219,12
mp-638051,-0.657001830416666,16
mp-1103289,-1.20779564043651,12
mp-13074,-0.406411827777769,9
mp-20185,-0.9881912088888831,3
mp-977588,-0.6536957505555551,12
mp-7736,-0.513926880833333,48
mp-1210775,-4.342925019722225,12
mp-567590,-0.38892936972222303,12
mp-10192,-1.818098097321424,2
mp-2940,-3.519590600218253,12
mp-1210791,-1.2625008212698399,12
mp-10193,-1.454869114880954,3
mp-30287,-1.179037902648808,24
mp-1222263,-4.201163364444445,6
mp-865639,-0.484444201666665,4
mp-865801,-0.283012331666668,4
mp-2205,-1.01141381333333,2
mp-1158,-0.9643031016666651,4
mp-1025438,-1.459789310833329,8
mp-790,-1.184483194166667,4
mp-1211006,-2.818214611296295,36
mp-1103739,-0.318921318055557,12
mp-377,-1.102816348333334,2
mp-1728,-0.830249500555552,6
mp-865443,-0.5972035491666651,4
mp-865802,-0.6454291841666621,4
mp-10699,-0.551577750333336,5
mp-1205366,-2.612046788833334,20
mp-11495,-0.46846053833333506,2
mp-568630,-0.402138295555555,12
mp-1207093,-0.279175664333335,5
mp-656,-2.108514719739577,2
mp-27246,-2.356195756388887,6
mp-555850,-3.289838426493053,6
mp-516,-1.233215523333331,2
mp-1237257,-2.8913096627777772,24
mp-10194,-1.3663540288888871,3
mp-1222283,-3.5035245340000003,10
mp-1185508,-0.28025124291666603,4
mp-23096,-2.499800050251736,24
mp-1095437,-2.862012023168403,12
mp-1001612,-0.8594091058333321,4
mp-973633,-0.7929120054166651,8
mp-1210991,-0.69401577574074,36
mp-1079794,-0.613306637777775,9
mp-9024,-0.8655760488888871,6
mp-22440,-1.11838936888889,12
mp-1189950,-1.023008854166665,16
mp-1101919,-1.313460027222224,12
mp-1105597,-1.280820102291663,16
mp-22801,-1.16640589222222,12
mp-754955,-0.8753783247222171,12
mp-1072259,-0.526334673888887,6
mp-5177,-0.931271765555555,3
mp-1210917,-3.49806104324074,36
mp-1079958,-0.8536308127777781,9
mp-1080768,-0.9558436144444421,9
mp-5181,-0.9190374991666631,4
mp-1079727,-1.176926461111116,9
mp-1079148,-0.899115711666669,9
mp-865378,-0.8560770779166641,4
mp-865379,-0.44000124291666604,4
mp-5489,-3.753889802333326,12
mp-866127,-0.375750661000019,4
mp-866125,-0.509273698500001,4
mp-1095487,-0.30874724222222405,12
mp-1185504,-1.340311561666668,2
mp-1080689,-1.145172917916666,8
mp-865410,-0.505350231666665,4
mp-1210698,-3.5472499799999992,12
mp-19959,-0.6977305716666671,6
mp-20478,-0.7389298794444411,6
mp-1206747,-0.251686475,2
mp-1210736,-2.509048591666667,24
mp-2060,-0.13619749666667202,4
mp-865438,-0.5930293950000011,4
mp-1001604,-1.72582561624999,4
mp-1001611,-1.589240393671866,4
mp-1017508,-1.21342858833333,4
mp-2767717,-3.361304225583333,20
mp-18993,-3.211479616111111,12
mp-11496,-0.40841273083333,2
mp-1104393,-0.176222629743591,13
mp-1024948,-0.43609037055555605,6
mp-1190019,-0.383609600416669,16
mp-1087473,-0.7720896055555571,9
mp-865563,-0.80103935666666,4
mp-1210625,-0.9986656638888891,12
mp-865566,-0.800557090416663,4
mp-1210661,-0.566340482222221,12
mp-1185530,-0.00045014416666300006,8
mp-865461,-0.28186188166666604,4
mp-1210678,-4.232078621851843,18
mp-865434,-0.596900841666665,4
mp-31440,-0.8502312172222211,6
mp-153,0.0,2
mp-542463,-2.060351162727271,22
mp-1232292,-0.07666524300000001,5
mp-3872,-1.473232059285711,28
mp-8708,-2.026663795909089,22
mp-568803,-0.194153023,30
mp-3582,-0.22850933124999903,40
mp-865185,-0.311679811999999,5
mp-11917,-1.185790383,5
mp-1017628,-0.46563951085714306,5
mp-28447,-1.7018789144444422,18
mp-1078861,-0.936358712777777,9
mp-1191657,-0.919267464545454,22
mp-1206386,-0.14234651227272802,11
mp-10924,-0.6177639475973911,11
mp-756442,-1.835428532142858,14
mp-1400392,-1.200620108571424,14
mp-1041631,-1.494367904285713,28
mp-20673,-0.144955848846153,13
mp-608016,-2.165017080714286,14
mp-38951,-2.533066767857139,14
mp-667323,-1.181832509047618,42
mp-30247,-2.002504449499994,5
mp-38322,-1.397064944444445,18
mp-20493,-1.100294376547618,14
mp-1006591,-1.002653055029763,28
mp-1222182,-0.7187970564285721,7
mp-1211250,-0.16574512327586202,13
mp-1443978,-0.9931260735941511,13
mp-18620,-2.847031572420635,36
mp-8208,-1.376596223500001,10
mp-1541458,-2.399451724545452,11
mp-27219,-2.166202090357139,28
mp-3653,-2.223938991666667,18
mp-13570,-0.502436474,10
mp-14307,-2.064758899999999,14
mp-568548,-0.464728596592592,45
mp-2151,-0.009331720172413,29
mp-2021192,-0.14287866833333301,6
mp-864978,-0.425984957916666,4
mp-1185750,-0.21508312104166702,4
mp-1222144,-0.48058370541666506,4
mp-864932,-0.5584403854166641,4
mp-864933,-0.362776732916665,4
mp-29624,-1.303387147968749,9
mp-1222973,-2.669438583611112,36
mp-30178,-0.235028325384621,39
mp-865047,-0.6077664178333331,20
mp-5618,-2.276241102727271,11
mp-11250,-0.481426777500002,12
mp-1105793,-0.422246671083333,20
mp-18256,-3.015306194537037,36
mp-541066,-0.349661878333333,22
mp-1105674,-0.514386453333332,20
mp-558660,-2.710524105714286,40
mp-1203195,-1.368983391333333,45
mp-10922,-0.607412850119046,21
mp-1106047,-0.37436847233333403,20
mp-642660,-0.35411876140624904,16
mp-1189317,-0.398161383333332,20
mp-1029520,-0.8557341766666701,12
mp-2481,-0.087480521666666,12
mp-1222187,-0.21521549416666702,12
mp-10746,-0.21244738499999902,12
mp-1188243,-0.418642099333332,20
mp-23804,-0.39694997083333305,9
mp-30650,-0.11666052027777701,18
mp-27668,-0.11567534178571401,14
mp-30910,-0.180746144166667,39
mp-1189749,-0.530235536583333,20
mp-408,-0.34389672666666704,3
mp-1106175,-0.49420095433333505,20
mp-505693,-0.632307745833331,20
mp-3904,-2.7410589342857152,14
mp-17441,-1.260924230357142,28
mp-1192564,-1.095587609910714,28
mp-643002,-0.31633465527777704,9
mp-697030,-0.438372025277776,9
mp-1210677,-0.345407204000002,25
mp-1185768,-0.568500835,4
mp-770423,-2.246023489522547,26
mp-1189623,-0.43667387062643703,20
mp-1210648,-0.15402649173850502,12
mp-1246788,-1.155523982499997,12
mp-2137,-0.15303366444444402,18
mp-8969,-0.47301459244047506,6
mp-1188248,-0.37604464933332304,20
mp-697331,-0.33195147750000004,28
mp-1345538,-1.8667365949999999,20
mp-1195826,-2.9798934531168833,44
mp-23740,-2.770332250932541,36
mp-3933,-1.105098610773809,12
mp-20724,-0.036373903333329,3
mp-864975,-0.7936226175000011,4
mp-864969,-0.625471557499999,4
mp-13208,-0.6882326533333321,6
mp-33940,-2.1805591521428562,14
mp-864940,-0.688206122499999,4
mp-1029627,-0.5624041308333331,24
mp-12693,-0.401837599999999,3
mp-864965,-0.5368869725000001,4
mp-1029378,-0.546541156666669,12
mp-1367,-0.10859876333333301,3
mp-22250,-0.599597653333331,20
mp-15779,-0.45935778999999904,6
mp-2895,-3.213125702857142,28
mp-14793,-0.5998960062499991,8
mp-1193963,-1.407431812142856,28
mp-1192582,-1.174351987410714,28
mp-2343,-0.167098778333331,3
mp-34022,-2.6629976021428563,14
mp-1029442,-1.2323239453888881,12
mp-769077,-2.053979498461537,26
mp-759694,-3.41487485513889,48
mp-1188988,-0.588020179166667,20
mp-757031,-3.2730648479761912,28
mp-978256,-0.032516090833334,4
mp-1222196,-2.470540413461539,26
mp-27150,-2.675142304545454,22
mp-1105469,-0.5060303113333341,20
mp-1029368,-1.117192738333332,12
mp-30784,-0.062448946410254,39
mp-1222174,-0.45668138699999905,10
mp-865031,-0.454251990333333,20
mp-1222129,-0.497182191857143,5
mp-3778,-0.09550298956521701,46
mp-1201475,-0.14514522304347702,46
mp-1201511,-0.133509603695655,46
mp-1205144,-0.09715376434782501,46
mp-1222208,-0.20759573111111101,18
mp-758196,-2.457776142692307,39
mp-5005,-3.028432701666668,22
mp-10117,-0.30728921482758403,29
mp-14842,-0.47896040009852003,29
mp-14396,-3.058181146483516,26
mp-1198942,-0.11657761476811601,46
mp-684031,-0.156651298768115,46
mp-1990,-0.78755513925,40
mp-1206514,-0.896367267250001,5
mp-17783,-0.392609770416664,24
mp-1222172,-0.304194505937498,16
mp-554542,-3.414764612416667,20
mp-1210641,-0.554053776833335,20
mp-1210659,-2.885339148090278,48
mp-1222264,-2.710326439305555,24
mp-569018,-0.17866593899999803,5
mp-30490,-0.050868198749999004,8
mp-1210695,-2.045043184375,40
mp-1210726,-1.6779201326875,35
mp-571626,-0.232697692291667,24
mp-1185784,-0.132027453125001,8
mp-697180,-0.07422344041666401,16
mp-568419,-0.321415998333331,24
mp-770722,-2.585630404332922,28
mp-643573,-0.34585185606191104,22
mp-1222170,-2.1006743348620702,15
mp-1245510,-0.9721851925000001,16
mp-1559,-0.9422394225,40
mp-7604,-2.7766350564285682,7
mp-505365,-2.7617290999999993,20
mp-1099253,-2.594193788125,16
mp-2514,-0.647706519857142,40
mp-18712,-0.398731526666665,24
mp-1210703,-0.6371764093749991,16
mp-18707,-0.5617630770833331,24
mp-643061,-0.34762931147727205,22
mp-542429,-0.33033131791666603,24
mp-625,-0.125169126499999,20
mp-1196139,-0.428131339249999,40
mp-1080847,-0.705936314,5
mp-1185790,-0.016502332499999002,4
mp-558458,-3.408786739499999,40
mp-24097,-2.586002241666667,36
mp-696497,-2.971097704166667,21
mp-569313,-0.42394052678571303,28
mp-1222229,-0.11534978714285601,49
mp-864942,-0.38036269215909,22
mp-3118,-2.539839539666666,20
mp-762447,-3.418253189531251,32
mp-1191806,-0.24580538347222103,24
mp-864938,-0.013980935833334,8
mp-19034,-2.752985765000001,26
mp-1222150,-0.131363380111109,15
mp-16544,-0.440334912058836,17
mp-22326,-0.629525107941174,17
mp-1222183,-0.32737872972222204,9
mp-2038642,-0.40415813527777905,9
mp-1222139,-0.198184008833332,10
mp-1222193,-0.124121419444444,18
mp-17841,-3.0918690433333342,30
mp-20241,-0.7524238751680671,17
mp-6137,-1.048474256319875,23
mp-676305,-2.560751251666667,30
mp-1222125,-0.185411419166666,6
mp-1222154,-0.644006683999999,15
mp-17481,-3.240302830644448,30
mp-634984,-0.42778318306452,31
mp-30324,-0.5579494953225811,31
mp-1770,-0.10718974928571301,14
mp-11465,-0.19714389343750202,16
mp-1210655,-0.58147324845238,21
mp-2406,-0.450578344642856,28
mp-30778,-0.360986107857143,28
mp-1195642,-3.331173155588235,34
mp-759796,-3.4207673035069472,48
mp-989522,-0.473009168964286,10
mp-21612,-0.158099330344826,29
mp-21587,-0.348129073534481,29
mp-21725,-0.377028498103448,29
mp-570457,-0.523236519655171,29
mp-1197123,-2.758254600923345,41
mp-568681,-0.6452845668589741,26
mp-568621,-0.41700417724359,26
mp-2696,-0.23041872333333302,2
mp-1222065,-0.712765329329003,22
mp-864934,-0.146502536249998,8
mp-1008903,-0.27852765555555203,3
mp-1094116,-0.011892303333333002,12
mp-3034,-0.17485990875000001,8
mp-3536,-3.370001377142852,14
mp-865919,-0.167760192083331,4
mp-1207086,-0.140881208611113,6
mp-8376,-3.175152658452381,28
mp-865921,-0.6935179262500011,4
mp-6596,-3.154525512142857,32
mp-865152,-0.826217871249998,4
mp-865155,-0.834185793749998,4
mp-556078,-2.181501331190476,42
mp-7623,-0.304894355,20
mp-865146,-0.472430996071429,7
mp-437,-0.591989967499998,2
mp-1194889,-1.654320421956522,46
mp-763,-0.17590466000000002,3
mp-365,-0.1727923235,20
mp-10503,-0.26586065812500304,16
mp-978275,-0.15789122937500003,32
mp-30091,-0.440278225568182,22
mp-23748,-2.595760374236111,48
mp-569048,-0.44400937027777704,18
mp-30034,-1.853706801666665,3
mp-9166,-0.7761498281249991,4
mp-5348,-2.442030674999999,10
mp-11307,-0.094631828333332,4
mp-1222080,-2.1035895805,10
mp-30727,-0.14649241208333202,4
mp-1222015,-0.38466087874999805,4
mp-23210,-2.255449848333333,9
mp-1045773,-2.620924572976191,36
mp-1222089,-2.470564518791209,26
mp-1443950,-2.559765698125,8
mp-1018808,-0.22357470000000002,6
mp-19202,-2.6289158835714233,14
mp-773053,-1.741964778662683,34
mp-554955,-3.114523169375,8
mp-19120,-2.185497340833333,12
mp-1042039,-2.758850699025973,22
mp-1038,-0.12408862500000101,6
mp-1205334,-0.952865096249999,16
mp-1188827,-0.7625362030468741,16
mp-3676,-0.12155869500000001,6
mp-1404142,-2.508810295,14
mp-7352,-0.419133639047621,12
mp-1041741,-2.510072194935064,22
mp-3522,-0.32565874499999803,3
mp-11361,-0.167420896666666,3
mp-1249,-3.8240409166666662,6
mp-1222048,-2.1168033315,10
mp-1045790,-2.6622790040873,36
mp-2226692,-1.966960060333333,15
mp-1042037,-2.680121119707792,44
mp-865187,-0.29181303875,4
mp-1192819,-2.757971127142857,28
mp-574266,-0.13322318125,32
mp-865183,-0.141955728958331,4
mp-1080605,-0.42755753416666303,9
mp-1079175,-0.422164844374999,8
mp-1222023,-0.163937179166667,12
mp-865186,-0.457590178124999,4
mp-865092,-0.32843188312499905,4
mp-865123,-0.710474510624998,4
mp-1185861,-0.7027672531249981,4
mp-865125,-0.683136453124998,4
mp-7798,-0.760936786249999,16
mp-865162,-0.6094956424999991,4
mp-504894,-1.4504067746671199,23
mp-23710,-0.2827190725,6
mp-24546,-1.474973943629807,26
mp-24337,-1.790721734166667,24
mp-24041,-2.054308188333334,18
mp-23966,-1.695695604427083,18
mp-24336,-1.629745705555556,9
mp-3346642,-1.442335818055554,9
mp-1197058,-1.6340164461221591,44
mp-697170,-0.9028302131818171,44
mp-697168,-1.002225144772727,22
mp-865188,-1.123647846304347,23
mp-1185888,-0.7358646412499981,36
mp-1189172,-2.6969234434375,16
mp-1408,-0.19722851375000103,2
mp-1185884,-0.466052556874999,4
mp-23205,-1.3037782916666671,3
mp-2313,-0.07601274583333101,2
mp-973088,-0.138226363749998,4
mp-30587,-0.10344702527777601,6
mp-19929,-0.18693864041666503,4
mp-865043,-0.662940087916664,4
mp-977438,-0.527043010416665,4
mp-11883,-0.293149803333335,12
mp-27510,-2.33700030583744,14
mp-1222009,-2.769432129862705,36
mp-1391800,-3.013671432866378,8
mp-20354,-0.191432275977012,6
mp-1247154,-0.7452095282327591,4
mp-770618,-2.365742391586207,10
mp-1185892,-0.46804089573275903,4
mp-976406,-0.5800832007327561,4
mp-977463,-0.316020983232757,4
mp-1210608,-2.9073220404187192,28
mp-27604,-2.222699028749986,40
mp-1398330,-3.174238690625,8
mp-24620,-2.031782246944444,18
mp-864954,-1.03874584875,8
mp-19047,-2.406204404583332,24
mp-17953,-3.098160845555563,36
mp-977555,-0.48255177625000006,4
mp-977430,-0.254914421249999,4
mp-1045786,-2.614905074087302,36
mp-2675,-0.210482842083332,24
mp-17942,-0.555803900535713,16
mp-30774,-0.268549039999994,4
mp-571428,-0.377924163333333,18
mp-10700,-0.12982654399999902,5
mp-29733,-0.190246501666669,3
mp-1409292,-2.385386819375,8
mp-1102387,-0.35854944999999905,12
mp-15778,-0.46046171499999805,3
mp-1265,-3.03830917,2
mp-1200442,-1.959424107585034,42
mp-384,-0.298333085714285,10
mp-554819,-1.929050311598639,42
mp-1195623,-0.670870912080745,46
mp-1025261,-0.5912694728061211,7
mp-15780,-0.576185165663267,7
mp-675651,-1.052409944428569,10
mp-30943,-0.8816437593348211,10
mp-1185917,-0.42663353125000103,4
mp-1185914,-0.862502686249999,4
mp-977441,-0.621889128749999,4
mp-977558,-0.37923765874999804,4
mp-1185915,-0.077512081250001,4
mp-20216,-2.13753318775,40
mp-19734,-2.853937199374999,8
mp-506,-0.7267530875,2
mp-12741,-0.596712734166667,12
mp-1185923,-0.5026670762500001,4
mp-12742,-0.48861777374999005,8
mp-976976,-0.33221363416666705,6
mp-7921,-2.427327279375,8
mp-12651,-0.696493014999997,8
mp-30777,-0.5702773387499921,4
mp-1206346,-0.293341678124997,8
mp-1172,-0.4497744375,2
mp-977571,-0.31581104124999904,4
mp-865611,-0.256633191249998,4
mp-9927,-2.563968675625,8
mp-1185943,-0.14710880374999702,4
mp-1315,-1.66198437625,2
mp-1185959,-1.154441889999999,6
mp-1020122,-2.145147585,20
mp-7572,-2.402174846249999,12
mp-10183,-0.617305951666666,3
mp-10184,-0.700549848333336,3
mp-1951789,-0.026383324999998,4
mp-864941,-0.028704496666665004,6
mp-977580,-0.27686316374999903,4
mp-866077,-0.152068691249998,4
mp-1185964,-0.23157948687500102,4
mp-977586,-0.28329510291666404,4
mp-1063566,-0.402265358749999,4
mp-866080,-0.18301463708333301,4
mp-1018799,-0.47103158333333406,6
mp-977554,-0.275858943333332,4
mp-1185960,-0.743946162499998,4
mp-977556,-0.22856628249999902,4
mp-977564,-0.37706008375000205,4
mp-977566,-0.831790764999999,4
mp-1185958,-1.05601506,4
mp-866069,-0.803388284999998,4
mp-1185961,-0.307532452499999,4
mp-1018040,-1.474296713671875,4
mp-1103590,-1.1332529465625,12
mp-16771,-1.7574014637109432,32
mp-12271,-2.024735936468753,20
mp-12630,-1.8707510703906252,12
mp-13241,-0.47204854727272505,22
mp-1016197,-0.297332561249999,8
mp-866086,-0.5389448612499981,4
mp-3677,-1.346008759375,16
mp-2961,-0.411262341071428,8
mp-866087,-0.7484711662500001,4
mp-11715,-2.712048039833334,10
mp-20202,-0.201730412499999,12
mp-1009082,-0.29875055,8
mp-5549,-0.434026843333333,3
mp-1397451,-3.22494402875,8
mp-864906,-0.331300907499998,4
mp-1029791,-0.5252638456250001,16
mp-864883,-0.672182389999998,4
mp-866073,-0.6325345399999991,4
mp-39105,-1.370799437444444,24
mp-9650,-3.325803555518519,18
mp-866075,-0.5456193755833331,4
mp-866071,-0.17512255058333,4
mp-866072,-0.5557907105833341,4
mp-864903,-0.34892140808333105,4
mp-13033,-1.071569803333334,2
mp-2604,-0.849417595277775,12
mp-1210588,-2.05691479611111,12
mp-561065,-3.147307040063492,30
mp-1221952,-2.982491510416666,40
mp-28232,-3.422544152083334,16
mp-1222070,-3.047504249034013,35
mp-1221997,-3.222096965208333,32
mp-1399447,-3.795086441041666,8
mp-864908,-0.7674558595833321,4
mp-1245745,-1.484522464583333,4
mp-3771,-3.362936645666665,10
mp-864919,-0.7641694720833331,4
mp-11498,-0.016988674166672,2
mp-556009,-1.500888863833333,50
mp-998739,-3.075989374666666,5
mp-554894,-1.6546803429190482,50
mp-864902,-0.255620167083336,4
mp-1194009,-1.460972230955506,26
mp-557384,-3.205660014621211,44
mp-2271432,-3.457339777499998,6
mp-1040943,-2.701663290238095,42
mp-504510,-2.526702651666667,9
mp-1222158,-2.026821811590909,22
mp-561538,-2.404341040625,32
mp-1221990,-2.672792599285713,14
mp-2229489,-2.5092302515756293,17
mp-27186,-2.768925973999999,10
mp-1185620,-0.17304296874999903,4
mp-1407403,-3.201457285624999,8
mp-18875,-2.562331308333333,12
mp-1124,-0.130630304999998,12
mp-1210656,-2.01060831576923,26
mp-697121,-1.355215636666666,27
mp-1185621,-0.27469357124999905,4
mp-11236,-0.152613897083332,4
mp-864922,-0.41613972874999605,4
mp-1221921,-0.094768193333332,6
mp-1221951,-0.187991289999999,6
mp-864923,-0.655365598749995,4
mp-977547,-0.42482178875000004,4
mp-864920,-0.59993698875,4
mp-1025460,-3.984790553124999,8
mp-864921,-0.7444724137499971,4
mp-1245429,-1.50183626625,8
mp-864907,-0.691977061249999,4
mp-1185625,-0.952026491249999,4
mp-864910,-0.786348676249999,4
mp-35,0.0,29
mp-1104783,-1.235700336847289,14
mp-1025315,-0.5934244120853861,7
mp-752598,-1.758069190418715,28
mp-19409,-1.831274760047892,36
mp-1092278,-0.5189308358965511,10
mp-19789,-0.435409943896553,10
mp-1104183,-0.5951909629618221,14
mp-15974,-0.9847224804187181,14
mp-1025180,-0.7704808667580041,7
mp-754068,-1.11889016986207,15
mp-18750,-1.836117058275863,14
mp-20025,-0.9256231851046791,7
mp-20261,-0.8067605758189631,7
mp-554980,-1.165002999770115,18
mp-22168,-0.8882078865332491,14
mp-1221979,-0.527813733497538,7
mp-542070,-1.123023754492338,36
mp-10199,-1.365315652793101,20
mp-3669,-1.375455839456233,26
mp-1193575,-1.0395485770755961,26
mp-19442,-1.361432144528734,15
mp-542139,-2.595336400246305,36
mp-18971,-1.188962142793099,10
mp-627380,-2.207803734357368,44
mp-19231,-1.8522391850615731,28
mp-1210700,-0.495499946533249,14
mp-28669,-1.427935919179836,18
mp-1222504,-0.262834666851181,19
mp-560917,-2.487269709451091,49
mp-28525,-1.827961813145508,41
mp-542830,-0.022842514589771,29
mp-1222194,-0.016340538790322,31
mp-7892,-0.47041736883908103,5
mp-864988,-0.16105888646551703,4
mp-864989,-0.197732694590518,4
mp-10895,-0.317624613965518,4
mp-864990,-0.21519467146551602,4
mp-1221906,-1.901438464623832,22
mp-1202591,-1.8762432144013412,36
mp-1205062,-1.9535515363577731,32
mp-28943,-2.358904995718389,28
mp-1221942,-1.910766743448276,22
mp-504697,-1.885386032295258,32
mp-18720,-1.862363835123151,14
mp-1221996,-1.838113349408867,14
mp-1222018,-2.212638574704433,14
mp-864955,-0.042264301465516005,4
mp-1193329,-1.753440513275807,28
mp-1222096,-0.249673108545259,8
mp-1222029,-0.16531622149425101,12
mp-20223,-2.114749792623151,28
mp-1221898,-0.188874247715517,4
mp-640047,-0.600204366462437,28
mp-24250,-1.8507025550783691,22
mp-17745,-2.207428643487462,22
mp-1221883,-0.398591333857758,8
mp-1222032,-2.023156045752873,20
mp-1221820,-0.40640970094109,8
mp-1185981,-0.16910753646551002,4
mp-18302,-0.351776768771755,30
mp-9981,-0.435483445905172,12
mp-12659,-0.08144218882183901,12
mp-865011,-0.25654126146551803,4
mp-17867,-0.37839796710508905,30
mp-1849,-0.513148089057198,9
mp-2019629,-0.6206113400916801,9
mp-1193594,-0.326637118438423,30
mp-18721,-2.5816131941043423,11
mp-558402,-2.402603486938114,32
mp-1196691,-2.403040498806102,36
mp-18822,-2.652584821938116,32
mp-1185926,-0.284900688965517,4
mp-865032,-0.28157807396551604,4
mp-20664,-0.21540974465517101,6
mp-1192820,-1.537437366604774,26
mp-1221860,-0.372312597643678,12
mp-18928,-2.594300529408867,28
mp-5056,-0.9834398043165011,28
mp-17367,-0.695007658605293,28
mp-36884,-2.070504940837438,14
mp-1221536,-0.345809355143677,12
mp-18607,-1.7345625900663122,26
mp-1210598,-1.785552806392076,18
mp-19142,-2.32008509916928,11
mp-1280544,-2.223823277204435,28
mp-21235,-0.38250483224138004,4
mp-865554,-0.277524035215515,4
mp-865026,-0.45783600099137906,4
mp-18751,-1.9823252001231522,14
mp-1103546,-0.764152847891009,14
mp-1104014,-0.474948251075533,14
mp-19185,-2.4361777151933133,22
mp-504423,-1.690257374907162,26
mp-558631,-2.5509387956214473,26
mp-542161,-2.313328752639036,46
mp-542292,-1.71578699168856,42
mp-15819,-0.27036606913793004,26
mp-4593,-0.19110724775862,5
mp-18870,-1.744743971061009,13
mp-1185970,-0.009798589698275,8
mp-1545421,-0.21375206086206802,8
mp-2046031,-0.49010868168103405,8
mp-21313,-0.11966750025862101,5
mp-627439,-0.442840044439657,5
mp-865027,-0.075110627198277,4
mp-24178,-1.594668360740243,36
mp-2017103,-0.43537124836207003,8
mp-864735,-0.150071542198276,8
mp-15812,-0.10592762513547001,28
mp-31908,-2.450766437689654,40
mp-1221804,-0.537077548013135,12
mp-18759,-2.050409240541872,14
mp-1202942,-2.48736967330114,38
mp-1078895,-0.252430927974137,8
mp-7070,-0.38082256775862006,5
mp-1193915,-1.450644659522546,26
mp-1196009,-1.660590790439648,40
mp-28915,-1.632689340364034,32
mp-554429,-2.7211882776293113,40
mp-1245396,-0.666014877306034,16
mp-1210555,-0.04364521200862,5
mp-18795,-1.920252579045977,20
mp-1192249,-2.15679154911937,46
mp-17899,-2.280837626445622,26
mp-1403705,-1.823835586445624,13
mp-15805,-0.45057511943965306,5
mp-2856,-0.276990866781609,15
mp-21616,-2.307096809966268,46
mp-21535,-2.2957888793073,46
mp-19314,-2.760727641488006,46
mp-18554,-2.749166153002953,46
mp-18320,-2.717548969060469,46
mp-559323,-1.647322340074963,23
mp-1222104,-0.38138275722701204,12
mp-1222067,-0.22292983133620603,20
mp-1222120,-0.278245957295259,16
mp-505622,-0.295696929336207,5
mp-31901,-2.541547874114944,30
mp-726800,-2.61106588572766,31
mp-680339,-0.28327900617555,44
mp-1222006,-0.222190113460591,28
mp-1193463,-2.08337115689272,30
mp-1193890,-2.15405594589272,30
mp-1222033,-1.7916456098440061,42
mp-12633,-0.48047868220391904,16
mp-617291,-0.10672375995689601,16
mp-1111,-0.46220868530172504,16
mp-1189157,-0.41097455599856403,16
mp-757454,-1.854342433030968,38
mp-1221683,-0.14511189344827502,8
mp-22290,-0.5374249038585031,29
mp-653429,-1.9032996476436792,42
mp-729046,-2.382486493131082,41
mp-699691,-2.0031418089532,42
mp-25773,-1.933166274449946,42
mp-1221748,-0.19173925195402203,12
mp-863405,-1.851224195737931,25
mp-850230,-2.2917420620689652,49
mp-1211361,-0.491092853204921,16
mp-1210929,-0.52828406320492,16
mp-996995,-1.431450102399425,4
mp-1193494,-2.118772164177222,28
mp-771,-0.272285743965517,4
mp-1104165,-0.09883573907161801,13
mp-1221672,-0.188397641995073,14
mp-1221714,-0.08413894761273101,26
mp-1221662,-0.163298816321839,6
mp-1221656,-0.468009194482758,4
mp-755882,-3.047750007561575,14
mp-173,-0.17369762541871903,14
mp-5491,-0.24791825448275803,4
mp-3623,-0.356646874482758,4
mp-31185,-0.19067050448275802,4
mp-20757,-0.20761954431034402,6
mp-864950,-0.5906594619827561,4
mp-4922,-0.40436941198275805,4
mp-864951,-0.261294584482758,4
mp-10894,-0.683740049482759,4
mp-864980,-0.414138186982759,4
mp-1210817,-2.936076515678879,32
mp-22240,-0.265070552715518,8
mp-29108,-2.545398635528736,30
mp-24550,-1.6629240742145601,36
mp-567856,-0.34355139625478903,9
mp-10049,-0.206449855143677,9
mp-12674,-0.373967652241375,2
mp-11252,-0.35741518482758206,3
mp-12565,-0.239417388896549,5
mp-997183,-1.375097408232759,4
mp-8365,-0.528182893491377,8
mp-17727,-3.117123908978579,44
mp-1078253,-0.25487779489655205,10
mp-1221699,-0.40667648931034606,8
mp-19882,-2.216731743156814,28
mp-1104792,-0.062953709071618,13
mp-11270,-0.250302259310346,12
mp-864943,-0.45284055448275706,4
mp-864944,-0.47643338198275903,4
mp-864945,-0.41455210198275805,4
mp-1221618,-0.171403789655173,6
mp-1185986,-0.36191984073276,4
mp-1095372,-0.5358576370141891,12
mp-554839,-1.87188020599138,32
mp-560153,-2.3485296562592373,32
mp-558130,-0.9383685105862071,20
mp-28306,-1.169033052643679,3
mp-18814,-2.012984636586208,10
mp-1221792,-1.656682449209769,40
mp-1221733,-0.580198116448278,10
mp-1222062,-0.5440784916675631,16
mp-1221646,-0.723800653154632,4
mp-1221650,-0.5938365786206921,4
mp-28233,-1.5831389131609201,3
mp-1009133,-0.013308018965517001,2
mp-19850,-0.24963864073275902,4
mp-5396,-0.132216656982759,4
mp-4492,-0.424367394482758,4
mp-20840,-0.10826585573275901,4
mp-1102618,-0.26660634181034604,12
mp-1029367,-0.324814264482759,4
mp-20641,-1.6499188855862061,10
mp-20249,-0.633445749191298,12
mp-1221679,-0.6064299618041871,8
mp-570203,-0.17275829722701003,24
mp-28226,-2.337050971133004,14
mp-1221753,-0.8083666911915011,14
mp-1221752,-0.938700049211822,28
mp-20474,-0.650443175991378,16
mp-1206870,-0.31318375869971204,8
mp-12023,-0.756074068491377,16
mp-1210824,-0.5681584196632531,16
mp-19722,-0.6555518003663781,8
mp-22400,-0.5598454115382541,8
mp-1025532,-0.35078778994971205,8
mp-1206085,-2.229693058491379,8
mp-510589,-1.539728060732759,4
mp-864946,-0.223007231982759,4
mp-1221692,-0.39895784095546105,12
mp-556585,-2.966967116810346,12
mp-556560,-2.764831058232758,8
mp-541103,-2.396533066086208,40
mp-725423,-2.381984311593947,35
mp-5529,-0.31918941948275803,4
mp-4238,-0.195207891810347,9
mp-1221879,-1.75462410474138,32
mp-1101988,-0.55609625502463,12
mp-1221696,-0.18149878224137803,8
mp-1001836,-0.27264122224137904,2
mp-1221609,-0.6350499368507531,8
mp-1221747,-0.6622063826661351,24
mp-1069288,-0.140399728896551,5
mp-21171,-0.23019723135775802,4
mp-510638,-2.182507244648541,26
mp-865088,-0.35508843635775705,4
mp-601285,-0.42681750112068706,4
mp-569151,-0.454163451810345,6
mp-864949,-0.5291817238577591,4
mp-865140,-0.36268854362069103,4
mp-1078464,-0.12276029146551701,8
mp-20798,-2.135882778586207,10
mp-18649,-0.37040688264367905,18
mp-4664,-0.438049643232758,4
mp-864936,-0.26884713573275704,4
mp-24069,-1.785774016187002,26
mp-1192289,-1.510233351738505,24
mp-643427,-1.804435337547893,36
mp-643412,-1.4579374883638652,36
mp-24129,-1.309259315881226,9
mp-1221677,-0.7852547959482761,11
mp-1221591,-0.33302027158046105,6
mp-28013,-0.7063810159770101,3
mp-31328,-0.391472963649423,4
mp-864968,-0.553888846120688,4
mp-1537768,-0.46865412974138104,4
mp-2728,-0.15773197896551602,2
mp-865022,-0.16418418823275602,8
mp-9374,-0.5247943282327601,8
mp-19455,-2.083752250488489,12
mp-22100,-2.8716737219923463,36
mp-775218,-2.778881700170242,34
mp-9951,-0.324080602088124,9
mp-1221895,-2.040223945396552,40
mp-20335,-0.8121053025246301,12
mp-864992,-0.32573629612069105,4
mp-7829,-0.6115613142720291,9
mp-11500,-0.36253736724137803,2
mp-11501,-0.23613481112068802,4
mp-1079845,-0.252880504032567,9
mp-20007,-0.25920189931034404,12
mp-19331,-1.6192723405862082,10
mp-1102690,-0.554681629191298,12
mp-600124,-0.42720125149425003,3
mp-1232659,-2.032569766465519,8
mp-644514,-1.8225279240325691,18
mp-2662,-0.615244508786946,8
mp-721692,-1.8555067339150821,42
mp-865024,-2.285267629768062,48
mp-734805,-2.351595590315159,44
mp-771660,-2.383533998471674,40
mp-541468,-2.513227360883339,44
mp-569522,-0.359478627967159,30
mp-510246,-1.709427718628268,39
mp-776341,-2.48712215017024,34
mp-23895,-2.087878301397099,36
mp-1198455,-2.090856610012315,48
mp-2767267,-2.443718203762317,12
mp-8613,-0.7070548570147771,10
mp-8695,-0.540280136921028,10
mp-1210715,-1.989263127952586,48
mp-1102640,-0.24756227931034402,12
mp-1185995,-0.196563024482756,4
mp-31138,-0.228938158232756,8
mp-1670,-0.346201598965516,4
mp-1180,-0.35365339948275704,4
mp-557668,-2.1978250534913792,8
mp-417,-0.49576254724138,2
mp-865045,-0.06263441612069,8
mp-2065,-1.140358733647628,4
mp-1422029,-0.7995039067025851,3
mp-22554,-2.044368775905172,12
mp-786,-0.30358774974137803,4
mp-555052,-2.724095755862031,15
mp-687227,-1.737715705417423,38
mp-864957,-0.27916170362069004,4
mp-999540,-0.949901936772628,4
mp-17901,-1.496655939389823,32
mp-1202364,-1.650879934554944,40
mp-1210646,-0.54760371382992,16
mp-21851,-0.543687593477012,12
mp-20949,-0.5732822223275871,12
mp-865015,-0.776416979870688,4
mp-864966,-0.582111492370692,4
mp-864970,-0.439775492370692,4
mp-22213,-2.498980624126437,10
mp-20096,-2.908231397866379,8
mp-20569,-2.083893312586208,10
mp-20481,-0.41113451823275704,4
mp-4990,-0.435062605732757,4
mp-864971,-0.22735765362068902,4
mp-1186026,-0.166263480732759,4
mp-1009222,-0.61146877724138,2
mp-21893,-0.42263970816092405,12
mp-24555,-2.13343692178161,44
mp-1201959,-2.005189706553843,31
mp-569859,-0.440537989533047,8
mp-570300,-1.440138022252875,20
mp-1221565,-0.5378635011903741,5
mp-998762,-2.595991289252874,5
mp-1102938,-2.583138499377392,12
mp-316,-0.19813923724137703,2
mp-1221563,-0.41746282599138,8
mp-864953,-0.14542008612068802,4
mp-1192704,-2.039293944945403,30
mp-2490654,-2.333588346992338,18
mp-559026,-2.185949551781608,22
mp-558892,-2.14577806036638,16
mp-1190398,-0.300802195732758,16
mp-757573,-2.015212976297892,36
mp-864983,-0.320021453620686,4
mp-19407,-2.216569472988496,12
mp-1221557,-1.016192887709358,14
mp-1029354,-0.20726897345545903,12
mp-11504,-0.11721638987068901,4
mp-1221561,-0.846259150193964,28
mp-1221515,-0.885894982964978,10
mp-1186003,-0.32300060487068905,4
mp-1386276,-2.547889649741379,8
mp-864985,-0.20868979198275803,4
mp-1186005,-0.17057716198275702,4
mp-1186001,-0.398006396982758,4
mp-1221500,-0.7771179856546341,4
mp-129,0.0,1
mp-1080460,-1.392631681999999,10
mp-1198436,-1.152971723863637,44
mp-504210,-2.477226710153062,42
mp-22097,-1.503809329444443,18
mp-542454,-0.303616396499998,10
mp-1552,-0.13904961666666502,12
mp-1221519,-0.35365939499999904,4
mp-542135,-1.235317272249999,40
mp-504196,-2.264520319285714,30
mp-32108,-2.458101059308036,32
mp-1204412,-1.6555355224804682,32
mp-1221499,-0.6708962001785731,14
mp-28037,-1.010590758166664,30
mp-10004,-0.34859220199405105,16
mp-542154,-0.273641275416666,24
mp-1221504,-0.35042130125000004,24
mp-570666,-0.41418762749999405,24
mp-2754190,-2.264483056749998,20
mp-1743,-0.31978003111110903,9
mp-1337,-0.27182744000000003,6
mp-28775,-1.727452817999999,40
mp-29555,-1.046118486666666,36
mp-23312,-0.9782778575000001,16
mp-1221539,-1.151260577499999,20
mp-2305,-0.160418414999998,2
mp-620029,-1.077223398611112,36
mp-569005,-1.008397813666666,30
mp-569436,-0.9359074779166671,12
mp-1221436,-0.8429822507142841,7
mp-557539,-2.547664713749999,8
mp-504759,-2.631161137083333,24
mp-557259,-2.636013854642857,28
mp-1198690,-0.6431185194444441,36
mp-11481,-0.35044142250000404,4
mp-11482,-0.37208203125000205,8
mp-2811,-0.546220418749999,16
mp-23396,-1.09528815100001,20
mp-510536,-2.021555188333332,12
mp-715584,-1.9246418721875,16
mp-27511,-2.505726884791667,48
mp-219,-0.696001868988094,2
mp-1887,-0.5421201086507941,6
mp-26616,-2.50622534217857,40
mp-555025,-2.4210018251488092,48
mp-11508,-0.37985946338095106,10
mp-23397,-0.861060864134198,22
mp-504818,-2.379245834591837,14
mp-22451,-0.541038211825397,12
mp-21138,-1.830996234999998,16
mp-22169,-1.930465625,12
mp-1196979,-1.697718594427082,36
mp-1206704,-0.07804413333333,3
mp-999502,-0.35810017000000005,4
mp-952,-0.397281279999996,3
mp-12595,-0.19393659750000203,4
mp-30787,-0.26083931125000204,8
mp-975834,-0.05181358875000001,8
mp-1434,-0.9661425452083321,3
mp-27866,-0.7789774501041671,24
mp-1634,-0.749936842708334,6
mp-560907,-1.034332540538194,36
mp-1221387,-0.00045078000000100003,2
mp-154,0.0,8
mp-505727,-0.40282748583333305,12
mp-754712,-0.521597101000009,20
mp-556500,-0.928872943571428,14
mp-2019727,-0.07238157958333301,12
mp-726118,-0.332311588333333,12
mp-2789,-0.685685905,18
mp-29966,-0.8303088391666671,12
mp-10172,0.0,2
mp-675013,-2.061993971881155,42
mp-22474,-1.442184006268473,28
mp-1221438,-1.363847183137929,20
mp-1238825,-1.081034390197038,28
mp-505090,-1.1225372807758611,20
mp-29069,-0.5932587401532551,9
mp-19844,-0.21285634831642802,17
mp-1104707,-0.21139138627551002,14
mp-37312,-2.248723237595443,42
mp-1186069,-0.7467167274553581,14
mp-1176434,-1.125829909482756,28
mp-542675,-1.386205801268472,28
mp-36235,-1.496912662931035,18
mp-9378,-0.243014151275862,5
mp-976892,-0.501976929285713,14
mp-1221454,-1.076066034393466,7
mp-756681,-2.196742630712954,37
mp-30252,-0.254896576251873,23
mp-562435,-1.462982004295352,46
mp-638558,-0.34022352195652,23
mp-1221463,-0.45900310090517205,36
mp-30253,-0.32745206173913105,23
mp-36165,-1.6252489201649172,46
mp-1221508,-2.854483076256336,46
mp-27559,-1.455311590972413,25
mp-27569,-1.545669272806896,25
mp-21895,-0.209552232894736,38
mp-30794,-0.21150782868421,38
mp-569991,-0.180372703413299,50
mp-1221432,-0.9742591697110101,11
mp-28413,-0.33394213628232705,32
mp-1221460,-1.480370331159875,22
mp-541895,-0.993451736159871,44
mp-1196650,-0.8550606538019201,44
mp-1221434,-1.468624714978056,22
mp-1221424,-1.0836980183068161,22
mp-8411,-0.476849584375001,8
mp-1104717,-2.270849716428571,14
mp-7392,-0.44746044374999905,8
mp-554041,-2.946624387391688,26
mp-1173798,-2.68454943838081,46
mp-768146,-2.604075094783455,24
mp-706617,-2.9352379393130392,32
mp-7773,-0.596101208124999,8
mp-1363,-0.297318376666666,6
mp-29411,-0.970611633176882,36
mp-5004,-0.713530352954381,22
mp-556125,-2.183539744025041,28
mp-1191673,-2.614826038129571,22
mp-16737,-2.723872338609195,20
mp-1210352,-2.008289888608374,28
mp-3318,-3.2637287621798032,28
mp-568987,-0.31970198253694604,14
mp-28588,-2.171202476301724,40
mp-17183,-2.806945222532327,32
mp-1176418,-1.9388465337715521,24
mp-1078709,-0.44513783,8
mp-759968,-1.7254514146264421,12
mp-768140,-2.261253049783456,24
mp-541989,-0.607621109499999,5
mp-6397,-2.420641493289125,26
mp-557391,-2.462403052047414,16
mp-556679,-3.2176857076532572,36
mp-1221470,-3.2518051221939652,40
mp-561260,-2.88676357392036,24
mp-1190146,-0.9417527720689641,22
mp-558198,-2.032487770981431,26
mp-555851,-2.422010153101305,23
mp-6078,-2.483071516264368,36
mp-697888,-1.468617976970848,38
mp-675693,-1.455973666051723,40
mp-20389,-0.13259495568965102,4
mp-30492,-0.184196534439653,8
mp-2831941,-1.028660310969826,8
mp-1205754,-3.608789430306512,9
mp-1221453,-2.8266003417097663,24
mp-772664,-1.8061446566882182,24
mp-545646,-1.933385447844827,16
mp-1210483,-2.521602485705329,22
mp-777786,-1.514713897543104,24
mp-704459,-1.852307996387146,44
mp-771169,-2.070048965854885,24
mp-973225,-2.562508682712202,13
mp-558356,-2.865084767068966,22
mp-18779,-1.983148568965516,14
mp-769616,-2.393824489575121,48
mp-6090,-1.819791728887147,22
mp-1199156,-1.105881297513611,38
mp-557171,-2.4577612008594762,38
mp-15685,-0.46944853812500004,8
mp-771032,-1.715090886688217,24
mp-3237,-2.5134085542857143,14
mp-7639,-0.46383814949404706,8
mp-6467,-2.383092748087028,24
mp-767534,-2.035364312283457,24
mp-555871,-0.8920867621798011,28
mp-1194796,-2.850698097417173,34
mp-1195435,-2.860859714868154,34
mp-2756361,-2.715061876818181,22
mp-772415,-1.9312400860632182,48
mp-561395,-2.708318773887147,22
mp-764074,-1.6516379029597692,12
mp-1176399,-2.253276604783455,24
mp-1190388,-1.082535774341691,22
mp-1173753,-1.053090094255693,14
mp-558993,-2.828382204568965,22
mp-768120,-2.349986483325122,24
mp-557538,-3.391383516424289,46
mp-1173724,-2.6382689601622733,34
mp-18568,-0.952312971139842,36
mp-17964,-0.8632113688308221,36
mp-17297,-2.909913826296296,27
mp-5784,-2.132981442959769,12
mp-4068,-1.084484991709769,24
mp-28278,-0.987196637881644,24
mp-10340,-1.946576293942528,20
mp-23954,-0.32566743550000005,5
mp-643260,-0.32011560642857,7
mp-697096,-0.452144137857142,7
mp-690785,-0.43719653361111105,9
mp-632760,-1.378333068017241,15
mp-37458,-2.284757249144089,7
mp-865500,-3.165094377528736,9
mp-505121,-0.698614263639848,36
mp-4961,-1.336780317051725,5
mp-28858,-0.9523429018017261,40
mp-1194989,-2.854732783691683,34
mp-31430,-0.175832273333333,24
mp-1190145,-1.01406273373563,22
mp-1190429,-0.93781548001404,22
mp-1190138,-1.016049212443182,22
mp-22820,-2.77442232222048,44
mp-767521,-2.310784772005677,24
mp-754844,-1.542240887959768,12
mp-504854,-1.795610525525862,40
mp-540965,-1.8958083285258611,40
mp-540945,-2.074097865275861,40
mp-24413,-0.316796481859194,20
mp-9719,-0.6294795821462771,24
mp-12815,-0.46987489944444305,12
mp-1020146,-2.7806599083837913,48
mp-12240,-3.329258121757663,24
mp-9722,-0.5484412151819931,24
mp-1195028,-2.87153977418188,34
mp-1204668,-2.317717781851058,48
mp-1194897,-2.610203116202102,48
mp-6026,-2.248876110705329,11
mp-1180690,-0.316246368887146,44
mp-1221409,-2.372518834263747,37
mp-6319,-3.573647912978056,22
mp-1210432,-3.275442118887147,22
mp-1210436,-3.121345232068965,22
mp-1210433,-3.240176965023511,22
mp-1210431,-2.373618289094827,16
mp-10837,-3.183989851084117,44
mp-1078372,-0.112374660689653,8
mp-1210466,-3.696861199796238,22
mp-6406,-2.7987684303448273,16
mp-865625,-0.18329484943965402,8
mp-1210449,-3.328581348887148,22
mp-553997,-2.5797503653871283,46
mp-1210502,-2.476416242377463,40
mp-558376,-1.794531012660094,28
mp-28079,-1.220342629271858,28
mp-29745,-1.13380760445043,28
mp-1210501,-2.540863228524014,40
mp-19080,-1.937155033462644,24
mp-773119,-1.988914695682471,24
mp-555618,-2.930590704148707,32
mp-1201159,-1.537863327388271,38
mp-755874,-1.902797412614942,12
mp-780530,-2.311302962111043,24
mp-19760,-2.104612824341707,44
mp-1195277,-1.787252214849771,34
mp-1201525,-2.293932572938218,48
mp-18852,-2.149706168251234,14
mp-557923,-1.895722917510237,40
mp-867955,-2.65169354297806,44
mp-1192640,-2.244913105073573,29
mp-559968,-2.385238387025862,40
mp-9753,-3.129514152777778,18
mp-1221346,-2.630998843985801,34
mp-1189952,-1.440821779602427,19
mp-510526,-1.655324263110344,50
mp-2352,-1.425738685919539,3
mp-2340,-1.2980963948563211,12
mp-1190635,-1.745119403251228,21
mp-555933,-2.520906898087027,24
mp-8989,-2.338201858503694,24
mp-1193174,-2.498068406195813,30
mp-556699,-2.155557859807354,28
mp-703305,-2.357434544518935,32
mp-1101885,-1.086184180816912,12
mp-567228,-0.850967542943948,24
mp-27622,-1.575215994051721,40
mp-1210368,-1.6788427358764322,24
mp-560120,-1.091131615408349,38
mp-559068,-1.399811515957393,13
mp-27562,-1.141165042528733,9
mp-29359,-1.417687710357142,28
mp-3622,-2.331523762142857,14
mp-1210356,-2.2368059,27
mp-10223,-0.9922091081249981,10
mp-1078751,-0.9575243766249991,10
mp-684783,-2.315867572319134,34
mp-1192379,-2.273279053703704,27
mp-22313,-1.362201988551723,5
mp-560860,-1.497563052126436,24
mp-10246,-1.028636579124997,10
mp-14588,-0.9740806616249981,10
mp-1210286,-2.011853257126435,24
mp-37255,-1.646300400459767,12
mp-648,-1.269244534270833,3
mp-31269,-2.056864156614425,22
mp-28127,-0.607518609508928,28
mp-4770,-2.205164865751231,14
mp-30972,-1.8528266655968162,26
mp-7774,-0.549332992499998,8
mp-27936,-2.875063982219829,32
mp-768144,-2.247123653950123,24
mp-557006,-2.403104645705329,44
mp-767518,-2.7383891927001223,24
mp-1266,-1.2695772096875,3
mp-1190423,-1.491280715222374,22
mp-5416,-1.795207838767059,24
mp-5141,-1.750063777157477,14
mp-3193,-2.902866989473182,36
mp-18104,-1.055804797951389,36
mp-18562,-0.989946137164152,36
mp-3775,-3.320358588703704,27
mp-4533,-2.692845917126435,12
mp-570351,-0.32525175249999905,24
mp-8081,-2.9131886855555553,18
mp-757981,-1.970626923350574,30
mp-778057,-1.720972566051723,40
mp-761184,-2.066409340876436,24
mp-1221310,-1.039625181388888,36
mp-1221315,-0.980892002989417,36
mp-1104604,-0.411834035714286,14
mp-18975,-2.535827691987297,38
mp-3285,-3.184666606887761,34
mp-1078535,-2.69218343,9
mp-2784,-1.127802620000001,3
mp-720921,-1.561908556739463,30
mp-28713,-1.7431334201213242,36
mp-20254,-1.681452471462903,22
mp-541918,-1.74006818260133,38
mp-28904,-1.654280716961685,30
mp-541917,-1.78390556891712,38
mp-1210414,-1.622956116721264,40
mp-541619,-1.848553874487548,24
mp-27537,-1.809936480453611,28
mp-1190141,-0.9112815324042131,24
mp-573581,-0.764787380364583,24
mp-1192524,-2.505807026366047,26
mp-4829,-3.82981052111111,9
mp-1025360,-1.3259278413464681,7
mp-6328,-1.225238070632183,7
mp-3488,-3.160181039813217,24
mp-5449,-3.314977577512348,21
mp-556024,-3.493224182899106,27
mp-6228,-2.61335156734355,18
mp-557845,-1.991042413515325,24
mp-6138,-2.9956953140102183,18
mp-1221267,-2.357281466275862,10
mp-30795,-0.137885058749998,24
mp-864898,-0.37314356874999804,4
mp-756769,-2.109720525477901,24
mp-866132,-0.415826112499999,4
mp-1195532,-2.867805426044626,34
mp-556102,-2.617479555850574,30
mp-1190548,-3.27422771752351,22
mp-560638,-3.3816695285172402,30
mp-568694,-1.7978991477139181,27
mp-570955,-2.162771523269476,27
mp-558572,-3.6285364033333343,18
mp-1103472,-3.351888938636364,11
mp-23546,-1.302314334750954,9
mp-554191,-3.022789054679803,14
mp-15886,-1.7164010397395821,12
mp-1190512,-2.517456909947752,22
mp-771012,-2.130359692521551,48
mp-1120790,-3.162678913749999,32
mp-1191842,-2.91741615661442,22
mp-554228,-2.958528153157328,32
mp-770717,-2.431764256033456,48
mp-559869,-2.518586562990147,40
mp-505382,-2.748144636695402,36
mp-21896,-2.226846243887147,22
mp-32533,-2.215550446724137,19
mp-18803,-2.214918839679804,14
mp-1194587,-2.834071320750507,34
mp-1197762,-2.446068535184388,48
mp-1190399,-0.979059697978055,22
mp-734019,-1.531324562523511,44
mp-6675,-2.712629385705328,22
mp-1190487,-0.976167164341691,22
mp-554845,-1.705382088965517,28
mp-1094107,-1.115347805133928,28
mp-6507,-2.576323540596816,26
mp-555300,-2.474306230628352,45
mp-28830,-1.606862671108372,28
mp-616461,-1.7378964214285721,28
mp-13520,-0.2016916575,8
mp-6402,-2.067949246594827,16
mp-643776,-1.488347683286638,19
mp-29488,-1.6469667305517222,20
mp-758238,-2.257447842865148,40
mp-1021465,-1.117794387489223,10
mp-6391,-2.487630072219827,16
mp-556536,-1.2435093036398461,9
mp-27307,-3.6350707925,36
mp-561166,-2.56855023939655,24
mp-990440,-2.866204437126436,24
mp-1210267,-1.685297579209767,12
mp-7219,-1.555228321197918,12
mp-558191,-3.146840108563217,24
mp-6824,-3.193821267375477,36
mp-559817,-1.377017228793102,36
mp-27321,-0.7928564603761741,22
mp-21199,-0.561276299090908,11
mp-867673,-1.030519672391549,31
mp-675056,-1.637074000529431,33
mp-675310,-1.080705707087523,18
mp-36529,-2.193637999165997,43
mp-3527,-1.258432925967428,12
mp-9634,-1.024525277604166,12
mp-43068,-2.931985140034982,46
mp-8543,-0.6638637349999991,12
mp-3416,-3.4024626925,20
mp-23705,-0.271020285249999,20
mp-5122,-0.648331853492063,12
mp-707530,-2.541043597407274,34
mp-9682,-1.288684136026784,28
mp-9680,-0.9806020482142861,28
mp-655,-0.5529736389583331,24
mp-756044,-2.044229324579741,16
mp-5830,-1.010759029419643,28
mp-8686,-0.956518379955357,28
mp-28365,-1.316017036939655,24
mp-768915,-1.3641995052339881,28
mp-15567,-1.061003663189655,12
mp-262,-0.09981495782608701,23
mp-1203588,-2.177902843424329,36
mp-505055,-0.49039232720587805,34
mp-31073,-2.76291957946839,44
mp-28630,-0.6793939791666661,24
mp-30975,-2.258836155472085,28
mp-29976,-1.15523431368637,14
mp-1221271,-3.160545298054187,42
mp-556258,-2.976630451942528,30
mp-27838,-0.498157301249999,8
mp-27914,-1.7116207995197041,28
mp-27345,-1.7188922086422411,16
mp-985586,-1.615873120827586,5
mp-557506,-2.278402140344827,24
mp-18480,-2.8759330605392712,24
mp-15572,-0.8518214808307201,22
mp-1190339,-0.7731935399216291,22
mp-1191931,-3.684409502233542,22
mp-767552,-2.601146720290829,26
mp-1186024,-0.017759379784482002,4
mp-9741,-1.53080485367816,12
mp-1173819,-2.0604439074899,50
mp-767430,-2.257984603367752,26
mp-38102,-3.495887479012538,11
mp-28602,-1.6976095178275852,5
mp-19087,-1.781557512011494,12
mp-1210465,-2.654233963913793,20
mp-31126,-1.5625870084482751,14
mp-1221294,-2.608163161153324,40
mp-560929,-3.062070502913792,20
mp-1210429,-1.9564570105172412,32
mp-1210463,-2.5268329995,20
mp-755401,-1.3509231665229842,24
mp-1210536,-2.008573365580457,20
mp-1210529,-2.00764370891379,20
mp-28542,-2.239124308833334,20
mp-555537,-2.6915894467241372,28
mp-555099,-2.258814115258621,32
mp-1221587,-1.387195036053639,45
mp-19028,-2.482099643815974,28
mp-1196866,-2.046664501928311,38
mp-560311,-2.892234818913793,20
mp-30947,-1.7015766634482752,28
mp-22135,-2.2757982845215983,26
mp-771204,-2.292454339164456,26
mp-766463,-2.6382217178414473,34
mp-733844,-2.360196787848449,34
mp-18165,-1.239122097376846,28
mp-17148,-1.160565190167024,28
mp-1194955,-2.371210424946121,32
mp-675237,-1.5575324864137912,10
mp-18411,-1.060587030167025,28
mp-1191727,-1.678372022636494,24
mp-1193700,-1.371419431777247,28
mp-707836,-0.46972669274999906,40
mp-24747,-0.418536120749999,40
mp-863011,-0.35860851170454405,44
mp-698032,-0.338394054659091,44
mp-17974,-0.23126353700000002,20
mp-1210506,-2.007595586413791,20
mp-29836,-2.239178432999999,20
mp-6017,-2.547104268577879,28
mp-22804,-1.975314243498552,40
mp-17349,-2.544070799319991,40
mp-542681,-0.191838028749998,24
mp-542680,-0.22486557416187802,24
mp-21622,-0.6001142727083331,48
mp-23503,-1.751821308999999,20
mp-1210420,-2.932756415,20
mp-21577,-0.529857329950396,48
mp-21547,-0.525662634374998,48
mp-1029569,-0.11589516402298801,24
mp-1210472,-2.814952371455938,48
mp-6760,-3.387306975265346,47
mp-1203724,-2.211008918617241,50
mp-1020164,-2.639629860135151,26
mp-1210400,-3.504474630507662,36
mp-557309,-2.196850389747126,20
mp-1210441,-1.999619794080456,20
mp-1210445,-2.239837143166666,20
mp-1173861,-3.112397419020115,40
mp-643658,-2.603280243311576,15
mp-768154,-2.527641944136984,26
mp-985626,-2.0315296425,12
mp-1210340,-1.7892043415086198,32
mp-19261,-2.3599898335932172,26
mp-18753,-2.561763619413791,10
mp-1029845,-0.5313333374137941,40
mp-1106352,-1.671910378499998,20
mp-541291,-0.531690018091132,28
mp-1194849,-2.323430885181992,36
mp-27247,-2.504653314579741,32
mp-561259,-3.172353439921629,44
mp-558805,-2.799580951455938,48
mp-1210255,-3.338320248510026,47
mp-971678,-1.783398434511494,24
mp-554649,-2.621251543,20
mp-1180577,-2.284571239198994,24
mp-1029595,-0.15474523485632202,24
mp-555476,-1.782777301385694,27
mp-1598,-0.46160422324404704,8
mp-674333,-2.518010732972598,16
mp-11738,-1.4930934389100972,16
mp-28782,-1.119841152347598,16
mp-542136,-2.195930683910098,16
mp-1078419,-0.907595616778273,8
mp-27478,-3.6072790283333322,12
mp-1246353,-0.34898123516379503,40
mp-28205,-2.14388567795977,27
mp-1198628,-1.71085392270474,32
mp-7956,-0.569552188749999,8
mp-556577,-1.924756273824451,44
mp-1210360,-2.271439127655618,44
mp-8076,-1.8518035402339872,28
mp-7404,-1.99851067864224,16
mp-1193673,-1.032834377276785,28
mp-10167,-0.9230619964062501,8
mp-1193265,-0.996177171383929,28
mp-8703,-0.8823437045312481,8
mp-1191513,-2.8108748677059383,24
mp-561018,-3.016048803331642,34
mp-16956,-3.072143810403324,40
mp-29417,-1.95806372541379,20
mp-1189516,-2.163718957499999,20
mp-4185,-3.505929072,20
mp-560937,-2.850484511419878,34
mp-768663,-2.283334479549071,26
mp-772986,-2.53759817102343,26
mp-17291,-0.8463417455911321,28
mp-2748208,-2.461441419411764,34
mp-673807,-2.605041213209939,34
mp-1201950,-2.195744226017241,50
mp-6775,-2.806260767366908,38
mp-41095,-0.8192449788826681,22
mp-10097,-0.813139928330721,22
mp-10096,-0.772180782291759,22
mp-1210275,-0.78601259833072,22
mp-1221219,-3.140773404173553,20
mp-17245,-3.317658471027778,24
mp-1210309,-2.010812340580457,20
mp-1210257,-3.256312467747123,20
mp-732175,-3.120741786039271,24
mp-29454,-1.336874567911876,24
mp-1210332,-2.006215940913791,20
mp-1210289,-2.242224645999999,20
mp-864913,-3.461805859583334,12
mp-34842,-2.73135845926724,16
mp-776557,-2.675392726653324,40
mp-755436,-2.28759552426724,16
mp-743949,-2.700920024392633,44
mp-1029565,-0.6226133119137921,40
mp-16839,-0.6036836980911311,28
mp-556039,-2.826943906039272,48
mp-1194479,-2.373256216821118,32
mp-1221246,-3.165751951165517,50
mp-31362,-2.2386238704999992,20
mp-753301,-1.257373889237748,19
mp-882363,-1.249281269919353,31
mp-559084,-2.595800224587705,46
mp-559286,-2.617374402413793,46
mp-23651,-2.562604692196403,46
mp-23147,-3.060228327196402,46
mp-1173717,-2.8438506594206903,50
mp-23145,-3.081129688500749,46
mp-39140,-2.957191427573635,48
mp-23655,-3.02832147197901,46
mp-27197,-2.007976421578251,26
mp-27564,-2.395543281259143,22
mp-23151,-3.00330622176162,23
mp-1221206,-0.6728775268652041,22
mp-1221207,-0.6782050303716961,22
mp-556413,-2.531273301606171,38
mp-28851,-1.040989785394666,48
mp-8752,-0.320845452114706,7
mp-18762,-1.464403423189655,16
mp-18884,-1.899031763390803,18
mp-1221197,-1.216632138044595,13
mp-1221196,-0.9646496454244031,13
mp-1221300,-0.615494934917152,22
mp-1221214,-0.6641994068652031,22
mp-1221229,-0.664112656735334,22
mp-19022,-1.625666475613027,18
mp-28773,-1.232112122319748,44
mp-23659,-2.659458528392054,46
mp-23656,-2.682350928174663,46
mp-40226,-2.624423672522488,46
mp-1221169,-1.065635216193632,13
mp-28355,-1.014689077021452,22
mp-28107,-0.720424225,22
mp-2970,-2.009036232279693,18
mp-643001,-0.35453526340909103,22
mp-14526,-2.680678868834153,42
mp-28591,-0.458930900493198,7
mp-22937,-1.469234532931035,7
mp-28698,-1.566374858390804,9
mp-558455,-2.4331572026039963,42
mp-1103730,-1.090674118044595,13
mp-1103351,-1.16533005342921,13
mp-1221187,-2.612890682354562,42
mp-18869,-1.87743784648903,22
mp-1201699,-2.7412039921745253,42
mp-29984,-2.013313437051724,40
mp-754019,-2.562992238926725,10
mp-20088,-1.601668832835247,18
mp-1200574,-1.830720174905582,42
mp-10419,-0.40465959225215503,16
mp-29871,-1.6840520935361,40
mp-1221146,-1.067774693813825,13
mp-7500,-2.381574120057471,18
mp-30931,-1.159282918043581,36
mp-1221151,-1.032798735039787,13
mp-27310,-2.687418471470587,34
mp-29626,-0.8848432061666661,30
mp-28261,-1.647477668189653,16
mp-9655,-1.859072594501915,18
mp-29628,-1.1419720379166671,18
mp-28768,-1.120886811099137,18
mp-28108,-0.8616289799999991,36
mp-1221154,-0.6641669559561131,22
mp-1221153,-0.8033550015367961,22
mp-1221156,-0.7771567826227791,22
mp-1221155,-0.758032094765636,22
mp-1221175,-3.125601366487357,50
mp-15391,-1.87339313071839,20
mp-560175,-2.393358206620689,50
mp-555678,-3.107293959151615,21
mp-559519,-2.301786870865662,32
mp-14726,-2.421669413205618,18
mp-555988,-2.228144332978057,44
mp-5327,-2.6799839610517253,10
mp-754829,-2.051262099501916,18
mp-19334,-2.135016239551723,20
mp-1210185,-2.093037366453202,21
mp-6150,-3.117013184310344,42
mp-1194446,-1.03734780407088,30
mp-1210225,-0.9514180099979641,30
mp-4752,-3.5173196765909083,44
mp-24822,-0.24550733465909003,44
mp-1080834,-0.530444247777778,9
mp-29198,-0.6052610313194451,36
mp-557836,-2.682991618659063,46
mp-760400,-1.6656732319905951,11
mp-757878,-1.450988827033045,48
mp-1210224,-1.699898647177466,29
mp-11147,-1.315347740488505,9
mp-1192543,-3.3194081639521062,30
mp-1192584,-3.326932682063217,30
mp-558924,-3.008649639063479,44
mp-1189202,-0.115840376799568,16
mp-1192390,-3.284080261729884,30
mp-16861,-0.52681698,36
mp-4172,-0.47921122015873,36
mp-730460,-1.906994970026939,48
mp-1189018,-3.6253580095,20
mp-541236,-0.5676883115996161,36
mp-1192403,-3.3219412910632142,30
mp-1210180,-1.6559164868247112,12
mp-29376,-1.221471250624999,20
mp-554395,-1.510024561864623,36
mp-5477,-2.228964725172415,22
mp-1192544,-2.790482906729885,30
mp-1192521,-3.268735353063219,30
mp-1095270,-2.448083608803877,12
mp-1029574,-0.17029625418965502,20
mp-20067,-1.7899567564080452,12
mp-1192433,-2.777117020952107,30
mp-1192370,-3.253769356285441,30
mp-8253,-2.053585158283046,12
mp-18139,-0.5586413491666681,36
mp-5929,-0.540155518492063,36
mp-1192338,-3.2895021653965513,30
mp-1077925,-0.24069721714285602,7
mp-5248,-0.40445705298850504,36
mp-18317,-0.49068822988095206,36
mp-1220796,-0.595311254717868,22
mp-1220783,-0.590230772315269,22
mp-1220774,-0.7652421794761891,22
mp-8957,-2.318986056293624,22
mp-1192492,-3.316587696952107,30
mp-18271,-2.9440710005741773,46
mp-31483,-0.254203639166667,36
mp-1192572,-3.332293287729886,30
mp-555272,-3.5798151235,20
mp-42298,-3.048477230850574,45
mp-28559,-2.547090591731034,25
mp-766470,-2.423801950172413,36
mp-982883,-0.19325359787158,29
mp-2763369,-0.982757931657609,23
mp-28022,-1.9852817192183911,15
mp-1173830,-0.39928060032758605,40
mp-1173850,-0.35158789322044204,40
mp-27752,-1.148486333051725,30
mp-18100,-1.056078252645473,30
mp-27125,-1.9537926802988501,15
mp-5055,-1.280418367793886,22
mp-14780,-1.248127843248431,22
mp-14782,-1.056823432225707,22
mp-560831,-0.963014449891284,29
mp-9007,-0.544517753809524,22
mp-557401,-1.560489725689655,24
mp-23657,-2.284168629904214,18
mp-16180,-2.087912511663287,17
mp-16961,-1.137090264978807,30
mp-1029656,-0.403504721206896,22
mp-7664,-1.5412070993887141,22
mp-8389,-1.242468616022726,22
mp-1024047,-1.175660502513715,22
mp-568866,-0.146929750919539,9
mp-763805,-2.182249405922213,43
mp-28267,-0.5148967314285721,28
mp-556168,-2.469318016369729,36
mp-707443,-2.3155021367385062,30
mp-541689,-1.119107745694445,36
mp-39823,-3.018920060021551,48
mp-2902906,-3.016353704255806,49
mp-41734,-3.019507004806913,49
mp-764233,-1.495229025735632,30
mp-541787,-0.165423600909091,44
mp-560597,-2.754670289576803,33
mp-3138,-0.43471648046419004,26
mp-9071,-0.6898967597435891,26
mp-1210285,-1.737603920577175,35
mp-1220845,-1.154814274059184,26
mp-1220844,-1.225757904828415,26
mp-542377,-0.24693344769230802,26
mp-1204232,-3.07768283874773,38
mp-559150,-2.69322296454791,31
mp-976072,-0.28883503875000105,4
mp-864806,-0.44296626062499905,4
mp-1186111,-0.39242686937499704,4
mp-865090,-0.37077214687499804,4
mp-30352,-0.078582578333334,6
mp-27303,-0.7057765477298831,12
mp-16992,-0.45348791052083,24
mp-7386,-1.873112819999999,12
mp-6983,-1.036896748515321,12
mp-754326,-1.003201455761493,4
mp-1189227,-0.947126742066501,20
mp-1210191,-2.305674947198275,12
mp-14395,-2.606811734234914,16
mp-34763,-0.1772358134375,32
mp-1210155,-1.674231769813218,24
mp-555048,-3.236002949597701,36
mp-23363,-1.8538959725000002,24
mp-7400,-0.26544648666666604,6
mp-644506,-2.180591954887931,20
mp-23704,-0.21267999916666602,12
mp-29395,-1.151658431479887,24
mp-9212,-2.929171832219827,16
mp-17060,-1.229169387343748,32
mp-27335,-0.152273453333332,6
mp-721988,-3.21218744587533,26
mp-1106381,-0.519339895624998,16
mp-1220871,-1.7944528919439642,40
mp-730154,-1.6402775654252881,30
mp-559786,-1.666794716364943,48
mp-1079088,-2.5508746503124993,8
mp-3468,-1.857372651282327,32
mp-17868,-1.8849056684425292,30
mp-5942,-0.707556392656249,16
mp-984519,-0.650343115781248,32
mp-1202202,-0.8951600239655181,36
mp-1198003,-1.644920875068964,40
mp-561190,-1.6471397396982752,24
mp-1052,-0.40535113999999806,6
mp-7388,-1.883067553333333,12
mp-997089,-1.107666330344827,4
mp-1204074,-0.8325306321264361,48
mp-29139,-0.6177059851562521,16
mp-1020658,-2.102164426712164,24
mp-2315,-0.07871145171875,32
mp-1202375,-2.400813502810254,48
mp-1238775,-0.12882825583333302,6
mp-3521,-3.138607858749999,12
mp-38725,-0.385753307916666,12
mp-3889,-2.607822887636494,24
mp-1194338,-3.045634597775861,30
mp-28614,-0.5153459865000001,10
mp-8075,-2.709880308567638,26
mp-9573,-0.37968383295977004,6
mp-22924,-0.381193682500001,2
mp-1210092,-1.997930923448276,12
mp-557498,-1.411561127931034,36
mp-1220821,-1.690264731137932,10
mp-1220820,-1.7679611221379412,10
mp-1220823,-1.5525021031379311,10
mp-27420,-2.290271666875,8
mp-22984,-1.715463051594827,8
mp-23054,-1.580260707275866,10
mp-1221125,-0.8714844376562491,4
mp-1221101,-0.8608535732812501,4
mp-1221102,-0.650204346250003,4
mp-1221124,-1.7304828316307481,32
mp-22916,-1.835072033189654,2
mp-1210052,-1.893018091896551,12
mp-23339,-0.9990614762758611,20
mp-546500,-1.205901649094827,4
mp-1120755,-1.7872486782758612,10
mp-1020683,-2.858141192521992,28
mp-1189407,-2.223389057637931,20
mp-23792,-3.103527938914332,32
mp-865051,-0.29801854250000304,4
mp-14563,-2.496500891943573,22
mp-6281,-2.569328564216301,22
mp-17944,-3.830305885338441,27
mp-1210199,-3.078918621856013,24
mp-961685,-1.0461259208333331,3
mp-1193109,-2.498950798411329,28
mp-1221129,-2.910027832590996,48
mp-560721,-3.283559422823276,48
mp-1180133,-0.654117088764367,9
mp-1221077,-3.119906189568965,40
mp-1204868,-2.569774191365236,42
mp-634418,-2.780008962203657,16
mp-19302,-2.7691338459113313,14
mp-865076,-0.23080864784482802,4
mp-1186122,-0.036280867844825,4
mp-1186127,-0.044948075344826005,4
mp-1078578,-0.18427322048491301,8
mp-7378,-0.35574505629310205,12
mp-2647077,-0.214850322126436,12
mp-4360,-2.660950373275862,10
mp-1173705,-2.458226465981116,38
mp-6684,-2.38876374228888,28
mp-13459,-0.370004999626434,12
mp-1210295,-2.50019209863793,20
mp-569618,-1.024768514972751,40
mp-684828,-2.246314680703066,45
mp-1186155,-0.40717934375000203,4
mp-1221073,-2.08512531390625,4
mp-999491,-1.864828621516701,4
mp-1221080,-3.396955705804598,10
mp-865089,-0.349408772499998,4
mp-22862,-2.03840117125,2
mp-22968,-1.004299429396551,12
mp-1173715,-1.7071303822294062,18
mp-505247,-1.6163848398275862,42
mp-21404,-2.596814546275862,20
mp-18921,-1.557503675344833,4
mp-1221116,-2.302038590992918,48
mp-562796,-2.34385401836031,28
mp-1205341,-2.064534601109915,32
mp-21213,-2.208124001137931,20
mp-1210128,-0.862416851566501,20
mp-1210195,-2.082985674698276,12
mp-19367,-2.893855338637935,20
mp-1221115,-2.611867941527586,50
mp-1221145,-2.619514370627586,50
mp-1105721,-1.628825907391443,18
mp-19280,-1.903775240531608,24
mp-17523,-3.066476791896551,24
mp-646192,-2.563722792984914,32
mp-578604,-2.255811479719828,4
mp-17142,-2.650525645060455,44
mp-5693,-1.192343681594826,4
mp-3332,-1.039510734016702,4
mp-554430,-1.008408598312808,28
mp-1221084,-1.57246645167385,18
mp-542185,-1.432031734693966,40
mp-17869,-2.3130719495,20
mp-7469,-1.226059258793103,12
mp-4541,-1.362515704094827,4
mp-1189612,-1.892037640484913,16
mp-1210069,-1.443457847690371,16
mp-40478,-3.147096488092998,44
mp-1210040,-2.374734739999999,12
mp-752672,-3.146016700761492,16
mp-999490,-2.134546867656251,4
mp-999488,-1.992658823281249,4
mp-865114,-0.318894631250003,4
mp-1221047,-2.5115786884482763,12
mp-12384,-1.202843379066501,20
mp-1210087,-1.445445563211206,16
mp-10476,-2.535232650114942,24
mp-29083,-2.371451195555556,12
mp-1210068,-2.9224848917816093,12
mp-674459,-4.005070588055555,12
mp-17487,-2.886538843768471,28
mp-5586,-3.185389837219826,16
mp-3613,-2.1339725022395832,4
mp-8584,-1.982204590364581,4
mp-865117,-0.20958111451149802,4
mp-1210114,-2.33348427553161,12
mp-1193394,-0.9112382161154131,28
mp-676909,-2.510327679412515,27
mp-1210237,-2.7207479163649433,12
mp-1221406,-3.529517034396552,18
mp-1519267,-3.007519069637931,10
mp-6272,-2.942191504378638,44
mp-1007910,-1.7498752726562499,4
mp-866047,-0.35790654124999505,4
mp-682,-2.960572454999999,2
mp-22614,-2.045677166637932,20
mp-1102092,-1.951292639489942,48
mp-880385,-1.545775797106681,40
mp-561519,-1.422741652172234,24
mp-21867,-2.729421948637932,40
mp-1221050,-1.777527178618295,18
mp-1287635,-2.284492311208214,28
mp-1210072,-2.723446277029177,26
mp-604429,-1.673020333226126,26
mp-22152,-0.26860993295977004,6
mp-1210021,-2.053221859859913,32
mp-1210192,-1.224606854813217,24
mp-27514,-1.530814481896551,24
mp-1078217,-2.737641432275862,10
mp-18455,-2.789319680646551,24
mp-19359,-1.797874432844827,4
mp-1199438,-2.608901690472086,48
mp-752506,-2.503152353242273,22
mp-19226,-2.411247884074594,28
mp-1105952,-2.161015427672414,32
mp-1210086,-2.037933520323275,12
mp-1202879,-1.664068957356681,40
mp-29462,-0.7033188919125141,36
mp-454,-0.138768106275861,5
mp-28679,-1.477205961479884,24
mp-1190761,-1.790796196479886,24
mp-23918,-0.20913664814655103,12
mp-3338,-2.216683605344827,16
mp-560632,-2.710485432220855,42
mp-1094098,-0.79603450055316,8
mp-40451,-3.122880093774817,44
mp-28156,-2.353419613333334,12
mp-1210079,-2.902056730948276,12
mp-1221034,-3.948421923333332,18
mp-18547,-2.83483895091133,28
mp-559407,-2.263647988925287,45
mp-5088,-3.074661041594829,8
mp-8260,-2.086529238906248,4
mp-999489,-1.959023429531249,4
mp-18515,-3.2877214291256163,28
mp-29657,-0.21452557437499903,32
mp-542919,-2.477459963628215,36
mp-14433,-0.383335662729884,12
mp-558862,-2.283527078765393,40
mp-9249,-0.34725840166666905,6
mp-13674,-0.266376418249996,40
mp-23870,-0.292902834375,2
mp-23850,-0.43090218031250005,16
mp-643273,-0.19365995124999802,6
mp-1220990,-1.384875349568067,24
mp-24193,-1.43767437564655,48
mp-1210160,-1.1074046907586461,30
mp-625378,-1.345022534508621,30
mp-696396,-1.849653167521553,24
mp-27837,-2.467991820657327,4
mp-626000,-1.544601617543103,6
mp-634657,-0.810359105520833,6
mp-634378,-1.901192622518472,28
mp-1220837,-1.537760866662176,48
mp-1220802,-1.45566417999615,14
mp-40161,-3.250018321128214,36
mp-571189,-1.412716987010894,18
mp-554121,-3.8249189550919542,15
mp-505448,-1.285682784318427,24
mp-1220764,-3.548478344839901,28
mp-255,-0.27093699875000204,8
mp-11466,-0.264172991666669,3
mp-23110,-0.9971919618965531,18
mp-1186152,-0.21274267937500402,8
mp-8153,-2.107504529788881,14
mp-865097,-0.169706213469829,4
mp-1209969,-1.444022922273704,16
mp-1220852,-3.6903508144376023,42
mp-1209968,-2.3680666458333333,12
mp-675798,-4.000236969166667,12
mp-18334,-2.878158338768471,28
mp-755617,-3.163776783469826,16
mp-5694,-2.13508399015625,4
mp-999474,-1.9887348307812511,4
mp-865096,-0.30849006374999904,4
mp-23268,-1.450042413189654,2
mp-554948,-1.818324551896552,12
mp-559065,-1.016346651781611,24
mp-22989,-1.318583879275863,20
mp-20628,-0.249961279999999,4
mp-1105143,-2.124901188804586,20
mp-1196607,-1.137425989891443,36
mp-6333,-2.797347585304598,20
mp-20678,-2.180769027337163,24
mp-21352,-0.280138357428159,8
mp-976589,-0.155755889999998,4
mp-559710,-1.8917349082314452,44
mp-865100,-0.21082085125000202,4
mp-28570,-1.032746076340995,24
mp-5175,-1.978897959511493,4
mp-6290,-2.580874244984698,44
mp-20289,-1.090385381406248,4
mp-22473,-1.009197114531248,4
mp-1220784,-0.21426040749999903,16
mp-22483,-0.7743100253448261,8
mp-1079568,-1.4718721862758621,10
mp-559868,-2.561858840137931,20
mp-557840,-2.541620686364942,24
mp-559903,-2.182082805356657,40
mp-11914,-2.701588549637931,20
mp-12337,-2.811734130637931,20
mp-6389,-2.79218781713793,20
mp-13019,-3.504750970871265,20
mp-569905,-1.595325267568966,20
mp-1220900,-3.175751434913793,42
mp-1210066,-1.09210178638752,14
mp-865098,-0.619128131594826,4
mp-1209963,-1.073395066149425,14
mp-1105823,-2.569487316137931,20
mp-557508,-2.29281760325862,45
mp-865099,-0.46799341250000703,4
mp-9239,-2.6082844158045972,20
mp-1173567,-2.892416510137931,20
mp-22748,-2.682671373931033,20
mp-755586,-3.035822470344827,8
mp-675230,-2.12479554765625,8
mp-999472,-1.978805695266703,4
mp-9066,-2.199363304443247,16
mp-1020646,-2.736737692964168,28
mp-865101,-0.602806837083335,4
mp-558045,-2.683879766898603,32
mp-5077,-0.7055747683333331,4
mp-505381,-0.557440299461206,16
mp-1220967,-1.187264301942528,5
mp-1209986,-4.029100699142719,24
mp-1210003,-4.022063373726053,24
mp-1196828,-2.964318382983944,36
mp-760044,-2.334686539773878,24
mp-1200250,-2.5057780352061663,36
mp-8452,-1.36703557407088,6
mp-28603,-1.371980806076387,12
mp-8754,-1.129250698793103,12
mp-1210006,-4.039499500809388,24
mp-1220972,-1.267659303942527,5
mp-6533,-1.446170874252872,16
mp-29001,-2.369259266527777,24
mp-6712,-2.903238962220854,28
mp-755311,-3.240658954511494,4
mp-561535,-3.129575432484698,44
mp-9035,-2.132746850572916,4
mp-1210333,-2.237654484382185,36
mp-555794,-2.5862577903987063,32
mp-1195665,-2.714224203467042,42
mp-1173560,-3.214747376068965,40
mp-17771,-2.410298954193965,40
mp-541220,-2.711823919568965,40
mp-5962,-0.7864752741666661,6
mp-2955,-3.5070236325,20
mp-1173576,-2.114986096604406,36
mp-23730,-0.29704166152586103,20
mp-2223065,-1.566670387137931,10
mp-865107,-0.11102062409482501,4
mp-864766,-2.595141264859913,16
mp-7090,-0.5565706387931041,6
mp-865110,-0.083778493261496,4
mp-2901609,-1.89983175949952,18
mp-542710,-1.978162147820196,28
mp-1197081,-2.6104455039454013,40
mp-1210177,-2.379142602788381,40
mp-24586,-2.3997990924571893,42
mp-1210122,-1.9682708627801722,40
mp-1003638,-1.876281424993103,50
mp-17876,-2.022084184901477,28
mp-18641,-3.049081169923372,27
mp-1179864,-0.5926786942983711,9
mp-560242,-2.964065348862068,20
mp-554517,-2.905333789885058,12
mp-1209999,-2.858278394367815,27
mp-1205831,-1.426030546034483,9
mp-18957,-2.025652015452586,4
mp-775855,-2.572038827350458,28
mp-1193468,-2.308823436687192,28
mp-1220983,-2.539094975235749,21
mp-1210358,-1.9853730473491231,48
mp-504778,-2.80708427125,8
mp-578610,-1.888169442844827,4
mp-1209982,-2.283062166896552,12
mp-18435,-2.56320403869682,44
mp-570538,-0.16696232156250002,4
mp-2767672,-0.994613893,40
mp-4531,-1.363196969275862,20
mp-6181,-0.9970451157974121,16
mp-555305,-3.151360197313218,24
mp-672212,-3.016015173752752,47
mp-560032,-2.5742503603232763,48
mp-560016,-2.903408520501847,48
mp-559336,-2.233152925543582,48
mp-623854,-2.9586486913649424,24
mp-1221019,-2.42387236290638,28
mp-1210152,-2.62148760005747,48
mp-28178,-1.5466882959375,32
mp-1221032,-2.67102693918377,36
mp-3744,-2.522986689094827,8
mp-4514,-2.844822765275861,10
mp-7937,-1.453704387844829,8
mp-1210002,-1.007745682047413,16
mp-7939,-1.184083910781248,8
mp-1190450,-1.9789484219151632,22
mp-1210138,-2.523357108387931,20
mp-1220980,-2.50792963740661,12
mp-6455,-2.519789294906608,24
mp-22329,-2.74630087513793,20
mp-1221045,-3.111595416639984,42
mp-1221031,-3.6331015899733172,42
mp-1210062,-2.48992279138793,20
mp-1220999,-3.9721478168055553,18
mp-1189143,-2.548066084387931,20
mp-560799,-2.2730853972030642,45
mp-865115,-0.442352603125002,4
mp-1210016,-2.86962836088793,20
mp-20156,-2.657176452181033,20
mp-8128,-2.9878878134698272,8
mp-999470,-2.069895253281249,4
mp-999471,-1.964508348906246,4
mp-1221038,-1.702785024451627,18
mp-1221027,-1.3633158227675999,36
mp-1220997,-1.704141288062739,18
mp-558835,-1.750389314839901,28
mp-561480,-2.557812885499999,20
mp-1194067,-1.729529383491379,28
mp-545399,-1.035657982931034,9
mp-1029466,-0.08970688629310301,12
mp-19149,-1.333131863469827,4
mp-776388,-2.305945144074595,28
mp-27740,-3.8701524929166693,48
mp-608031,-2.647696009391165,16
mp-1545216,-0.9077286621264361,12
mp-1105218,-1.6505508657758612,20
mp-7440,-0.49986311961309404,16
mp-1194653,-0.096047332790178,32
mp-690977,-2.373474719015393,40
mp-1220996,-2.268163073330987,21
mp-29598,-0.66558703499588,24
mp-10474,-2.9074881047470242,8
mp-632684,-1.700954147752463,18
mp-10572,-0.807427201505542,8
mp-864891,-2.645570333871101,30
mp-559446,-0.850158281574594,14
mp-1189520,-0.8659379022044321,20
mp-865120,-3.440691451275864,5
mp-30792,-0.269950954999998,32
mp-1188623,-1.3759591956379391,20
mp-20555,-0.16921172749999802,4
mp-13285,-1.076333452047413,16
mp-862942,-0.664422989374998,4
mp-862943,-0.43969810562499806,4
mp-862945,-1.313305866875001,4
mp-862949,-0.358777494375004,4
mp-1210097,-2.521746830304598,20
mp-560898,-1.970231690644456,24
mp-11913,-2.621027141971264,20
mp-542512,-2.711197672471264,20
mp-560673,-2.99504651373204,32
mp-1202169,-2.792993245065683,42
mp-1221029,-3.096936838009032,42
mp-1221010,-3.5035132259852233,42
mp-1220948,-3.954448028611111,18
mp-865119,-0.44250345166666705,4
mp-8470,-2.950143315761493,8
mp-1220912,-2.051143069322915,4
mp-999461,-1.952799964947917,4
mp-11151,-1.589055779791667,16
mp-2271,-0.46128716666666403,6
mp-28987,-0.685094324947916,24
mp-20285,-1.072463333297405,16
mp-976952,-2.82845516902586,5
mp-5558,-2.266176710646551,12
mp-1210084,-1.7557131788649412,12
mp-8830,-1.4591744428448281,4
mp-1029313,-0.072202157126437,6
mp-2400,-1.00427061140625,8
mp-12180,-0.705851476458332,24
mp-1220908,-2.187399852313218,12
mp-7944,-0.448723322499999,16
mp-27573,-2.751694213669951,28
mp-2741573,-1.598313899407894,38
mp-766341,-1.874251533756805,38
mp-28177,-1.104572068749998,16
mp-2213280,-2.693740433333333,24
mp-29269,-2.829796081479885,24
mp-5955,-2.862884680172413,8
mp-4482,-2.056832527275863,10
mp-5414,-0.795515903906251,8
mp-1220879,-0.727243492031249,4
mp-1220883,-0.6497960136781591,4
mp-866649,-0.389034120592998,44
mp-8054,-2.636928682137931,20
mp-1194561,-2.143505252606681,40
mp-7074,-3.317827060137931,20
mp-1210161,-2.5996205834482753,24
mp-550925,-2.357954287852664,11
mp-555447,-3.094573522745849,36
mp-29432,-2.244927959166666,24
mp-7914,-3.190776871594827,4
mp-1200860,-3.062016326651366,44
mp-999460,-2.00244756515625,4
mp-1205541,-3.149326909304599,10
mp-15668,-1.000117890781251,8
mp-15514,-0.6857838314583321,24
mp-2402,-0.069361268125,16
mp-8973,-1.2553983302083331,12
mp-4276,-0.635122020833333,12
mp-13673,-0.304091855999996,40
mp-1210126,-2.521353930137932,20
mp-561232,-1.214929223066501,40
mp-1220865,-2.012342916197916,6
mp-40685,-3.118503749229363,44
mp-1220974,-3.534186879318555,42
mp-865111,-0.589452589094826,4
mp-1209940,-2.907717778864942,12
mp-1220915,-3.9918334588888893,18
mp-555904,-2.829869232339901,28
mp-754027,-3.045306601594827,8
mp-999455,-2.056927842844827,4
mp-999450,-1.976580612031249,4
mp-559160,-2.074237839869706,44
mp-999447,-1.589257677500001,4
mp-11051,-0.265617810625,32
mp-583168,-0.188916883333334,24
mp-6525,-2.529182972794856,36
mp-28947,-1.311803290625,32
mp-1220866,-0.481674831666666,6
mp-6226,-2.347269966765393,40
mp-11253,-0.39885512249999905,12
mp-12433,-0.19462483379310302,6
mp-29529,-0.38346825099206205,6
mp-952566,-0.29042417712643603,6
mp-1020657,-2.870435700736278,28
mp-1220888,-0.45901919175862005,15
mp-620652,-0.8785268332582681,28
mp-1106050,-2.21836309013794,20
mp-1205676,-2.334082770137931,10
mp-865128,-0.24754549249999802,4
mp-555812,-2.49956531830721,22
mp-1204493,-3.3572514793003743,42
mp-6662,-2.4649874742163,22
mp-6361,-3.059406635125391,22
mp-6233,-2.536848641943573,22
mp-10461,-2.734771699216301,22
mp-13042,-3.16318817761024,22
mp-10811,-1.218603542777094,14
mp-1221018,-0.472206780655172,25
mp-9775,-1.054213939722223,9
mp-556695,-2.881395506757662,24
mp-17259,-3.460536837375479,36
mp-556802,-3.287027767097701,36
mp-1210031,-3.431438998208811,36
mp-1220869,-3.031476777137931,10
mp-13275,-0.963640314880952,9
mp-1210115,-3.020019666931738,28
mp-1210039,-3.533828349597701,36
mp-1220959,-3.020694886977913,39
mp-28179,-1.928379467651579,32
mp-6066,-2.72766144233908,16
mp-5475,-1.139296941208332,4
mp-3858,-3.062992296242529,20
mp-1209956,-1.443742751752872,16
mp-1193942,-3.333183514804591,30
mp-1209961,-2.380106362500001,12
mp-16927,-2.866214607935139,28
mp-555494,-2.6879429475977,20
mp-6964,-3.126936168261493,8
mp-999126,-2.131943001406249,4
mp-999127,-1.931277130683368,4
mp-1186177,-0.22945600367816701,4
mp-1202184,-0.832518718062613,38
mp-977176,-1.972065040275862,5
mp-28478,-0.47606470229166803,48
mp-9264,-0.6205229249999981,6
mp-29355,-2.512249105714286,28
mp-633158,-1.5307509293697321,15
mp-1220958,-3.336144477239326,36
mp-3269,-4.21724276625,24
mp-1200852,-2.355089988641444,36
mp-6761,-3.020120663165252,36
mp-560591,-3.363461813402314,40
mp-29356,-3.136928827577995,28
mp-1201259,-2.523824578089081,32
mp-1180119,-0.8910411104541831,9
mp-505171,-1.297852007868777,24
mp-27264,-3.448850022452101,24
mp-7942,-1.591594999928161,4
mp-28566,-1.172793048181273,48
mp-1564,-0.166129025,4
mp-865127,-0.063544542011498,4
mp-989561,-2.650154488554599,10
mp-1186185,-0.12559295749999602,4
mp-989533,-2.581778101471266,10
mp-555970,-2.556509695804598,10
mp-14037,-2.211141618804599,10
mp-1186189,-0.09725801750000301,4
mp-1206562,-2.195089750000002,10
mp-1220867,-1.1694468649042151,6
mp-3056,-1.417691698678162,4
mp-865126,-0.21045003,4
mp-1209959,-1.447312311336207,16
mp-1209998,-2.3740253675,12
mp-18629,-2.895737338054187,28
mp-754796,-3.213913110344829,16
mp-9076,-2.13906569640625,4
mp-866128,-0.289321427499999,4
mp-1220937,-3.899393981666669,24
mp-557744,-3.153883217568246,32
mp-1205997,-3.667918308124999,8
mp-5788,-3.287362495775843,20
mp-1202065,-2.926880280431033,36
mp-558048,-2.2618929796379312,40
mp-18953,-2.696898790229884,12
mp-554124,-2.140325395739943,48
mp-19287,-2.944825122887931,40
mp-1220913,-2.085931198211207,16
mp-557634,-2.673949151068835,38
mp-1221016,-2.111837853568964,40
mp-752972,-2.340779273448275,24
mp-17507,-2.158210942359914,32
mp-19449,-2.121421460911329,14
mp-1120756,-3.017998288,20
mp-17999,-3.197186895833333,24
mp-1120731,-2.9721625540625,32
mp-1195646,-2.39372904513793,40
mp-1029711,-0.8197186456249981,16
mp-19391,-2.340843991594829,4
mp-19083,-2.375747678275863,20
mp-752810,-2.710645244605911,44
mp-19291,-2.63002029169027,32
mp-18897,-2.047819281630747,32
mp-1209918,-1.432412736961206,16
mp-559053,-2.179030475856692,40
mp-558160,-3.089105007359913,32
mp-1209960,-2.371705340833333,12
mp-1220768,-4.001291743333334,18
mp-17394,-2.8548585309113292,28
mp-1105401,-2.673562475431033,20
mp-30980,-3.115740750969827,16
mp-10226,-2.13529353640625,4
mp-999448,-1.99745390453125,4
mp-17891,-3.3462597766256152,28
mp-1186196,-0.31741834749999503,4
mp-1209950,-1.3058428709375,16
mp-3216573,-2.3738343650000022,12
mp-1220684,-4.023917340833333,6
mp-752924,-3.191410233124999,4
mp-1186201,-0.31875638374999904,4
mp-4494,-2.139647165156249,4
mp-10988,-1.978306370781251,4
mp-950,-0.08099031928571401,28
mp-24001,-2.354977655136786,28
mp-1078703,-0.254133585484914,8
mp-13097,-0.414957609626436,6
mp-3795,-2.755012105000001,20
mp-1029357,-0.10319440545977,6
mp-4824,-0.518619665992063,6
mp-558237,-2.487791209788881,28
mp-4247,-0.40256350166666705,6
mp-699219,-2.337114669391163,32
mp-553912,-2.502631145771073,36
mp-6475,-3.167063734183772,36
mp-22091,-3.58211852175862,15
mp-559126,-3.467506669091953,15
mp-22242,-3.6377325630919533,15
mp-561353,-3.720106141620689,15
mp-554702,-3.577501869758632,15
mp-16291,-3.384749659091953,15
mp-558441,-3.727254019091953,15
mp-15141,-3.63565080175862,15
mp-9107,-1.436033395646551,12
mp-505172,-1.287678903901759,24
mp-505173,-0.9321553306465521,24
mp-75,0.0,1
mp-1220743,-0.307518460781249,16
mp-559923,-0.8029797624350751,44
mp-1079487,-1.263273574999999,10
mp-27362,-1.4579086689999992,10
mp-27361,-1.054774129624999,10
mp-1205627,-0.9117613619375001,10
mp-1220689,-0.187929937499999,7
mp-1220750,-0.5342615473529401,17
mp-676330,-2.063243858809524,42
mp-1220786,-0.6805648020689681,29
mp-1192832,-0.24490584844828,29
mp-1210179,-0.317679833965515,29
mp-540332,-2.848373201113443,34
mp-1220696,-1.1589505788095211,7
mp-18427,-0.345805192333333,30
mp-1220700,-0.6278039591666691,12
mp-996162,-0.5044639887500001,8
mp-9989,-0.6155329043749991,8
mp-1206490,-0.676961169999998,10
mp-1080021,-0.771060937500001,10
mp-569989,-0.536157559999999,12
mp-781861,-2.71249014527778,36
mp-15842,-0.6324658705952371,21
mp-10366,-0.428580233333332,12
mp-504552,-2.668490155833343,36
mp-29645,-0.39271961000000005,22
mp-466,-2.89589557238095,21
mp-22366,-2.7408470850000013,36
mp-1079546,-0.562376906249998,8
mp-1078811,-0.508796433749999,8
mp-29073,-0.7205927830952371,28
mp-541093,-2.51551965075,40
mp-19835,-0.482538293749999,8
mp-1186205,-0.29208458000000004,4
mp-1186206,-0.251421208749999,4
mp-1079585,-0.982903795138886,9
mp-22198,-2.659272506666665,36
mp-1103656,-3.059719897857142,14
mp-9987,-0.7478132086607141,8
mp-1199265,-1.891284144538043,46
mp-1220678,-0.22931499666666802,3
mp-504898,-0.71586397403846,26
mp-1106085,-1.1769685509375,16
mp-1080466,-1.123888893888889,9
mp-1192954,-0.516182265666672,30
mp-1186207,-0.26452745187500404,4
mp-1186208,-0.36162336312500104,4
mp-27793,-0.598921481354165,12
mp-29193,-1.865832660230264,38
mp-541106,-0.581150554232953,22
mp-29072,-0.737800462023804,28
mp-5443,-0.44208211499999805,8
mp-3324,-2.7461501200000322,18
mp-1220634,-0.13931120999999702,3
mp-1186210,-0.307466377499999,4
mp-27322,-2.1725177253125,32
mp-28745,-0.7073724358333341,36
mp-17803,-0.8672512082843151,34
mp-638104,-0.790314802300858,34
mp-560847,-0.9525312509268711,28
mp-17177,-2.7647865047222213,36
mp-28868,-1.174327239545456,22
mp-1210153,-0.35058072603448004,29
mp-1220648,-1.096684265416665,12
mp-1220763,-2.913388890231092,34
mp-1190604,-0.45651867708333405,24
mp-1191953,-0.767175983541664,24
mp-996161,-0.5207483058333651,12
mp-504425,-0.417017440624999,32
mp-2123,-0.185682601999997,5
mp-20689,-0.672687687000001,10
mp-1189385,-0.447888419333334,20
mp-10255,-0.789740828571429,7
mp-568014,-0.030583905,8
mp-27771,-1.3176006222727281,22
mp-29924,-2.080388020250001,40
mp-27880,-1.41899573675,40
mp-29950,-1.45420768090909,22
mp-29698,-2.906766186590912,44
mp-771766,-2.709301038760503,34
mp-4212,-0.579429086369048,28
mp-7116,-1.2897839994999991,20
mp-774426,-2.828710963466386,34
mp-1189260,-1.382076497499998,20
mp-985289,-1.110857910406248,20
mp-859878,-2.78148468170168,34
mp-22613,-1.305383390999996,20
mp-11393,-0.45153545299999903,10
mp-867739,-1.283144029499999,20
mp-27772,-0.797843850000002,22
mp-22060,-0.0492185075,8
mp-1210229,-1.5429115623809522,28
mp-2752758,-1.294496106607141,28
mp-1458,-0.40266292874999904,8
mp-1173526,-1.281268931499998,20
mp-1932,-0.28167148750000204,8
mp-1220934,-0.27797220366666503,30
mp-505528,-0.6365586055357141,32
mp-777849,-2.780659837289916,34
mp-21852,-1.354385279999999,20
mp-2663,-0.43295823249999904,8
mp-1545,-0.254731762499998,8
mp-977434,-0.208804326249999,4
mp-12627,-1.386860086428572,14
mp-32983,-1.420107923749999,32
mp-29057,-1.385101700227271,11
mp-541158,-0.9132827831818171,44
mp-2053,-0.34550683750000005,8
mp-569571,-0.644887052833331,20
mp-561,-0.9978607266071431,14
mp-540615,-1.119994935520835,30
mp-1326,-0.219882704999999,8
mp-1220590,-0.27905804774999804,10
mp-557640,-1.3292809845,20
mp-28968,-0.726494643214278,14
mp-7564,-0.702980005238097,14
mp-28938,-1.6297341551515152,22
mp-29689,-0.8227981574242461,22
mp-541709,-1.259257072619048,28
mp-1210200,-1.610742827976195,28
mp-850405,-2.846515167289915,34
mp-15958,-1.461424902999999,20
mp-1105840,-1.080870066937501,20
mp-722294,-0.5546957646428541,28
mp-624253,-0.995227237269736,19
mp-984586,-0.647692016999999,30
mp-1094100,-1.313454820384617,26
mp-1193368,-1.080015147596153,26
mp-5306,-1.3976660511538461,26
mp-1192618,-0.576473713,30
mp-1193686,-1.323789466923077,26
mp-1193638,-1.078659874134613,26
mp-1198610,-0.622924237962962,36
mp-1220559,-1.15771734158333,15
mp-864841,-0.34014722321428603,28
mp-1192540,-1.306363850384643,26
mp-1193543,-1.084053125288462,26
mp-1173546,-2.644328347249985,40
mp-1193423,-0.606636582999999,30
mp-1232409,-0.8089012835185211,36
mp-1194374,-1.448890523846156,26
mp-1209978,-1.068388808269232,26
mp-13967,-0.5321200861538451,13
mp-10430,-0.848276335274726,13
mp-1102394,-0.7981935177272721,11
mp-17230,-0.308594486874998,16
mp-1188215,-0.47997818875000103,16
mp-1105818,-0.5639284860185201,18
mp-7234,-1.178245385227272,22
mp-274,-0.360485693333332,9
mp-13686,-0.7232154362499971,16
mp-1106165,-0.7184000769444411,18
mp-1209930,-0.697662275624999,16
mp-7557,-0.38310227500000205,16
mp-30797,-0.5491252340740751,9
mp-2760,-0.617065229090909,11
mp-541938,-0.517709478965516,29
mp-542995,-0.41841044379310205,29
mp-1210167,-0.7960420837500001,34
mp-1220409,-0.216729242499997,8
mp-654051,-0.8079748401562491,32
mp-3640,-0.576883083793095,29
mp-1192223,-0.182846895909092,22
mp-1220483,-1.299202142888888,15
mp-1220550,-0.32366479535714204,28
mp-1104372,-0.137137538461539,13
mp-1191941,-0.602181408730158,21
mp-29981,-0.6846823819999991,15
mp-1104334,-0.16124281230769202,13
mp-1104237,-0.20618270538461503,13
mp-18254,-0.858972528961039,22
mp-1192941,-0.8733681376293131,29
mp-1220464,-0.505990048,15
mp-1220584,-2.906015046071429,35
mp-1220604,-3.015417046846941,35
mp-1220574,-1.092800468248105,44
mp-774246,-2.970839276999999,35
mp-997394,-2.719586547499998,16
mp-1220476,-0.40934338416666505,12
mp-1842,-0.49387702249999904,4
mp-1105368,-1.407833382499999,20
mp-5149,-0.4162606125,4
mp-865280,-0.375754104999999,4
mp-27927,-3.226094881666666,12
mp-865278,-0.555932304999998,4
mp-11537,-0.7234191700000031,4
mp-1220408,-0.314987010833333,12
mp-2059,-0.670993056250001,4
mp-7598,-0.5190902916666661,6
mp-570225,-1.3910969895089291,32
mp-1606,-0.16714933,3
mp-2580,-0.8092043887500001,4
mp-450,-0.7052428549999991,3
mp-1220349,-0.594240778749998,4
mp-8615,-2.954805746527777,12
mp-23413,-2.521130047083335,24
mp-550070,-1.975614217499999,8
mp-1220556,-1.8194817360000002,20
mp-1080428,-1.3263213040000061,10
mp-28601,-1.318179669791667,48
mp-1025567,-2.235416225,8
mp-556422,-2.129658726,20
mp-31040,-1.412415387999999,10
mp-707060,-1.755446331249999,24
mp-23307,-1.370875040972222,36
mp-649253,-2.149215507749999,40
mp-977426,-0.14050499624999901,8
mp-1101967,-0.508025800833332,12
mp-1101795,-0.46100000749999903,12
mp-21449,-0.8737311157142831,12
mp-1095573,-0.698922449166666,12
mp-1094088,-0.313250008333332,3
mp-571471,-0.582735417708335,16
mp-20144,-0.7140095548809531,12
mp-28019,-0.9210043895312481,14
mp-1220452,-0.802290943710937,8
mp-5621,-0.847748116249999,8
mp-4043,-0.596006779531249,8
mp-991676,-0.502529962083333,8
mp-18687,-3.158893295833332,24
mp-1221111,-0.10820271807692201,26
mp-1077790,-0.134793979999998,6
mp-1080817,-0.53995210861111,9
mp-1190207,-0.342487292777777,18
mp-31761,-2.493895478333327,12
mp-1102980,-0.8758192815476181,12
mp-9437,-0.402070886666668,3
mp-1209887,-0.5810027158333331,12
mp-1196167,-0.5581756508333341,48
mp-1973,-0.35195045499999905,4
mp-4364,-0.31061607437499905,4
mp-977410,-0.257838301874999,4
mp-7601,-2.7242927654166653,12
mp-1186222,-0.305063247500001,4
mp-977401,-0.5585245000000001,4
mp-363,-0.34335923555555703,9
mp-22287,-0.529375719999989,12
mp-1103346,-0.5291830574999971,12
mp-1102532,-0.6084161908333311,12
mp-864669,-0.267934366250008,4
mp-1018811,-0.39542700500000005,6
mp-1206371,-0.187487919374998,4
mp-24154,-0.24444091916666602,3
mp-28357,-2.208588492250001,10
mp-549720,-1.621874311250001,8
mp-546285,-1.405361576999995,10
mp-570044,-0.7669249155000041,20
mp-569578,-0.747135397500001,12
mp-557685,-2.356103289375,16
mp-9595,-2.623428141944451,12
mp-864788,-0.3430913525,4
mp-1018022,-1.114172520416666,4
mp-1359,-0.519617979999999,4
mp-1186231,-0.6120998912500021,8
mp-1220327,-0.06864435499999601,2
mp-1220430,-2.5354964399999993,6
mp-2634,-1.246791244375,2
mp-7596,-1.975965141666666,12
mp-21600,-2.2966882569166662,40
mp-1451,-0.29261873875,8
mp-1220426,-0.19613641374999902,8
mp-1103243,-0.52294529,12
mp-504835,-0.48393209124999903,16
mp-1188857,-0.6160427914583321,16
mp-1101995,-0.495193012500002,12
mp-20932,-0.838649183214285,12
mp-20948,-0.729331512321427,16
mp-20506,-0.655144613958333,16
mp-8999,-0.637684144761905,14
mp-2311,-2.287660930833333,6
mp-557057,-2.897628194166666,24
mp-752467,-3.16759997625,8
mp-760762,-3.292822406999999,20
mp-9339,-0.988663269821428,4
mp-1077116,-0.674521791428572,6
mp-570531,-1.3546892799553572,32
mp-27787,-1.455367174136904,24
mp-560255,-1.693530362694805,44
mp-556918,-2.9297376160204083,28
mp-1101948,-0.8758640440476151,12
mp-1103310,-0.837598490714286,12
mp-1193560,-1.853369136763392,28
mp-19746,-1.129671128749999,8
mp-1018151,-0.41856971999999804,3
mp-669692,-0.423255606666662,24
mp-999376,-0.6641852299999941,4
mp-11514,-0.748979196666667,3
mp-12700,-0.707492294375001,16
mp-1220322,-0.17806737624999802,2
mp-1189470,-0.48761119083333204,18
mp-1963,-0.40131706999999905,4
mp-1191559,-0.508364368750001,24
mp-10033,-1.348540539999998,6
mp-1190583,-1.14945814645833,24
mp-2762805,-1.0040760134375,12
mp-1969,-0.314983543333336,6
mp-27472,-2.979953557083334,24
mp-3491,-2.523132912916659,24
mp-505297,-0.515632994999999,3
mp-2207,-0.9834434577083321,6
mp-525,-0.763964880130207,24
mp-23498,-1.26132560496875,20
mp-570270,-1.245848912812499,20
mp-27313,-2.542818262642045,44
mp-2012385,-0.8922392696874981,12
mp-2355707,-1.021775166614582,12
mp-541817,-0.852683505468748,20
mp-17921,-2.7375820584843753,40
mp-12104,-0.518684867777775,9
mp-21907,-0.565262574166666,6
mp-21248,-0.8592984466666651,12
mp-1102658,-0.6977930133333321,12
mp-22722,-0.705714658333332,12
mp-10469,-0.855165805833337,12
mp-10470,-0.8408476541666641,12
mp-1188541,-0.6423653477777781,18
mp-864672,-0.45637836874999804,4
mp-1046,-0.117157088333333,12
mp-1220683,-2.737790518478259,46
mp-1186233,-0.260648565000003,4
mp-9586,-1.108423768749999,8
mp-1220323,-0.147844295000002,2
mp-977409,-0.25930779875000104,4
mp-1186232,-0.20789863000000203,4
mp-11675,-0.7424392444444451,9
mp-505088,-0.683159817777778,48
mp-505164,-0.6850153948611071,24
mp-28038,-1.175170097333334,20
mp-540924,-0.7703017873333311,20
mp-559057,-2.685720872166668,40
mp-1091384,-0.8975212812500041,8
mp-1025396,-0.820762987421878,8
mp-551826,-1.6370067669047632,7
mp-1209881,-1.650651436041667,16
mp-757636,-2.453145602916668,40
mp-1220473,-2.055976245555556,18
mp-1194961,-2.430259835277778,48
mp-1220301,-2.375812148148149,18
mp-1220599,-0.173072566666666,12
mp-753993,-2.715484263571429,28
mp-1102537,-0.8838961590476181,12
mp-1220316,-0.016963384999996,2
mp-640041,-0.046278688823530006,34
mp-30798,-0.161791567499999,24
mp-1029422,-0.579105951666668,12
mp-953,-0.163834115000001,4
mp-864857,-0.16242754499998702,4
mp-864831,-0.46407149749999205,4
mp-864840,-0.257951754999998,4
mp-123,0.0,4
mp-4229,-0.47072440949999905,5
mp-974729,-0.345021670576922,13
mp-1104273,-0.40422159519230705,13
mp-569832,-0.457473580227272,44
mp-1209871,-0.527496756730768,26
mp-1209876,-0.5679600744230761,26
mp-1078947,-0.7472108595000001,10
mp-28757,-1.7408773494270822,48
mp-567317,-0.510554783499998,5
mp-10581,-0.5195775754999971,5
mp-1106351,-0.42453018102941004,17
mp-12060,-0.846399822499998,5
mp-1079355,-0.9209495045000011,10
mp-5765,-0.5100143754999971,10
mp-1078948,-0.8407933845000001,10
mp-9584,-0.633753530277772,18
mp-1080515,-0.528502174499999,10
mp-15323,-0.44587592416666405,18
mp-1079388,-0.5867876295000001,10
mp-1202765,-0.064829811413041,46
mp-31067,-0.98478713515625,32
mp-1105815,-0.252205579605262,19
mp-5553,-0.46277295849999905,5
mp-581471,-0.39211601305555605,18
mp-4999,-0.5834071635000041,5
mp-5622,-0.9672324753571431,5
mp-4228,-0.697864005499999,5
mp-21763,-0.590705461207481,42
mp-3177,-0.588987317499999,5
mp-4371,-2.023716916785714,14
mp-2877,-0.6278194554999991,5
mp-1189069,-2.394001295437499,20
mp-1209892,-0.36546803632351704,17
mp-1106404,-0.43063383101851904,18
mp-16431,-0.5927575625420151,17
mp-15026,-0.32520633455882303,17
mp-3489,-0.5953175214999981,5
mp-1220971,-0.287766060192306,13
mp-1068797,-0.543642695500001,5
mp-1080558,-0.781557257500001,10
mp-4725,-0.8359773114999991,5
mp-1079773,-0.9142993594999991,10
mp-2047136,-1.011763138499998,10
mp-4920,-0.892643749499998,5
mp-22397,-0.7256004555000001,5
mp-625403,-2.2095045073214292,14
mp-1189307,-2.398549836937499,20
mp-1189434,-2.383524901437496,20
mp-21420,-0.46743199267240904,5
mp-1104674,-0.281482032698938,13
mp-3018,-0.6136462312931,5
mp-1103989,-1.065004819999999,15
mp-1202698,-0.39570126828947205,38
mp-1104209,-0.410251471071428,14
mp-20836,-0.8217577835000001,10
mp-4302,-0.6932111655000001,5
mp-569974,-0.9864708273571421,5
mp-976380,-0.7176162704999981,10
mp-20000,-0.5311860594999981,10
mp-7264,-2.987418768956045,26
mp-1206126,-0.9610472353571431,5
mp-1205673,-0.9660558523571431,10
mp-1079311,-1.098621473357142,10
mp-568055,-1.013741709357141,5
mp-15051,-1.94622754892857,14
mp-505513,-0.426501856428574,28
mp-3569,-0.23282902867646602,17
mp-1189354,-0.37395835632352803,17
mp-31204,-0.46864545549999803,5
mp-5057,-0.585883005500002,5
mp-567130,-1.154888087500001,5
mp-4007,-0.783672959499988,5
mp-571586,-0.786530949500001,5
mp-4323,-0.915855471499999,5
mp-1084815,-1.076870467499998,10
mp-3651,-1.059744741499996,5
mp-4013,-0.9460035935000001,5
mp-669722,-0.6302785857142781,28
mp-1205655,-0.337998801590908,11
mp-1209868,-2.396928890937499,20
mp-1188689,-2.4001071289375,20
mp-1221902,-0.53818765214286,14
mp-1220338,-0.4679856845,5
mp-1209827,-0.592929353775511,14
mp-1194538,-2.409683300806451,31
mp-985562,-0.475514359270831,24
mp-1202367,-0.7597649158333311,42
mp-1210168,-0.34285035445042605,32
mp-1210077,-0.39031321093749505,32
mp-1199583,-0.40617770007812404,32
mp-510232,-0.166787614473684,19
mp-1211308,-0.2743498845614,19
mp-1211197,-0.8842187060833311,40
mp-1210867,-0.28534284631578605,19
mp-1197766,-0.6845875196999991,50
mp-1209890,-0.9372499960714311,28
mp-1209920,-0.8156827732142901,28
mp-1193443,-0.464049110535714,28
mp-1220560,-0.48227358625000005,8
mp-698669,-2.613427139999998,34
mp-1190986,-0.44829949340909103,22
mp-29265,-2.620333949852941,34
mp-11667,-0.420282306363635,11
mp-1069330,-0.437260090999998,5
mp-555063,-2.452501396333333,30
mp-1102098,-0.552289104166665,12
mp-567415,-0.5791514071428571,28
mp-864790,-0.411028255624998,8
mp-9077,-3.523767822499999,24
mp-1078445,-1.245233668750001,8
mp-973451,-2.850434975000001,5
mp-9498,-2.374288112857143,7
mp-1173626,-3.064965959375001,16
mp-1069287,-0.25597573299999504,5
mp-1079135,-0.720147680999988,10
mp-866067,-0.40104680291666406,4
mp-11991,-0.349356252999993,10
mp-1205689,-0.733384360999999,10
mp-1205619,-0.586200247999999,10
mp-1220339,-0.8058633978571441,7
mp-974042,-0.732120366547618,21
mp-356,-0.01960561605263,19
mp-1206451,-0.6373053229999961,10
mp-1070917,-0.43617565166666705,6
mp-1084826,-0.017783496999999003,10
mp-1186251,-0.575058335999999,20
mp-1220568,-2.520333432999999,20
mp-1220521,-0.562772954999997,7
mp-1190341,-2.323884202063491,21
mp-1220386,-0.8863223643750001,8
mp-1190435,-2.268548014444443,21
mp-37693,-2.407110763035713,14
mp-36407,-2.250445118035713,14
mp-510028,-0.6453085784523811,21
mp-6638,-0.5813263442857141,7
mp-1220524,-0.699399710499999,10
mp-1220540,-2.613608713499999,20
mp-864627,-0.395680915000005,30
mp-1193335,-0.42000002566666605,30
mp-1206412,-0.270398000499999,5
mp-1206785,-0.46598527049999905,5
mp-1220340,-0.817668334999996,6
mp-1106400,-0.7504412384999981,20
mp-18678,-0.8172705354999971,20
mp-1205383,-3.263154346249999,32
mp-1190845,-3.98081208681819,22
mp-1196123,-2.187287793632809,32
mp-11691,-2.933779668928569,14
mp-21295,-0.47326662499999805,6
mp-1095457,-0.42656520227272504,11
mp-1205853,-0.770846971333335,10
mp-20575,-0.8418688519999991,10
mp-1186249,-0.596742443125002,4
mp-1079664,-0.42788628333334305,10
mp-21450,-0.805626273333329,10
mp-1190299,-2.432281358636364,22
mp-864610,-0.24542743249999902,4
mp-16638,-0.18792694099999702,10
mp-977548,-0.758022645999999,10
mp-864612,-0.31822140666666604,4
mp-5925,-0.293710811000001,10
mp-1209786,-2.8591508755,20
mp-1205494,-0.6414037330000011,10
mp-19336,-2.794713231293103,20
mp-18899,-2.780404253293103,20
mp-560590,-2.4355731113125,30
mp-690122,-2.903089981818181,22
mp-603912,-0.301903028499998,20
mp-18494,-3.105778840833333,36
mp-28970,-2.385288347708332,24
mp-1191002,-0.5245012317857141,21
mp-1210070,-0.684660935169173,38
mp-1191438,-0.7415303641666651,21
mp-1207129,-0.520081673999995,5
mp-31029,-0.468764015606059,11
mp-1190187,-0.307100926666665,18
mp-540986,-0.8447086856593391,26
mp-22471,-0.528600526666666,26
mp-1209936,-2.487354999499999,20
mp-1209990,-2.579572834499998,20
mp-1045,-3.781547341499998,40
mp-1103406,-1.7767695790476181,12
mp-1220487,-0.9040400494047621,21
mp-1209848,-2.503353626666666,18
mp-1205552,-0.7856986649999941,10
mp-9765,-2.348622128181817,22
mp-1025210,-0.5418435607142861,7
mp-22401,-0.526917885250003,40
mp-864686,-0.40409275800000105,20
mp-438,-2.376582331687498,20
mp-3211,-3.451803776499999,5
mp-1078455,-3.065552504722224,9
mp-12049,-1.013258746666669,6
mp-1220313,-2.911819500999996,5
mp-20647,-0.7730081049999961,10
mp-32688,-2.191013233687499,40
mp-13971,-3.376551367468747,5
mp-1220623,-1.534113729999998,26
mp-1220616,-1.3214106410576911,26
mp-1220352,-0.70025710583333,6
mp-1210018,-0.8976354266666651,24
mp-2212762,-0.9709179466666641,24
mp-1544196,-0.9760065008333301,24
mp-5082,-0.9034067991666661,24
mp-1220305,-0.9203875734999981,10
mp-1220300,-1.0166925315,10
mp-1209907,-0.9612296180000011,20
mp-560132,-3.710467645625,32
mp-1209955,-1.801213343945312,32
mp-18466,-3.380635908730468,32
mp-18542,-3.272833390208333,32
mp-17114,-2.97475702772727,22
mp-30290,-0.6998733460000031,20
mp-555750,-1.742452682187499,16
mp-559243,-3.436312331128205,13
mp-554313,-2.479931707807018,38
mp-16380,-1.732659186999995,20
mp-5121,-2.274413674803908,34
mp-1119,-1.286536387857142,14
mp-5459,-3.242909266333329,5
mp-31318,-2.947875512407409,36
mp-10933,-2.178817990124997,5
mp-1198956,-2.360075100195313,32
mp-12193,-3.730971776515151,44
mp-552028,-3.275363665606061,11
mp-1210188,-3.159857567894738,38
mp-654139,-3.655330315490194,34
mp-17904,-3.7841771885416673,32
mp-1186256,-0.319850047500001,4
mp-1200551,-2.204897187382808,32
mp-1201577,-1.9192249830273431,32
mp-1220528,-3.0063176375,20
mp-569275,-0.30202519800000105,20
mp-18057,-3.237745801111111,36
mp-30711,-0.26760330657896103,19
mp-1189707,-0.38707163062500005,16
mp-1189924,-0.459781079374999,16
mp-1220245,-0.835159247857142,7
mp-5977,-3.842356440454542,22
mp-1196300,-2.201563932812502,32
mp-1195333,-1.9840202344140598,32
mp-1206903,-0.61145357113636,11
mp-1102578,-0.5495269326515141,11
mp-1209972,-0.652752380921054,38
mp-1209944,-0.6964511861842101,38
mp-29588,-1.527090516944443,9
mp-505292,-0.6583464247727251,11
mp-864792,-0.5304962093181801,11
mp-1220297,-0.812021684722218,18
mp-1190620,-0.454656841136362,22
mp-1220299,-0.7457221730555541,18
mp-1210029,-0.845599353571431,28
mp-630836,-0.6809910932142841,28
mp-1209966,-0.7010325724261041,29
mp-1209902,-0.803923050775861,29
mp-2418,-0.32612803020833003,12
mp-545482,-1.032893985468749,10
mp-867200,0.0,4
mp-1209910,-2.732251823235293,34
mp-1186438,-0.5861513324999941,4
mp-862979,-0.581500837499998,4
mp-1186433,-0.43048572437500304,4
mp-862977,-0.558517127500003,4
mp-1186439,-0.191615904999999,4
mp-862989,-0.7502617999999971,4
mp-982929,-0.515014192499997,4
mp-862991,-0.25973921374999803,4
mp-862990,-0.597936879999998,4
mp-1186432,-0.39999437874999805,4
mp-1186435,-0.514243256250001,4
mp-1186585,-0.5071065262499981,4
mp-1186441,-0.38399962749999905,4
mp-1186434,-0.5126855462500011,4
mp-862994,-0.5589509987499991,4
mp-1186436,-0.461945700625001,4
mp-862996,-0.5265062512500011,4
mp-1186480,-0.535074441250003,4
mp-863654,-0.448319074999997,4
mp-863655,-0.605819128749999,4
mp-1186451,-0.062656988749999,4
mp-863660,-0.41609804375000004,4
mp-1186456,-0.096877411249998,4
mp-1186457,-0.0964875475,4
mp-1186452,-0.46577829624999906,4
mp-863664,-0.510325878750002,4
mp-863665,-0.523522236249998,4
mp-1186454,-0.19093916125000002,4
mp-863668,-0.14791901875000202,4
mp-1186462,-0.47875115375000005,4
mp-863669,-0.698361048749998,4
mp-863670,-0.477929416249999,4
mp-863671,-0.21793904000000003,4
mp-865547,-0.41108536499999804,4
mp-863676,-0.47064870875000103,4
mp-1100765,-0.47896736499999903,4
mp-1186453,-0.39487840625000104,4
mp-1186461,-0.598409183124999,4
mp-1186509,-0.3774039625,4
mp-1186460,-0.6260952887500011,4
mp-863684,-0.825982106249998,4
mp-863685,-0.7416578500000011,4
mp-863686,-0.6666754206250011,4
mp-982615,-0.465665762500002,4
mp-982613,-0.603960540625003,4
mp-1186508,-0.6327155737500011,4
mp-863715,-0.817601913749996,4
mp-863716,-0.821508691250002,4
mp-863721,-0.9635367787499971,4
mp-863722,-0.749361968750001,4
mp-863740,-0.455494499999999,4
mp-863698,-0.254176395,4
mp-1186474,-0.191278022499999,4
mp-863705,-0.331468791875,4
mp-1186475,-0.36981913124999904,4
mp-1186472,-0.089125359999997,4
mp-863696,-0.26432274250000104,4
mp-863703,-0.43075507625000004,4
mp-863704,-0.24919348333333602,4
mp-1186485,-0.47923651125000005,4
mp-863713,-0.519600313749999,4
mp-1186481,-0.49671235374999806,4
mp-1186482,-0.66270039625,4
mp-863714,-0.48908257374999603,4
mp-863717,-0.21115575500000003,4
mp-553921,-3.836100897500001,40
mp-1186473,-0.828619471249999,4
mp-863725,-1.007626048749998,4
mp-863726,-0.7872124312499971,4
mp-863741,-0.5072897900000011,4
mp-982772,-1.024383191250002,4
mp-863732,-0.966914661250001,4
mp-863733,-0.5138721350000061,4
mp-1186486,-0.661072997499999,4
mp-863742,-0.456424032499999,4
mp-863259,-2.333359986687497,10
mp-1232181,-2.213014863437499,20
mp-863743,-0.47706193624999904,4
mp-865545,-0.7100191050000001,4
mp-866204,-0.5530704818750001,4
mp-865468,-0.700638282499998,4
mp-1186479,-0.8284620799999971,4
mp-865467,-0.8121548862499991,4
mp-977372,-0.690669843125,4
mp-864628,-0.7636027337500011,4
mp-1100762,-0.40899353750000206,4
mp-864629,-0.46711447874999806,4
mp-1186478,-0.551013840625003,4
mp-1186476,-0.5949271487500021,4
mp-1186477,-0.41929342750000104,4
mp-982393,-0.308341131250003,4
mp-977546,-0.5177212025000021,4
mp-862742,-0.587247632500002,4
mp-982387,-0.44017543437500306,4
mp-1186506,-0.48585479999999803,4
mp-862744,-0.5779780925000001,4
mp-983236,-0.216994472500001,4
mp-862727,-0.49662083500000104,4
mp-983154,-0.6883564187499981,4
mp-983229,-0.499349341249998,4
mp-862728,-0.256387426249998,4
mp-862733,-0.48420925625000005,4
mp-862734,-0.577885615000003,4
mp-1186496,-0.23866159562500003,8
mp-1186500,-0.290799660624998,8
mp-1186498,-0.14589186812500102,8
mp-1186501,-0.29945092562500203,4
mp-862731,-0.39938262562500104,4
mp-1186514,-0.22483502000000702,8
mp-867189,-0.427039198125001,4
mp-867165,-0.301167939375002,4
mp-867164,-0.516882788125002,4
mp-867199,-0.29351345562499603,4
mp-862876,-0.32445833437500204,4
mp-862877,-0.40561575187500404,4
mp-1186539,-0.20413268437499701,8
mp-862872,-0.6382697956249991,4
mp-862874,-0.42187006187499704,4
mp-862980,-0.49918408437499906,8
mp-862837,-0.326297171874998,4
mp-862838,-0.31003742437499804,4
mp-1186534,-0.5697836912499981,4
mp-862985,-0.7353145518749991,8
mp-862984,-0.132261708749999,8
mp-973767,-0.45992198062499706,4
mp-862879,-0.6515261356249981,4
mp-862880,-0.7503148431249961,4
mp-862986,-2.262261105625,8
mp-862899,-0.348575549374995,4
mp-862889,-0.288498779375,4
mp-862891,-0.715495366874996,4
mp-862892,-0.47807935062500206,4
mp-862898,-0.6538971368749931,4
mp-862897,-0.729889446875002,4
mp-863657,-2.184052750833333,6
mp-863658,-2.43315162875,8
mp-862900,-0.37142469937500106,4
mp-863677,-0.11739821312499901,8
mp-983427,-0.571487456874997,4
mp-983428,-0.610364498124997,4
mp-862902,-0.075224409791665,4
mp-984549,-0.767787562291665,4
mp-1186556,-0.47449113812500304,4
mp-1186553,-0.35870054562499804,4
mp-984335,-0.589195662708331,4
mp-1186560,-0.8661148052083331,4
mp-1186566,-0.34257577104166803,4
mp-1186562,-0.356873367708331,4
mp-1186569,-0.5833015543749981,4
mp-1186575,-0.753076033124997,4
mp-1186583,-0.989813320625004,4
mp-1186577,-0.507044283125001,4
mp-1186579,-0.27740943312500305,4
mp-862901,-4.2860255518749995,4
mp-863682,-0.6396876531249981,8
mp-862906,-0.305898774375,4
mp-1186573,-0.673426958749999,4
mp-1186596,-0.154377051875002,4
mp-1186623,-0.559583213125009,4
mp-1186624,-0.47602203020833206,4
mp-1186581,-0.383557963124999,8
mp-863656,-0.48860257062500106,4
mp-862910,-0.630489730937499,4
mp-1186580,-0.43407940999999506,4
mp-862912,-0.654513036250001,4
mp-1186595,-0.210939768124998,4
mp-1186591,-0.45946751645833306,4
mp-1186598,-0.7224779306249981,4
mp-862918,-0.071573295624998,4
mp-1186592,-0.7796415706249981,4
mp-1186589,-0.46378927812499804,4
mp-1186594,-0.328307593124998,4
mp-863695,-1.688431605625,8
mp-862920,-0.5786828243749971,4
mp-862923,-0.42557436187500003,4
mp-862917,-0.785680726875,4
mp-862916,-0.347931624374999,4
mp-862922,-0.288130974374997,4
mp-862924,-0.798036106874999,4
mp-862925,-0.9193029718749981,4
mp-862921,-0.7133583468750011,4
mp-1186605,-0.008689154374991001,8
mp-1186606,-0.561200213541663,4
mp-1186607,-0.31508418270833405,4
mp-1186608,-0.361856911041666,4
mp-569593,-0.09007491624999901,2
mp-1186603,-0.09612774812499801,4
mp-862936,-0.28877439395833304,4
mp-862933,-0.739687750625001,4
mp-862939,-0.307593135624999,4
mp-862938,-0.46249008687500304,4
mp-862941,-0.5857218106250001,4
mp-1186609,-0.23443364729167201,4
mp-862937,-0.344056933125,4
mp-1018160,-1.727228733125002,2
mp-1186602,-0.5607897500000051,4
mp-1186646,-0.627247433749996,4
mp-1186617,-0.677721496250001,4
mp-1247753,-0.38735337541666803,4
mp-1186618,-0.32051271874999804,4
mp-862952,-0.39439719562499903,4
mp-863718,-0.14269417312500102,8
mp-1186622,-0.30864054285714204,4
mp-1173352,-4.129576366249999,12
mp-862951,-0.6766938668749981,4
mp-862950,-0.7041851493750001,4
mp-862954,-0.8409114418749971,4
mp-1186627,-0.555264278541663,4
mp-1186698,-0.621125292291665,4
mp-1186628,-0.640356214791665,4
mp-1186631,-0.50230098979167,4
mp-1186630,-0.312410089791665,4
mp-1186639,-0.7441616190625021,4
mp-1232235,-2.308025775156249,2
mp-1232276,-2.021422001041666,12
mp-862953,-0.682360229375,4
mp-862957,-0.867727009374998,4
mp-862955,-0.670716754375,4
mp-1232234,-2.105092183281247,2
mp-1232221,-1.8832167260416661,12
mp-865464,-0.264846778124999,8
mp-1186643,-0.636402394375,4
mp-983063,-0.562610520625007,4
mp-1186692,-0.6259891643749991,4
mp-1186644,-0.7222752668750011,4
mp-862964,-0.08959694062500001,4
mp-1186652,-0.7034249906249991,4
mp-1186651,-0.38153090979166904,4
mp-1186648,-0.32607027312500003,4
mp-862960,-0.483850946875001,4
mp-862956,-0.7305114218750001,4
mp-862963,-0.8273596768749981,4
mp-1186649,-0.869075646875003,4
mp-862961,-0.6780882956250001,4
mp-862970,-0.379269494375002,4
mp-862966,-0.29126743187499904,4
mp-862965,-0.640160144374995,4
mp-862968,-1.044794818541668,4
mp-1186668,-0.005236665624998,8
mp-1186659,-0.442435934374998,4
mp-1186657,-0.360951374374998,4
mp-1186707,-0.6171018718750001,4
mp-1186681,-0.6898656068750011,4
mp-862969,-0.083812606875,4
mp-1186677,-0.7469928868749981,4
mp-1186675,-0.48345151437499806,4
mp-1186672,-0.363672984375,4
mp-862975,-0.35038582437499904,4
mp-862732,-0.33718493062500104,8
mp-1186679,-0.5221306493749991,4
mp-5564,-0.425653747,5
mp-1204963,-0.218633473985505,46
mp-862763,-0.338534726282049,13
mp-976187,-0.396776309358982,13
mp-567156,-0.452534379696969,44
mp-1202613,-0.39427827265151505,44
mp-1209309,-0.521499417820511,26
mp-1193957,-0.562262926282049,26
mp-1091396,-0.746220310333332,10
mp-567874,-1.742100152812498,48
mp-1219887,-0.333349134743589,13
mp-570255,-0.512696226333332,5
mp-1207205,-0.517172214333331,5
mp-12856,-0.35958566633333405,5
mp-11846,-0.44183475033333103,5
mp-1179919,-0.529645998333334,17
mp-570183,-0.8529325593333341,5
mp-1080773,-0.9205840393333351,10
mp-10853,-0.490952754333332,10
mp-1080104,-0.721134923999997,10
mp-1189206,-0.559472110370369,18
mp-11183,-3.158382339916666,20
mp-975738,-0.41716752899999604,10
mp-1188588,-0.37344922370370104,18
mp-975729,-0.49511314299999903,10
mp-1200756,-0.43439557259259204,36
mp-1199068,-0.06538344985507001,46
mp-1199071,-0.161035799855064,46
mp-10334,-0.604337995085032,14
mp-29887,-0.9858752435416661,32
mp-1105562,-0.32447197719298204,19
mp-4322,-0.46044343199999904,5
mp-975663,-0.43311157592592603,18
mp-4810,-0.569165426333339,5
mp-5054,-0.9518591681904751,5
mp-5112,-0.699023250333333,5
mp-1210159,-0.578799683231292,42
mp-4924,-0.5832343063333321,5
mp-1101476,-2.00708346452381,14
mp-4014,-0.553462628333333,5
mp-1095111,-0.42286908233333204,10
mp-1105696,-2.393720722354166,20
mp-1189397,-0.365806701862735,17
mp-1188734,-0.412649755925926,18
mp-16430,-0.5897136851400431,17
mp-1188509,-0.33135924892156904,17
mp-5627,-0.5754389063333321,5
mp-1102817,-0.7348798765151501,11
mp-1079141,-0.773286637333335,10
mp-1206754,-0.8336915103333331,5
mp-1079841,-0.9158731993333321,10
mp-2038468,-1.012430969333326,10
mp-2896,-0.8861227203333301,5
mp-569607,-0.654298794333334,5
mp-625447,-2.198772377202387,14
mp-1188730,-2.398605138354165,20
mp-1210096,-0.769522137000002,20
mp-1189644,-2.382202535854165,20
mp-20542,-0.45405168950574204,5
mp-5423,-0.5236269375057461,5
mp-1104449,-1.066344514944444,15
mp-1201639,-0.393495498508769,38
mp-1104946,-0.40294034380952204,14
mp-1087218,-0.818051655333333,10
mp-5819,-0.6830107163333431,5
mp-569931,-0.9694921861904761,5
mp-1078736,-0.7226558513333311,10
mp-567909,-0.48377720433333704,5
mp-1188990,-0.6784674898459401,17
mp-30957,-2.984249975815019,26
mp-1206418,-0.9563184341904781,5
mp-1205688,-0.96831811919048,10
mp-1079288,-1.0902343691904761,10
mp-570236,-1.09947934952381,5
mp-15050,-1.931393010952378,14
mp-1025309,-0.39987622166666703,7
mp-754632,-2.50389236060606,11
mp-4251,-0.23969218598039502,17
mp-31202,-0.6156472323333311,5
mp-4439,-0.7616744283333331,5
mp-5852,-0.680903862333332,5
mp-3278,-0.904726746333335,5
mp-567338,-0.9891786663333341,5
mp-4815,-1.070856082333332,5
mp-4904,-0.844390120333332,5
mp-1194179,-0.6300472998809421,28
mp-1206351,-0.335603784696968,11
mp-1204502,-0.24179781434782502,46
mp-1105931,-2.396307627354167,20
mp-1188199,-2.400588398854165,20
mp-1220229,-0.533675302738098,14
mp-1219916,-0.47074050133333206,5
mp-10333,-0.5841920915136041,14
mp-862839,-1.7868879997126421,29
mp-862840,-0.459434043680551,24
mp-1209974,-0.30350423132543003,32
mp-1209971,-0.355493308749998,32
mp-1199582,-0.21542851273437502,32
mp-570462,-1.343349801451612,31
mp-1220147,-1.799024263444467,45
mp-1210767,-0.096597175087719,19
mp-31108,-0.8540911785833321,40
mp-1210858,-0.25726562263158104,19
mp-1209795,-0.921127299166666,28
mp-1209803,-0.803656582380955,28
mp-1220031,-2.643484115784312,34
mp-2933,-0.47404551325757305,22
mp-1209756,-2.616705518578431,34
mp-11666,-0.42067859621212006,11
mp-582883,-0.494862913645834,48
mp-975788,-0.354060134375,4
mp-1209732,-0.7189316626666651,10
mp-1219929,-0.657810460555552,6
mp-1219910,-0.563098810833331,4
mp-2714,-0.528117441111109,12
mp-16713,-0.5469307311904731,28
mp-1078268,-0.37441722520833304,8
mp-14415,-3.222494771527778,24
mp-1077777,-0.8276754644444391,6
mp-1078335,-1.368102340520828,8
mp-545539,-2.823068512666667,5
mp-23169,-2.226460709047617,14
mp-9497,-2.344858268333333,7
mp-683,-0.28360052216666504,20
mp-568066,-1.001755945833332,8
mp-11990,-0.323986233666663,10
mp-12974,-0.7131948326666661,10
mp-1205724,-0.5548495466666631,10
mp-978102,-0.713587908373016,21
mp-1105621,-0.001834214385963,19
mp-567727,-0.622087161666669,10
mp-1071216,-0.410055339722222,6
mp-1219962,-0.562521791904764,7
mp-1209738,-2.654972089871794,26
mp-4181,-2.937306323333335,7
mp-1220000,-0.561814143333333,7
mp-34309,-2.401814077083332,14
mp-1173369,-2.252477564940473,14
mp-1191863,-0.626972637420634,21
mp-1520601,-2.5678164218333333,20
mp-1194385,-0.39530996555555503,30
mp-1193902,-0.422987606555555,30
mp-1219847,-0.642558089083334,10
mp-1219852,-0.529310920333333,10
mp-1207239,-0.44028440016666903,5
mp-1188518,-0.745708193333333,20
mp-975634,-0.813258272333332,20
mp-1188586,-0.6334053228333341,20
mp-1077830,-0.7594031813888861,6
mp-1203224,-2.1824888984244772,32
mp-22854,-1.678733276190476,14
mp-1219894,-0.355770072916666,4
mp-1205890,-0.7532620869999941,10
mp-1079498,-0.35438206266666705,10
mp-20715,-0.8305430626666661,10
mp-1080181,-0.40139821100000905,10
mp-21870,-0.783539684999999,10
mp-558448,-2.404353863939392,22
mp-1205577,-0.16878168566666601,10
mp-21350,-0.741373832666667,10
mp-1186729,-0.309022076250001,4
mp-1188397,-2.865563944333333,20
mp-2926,-0.268302184666666,10
mp-1209742,-2.840139070833332,20
mp-1205589,-0.6197079546666671,10
mp-1078664,-2.457776933209211,9
mp-1209751,-2.760933286626437,20
mp-31225,-0.282119543333335,28
mp-31258,-0.25578034316666504,20
mp-1209740,-3.093956566759262,36
mp-28969,-2.364161084930555,12
mp-861597,-0.5197382217063491,21
mp-1209747,-0.6776772427130321,38
mp-1191876,-0.7291429593253961,21
mp-568506,-0.753634199666667,10
mp-1068489,-0.49409023366666605,5
mp-1219846,-0.9823148257671931,9
mp-1102902,-0.451928657272727,11
mp-1201333,-0.279933445925924,36
mp-505805,-0.828506052454211,26
mp-1209651,-0.520824866538461,26
mp-1209764,-2.466633758333333,20
mp-16705,-3.729270369416666,40
mp-1101993,-1.762081302936506,12
mp-672187,-0.7689480376666661,10
mp-1025384,-0.517150394761904,7
mp-1198710,-0.509861596833334,40
mp-22561,-0.22305405416666402,20
mp-15179,-2.365342227854165,20
mp-3236,-3.415153002166668,5
mp-1209354,-2.918871500405092,18
mp-1071848,-1.001009226111108,6
mp-1173341,-2.876212252666666,10
mp-568831,-0.7594424012037041,36
mp-1205499,-0.654768246666667,10
mp-32689,-2.190777713854166,40
mp-4764,-3.343554011135414,5
mp-5913,-3.605886440757581,44
mp-1220007,-1.535915508333332,26
mp-1220047,-1.3271306513141021,26
mp-1209411,-0.8508954751388891,24
mp-2208518,-0.956523061805555,24
mp-1106159,-0.940660649333332,20
mp-1186715,-2.657481699833334,20
mp-17750,-3.2647732428125,32
mp-4394,-2.955287218030299,22
mp-1209336,-0.700718769666663,20
mp-554244,-1.740244390104166,16
mp-559702,-3.427969009461539,13
mp-32581,-1.716815145666669,40
mp-556092,-2.2219475714285712,42
mp-2980,-2.264977823235281,34
mp-16032,-3.215270251999999,5
mp-1209377,-2.926918404444445,36
mp-1202577,-2.3636624093619822,32
mp-15201,-3.7144391924999898,44
mp-552963,-3.2589800945454552,11
mp-1195324,-3.755722432708333,32
mp-978085,-0.307970379583333,4
mp-861594,-0.45231644083332806,4
mp-1186695,-0.537052227708329,4
mp-1219900,-1.6050170353769841,6
mp-1196472,-2.205784919674478,32
mp-1200172,-1.93198534219401,32
mp-1219885,-2.987337114833333,20
mp-568326,-0.25437630366666303,20
mp-1209470,-3.181993228703702,36
mp-30710,-0.266934809649136,19
mp-1189596,-0.383626873541665,16
mp-1189436,-0.45555930729166705,16
mp-1219845,-0.553676276190478,7
mp-1209351,-2.5587680008333322,20
mp-559426,-3.829410627575757,22
mp-1202195,-2.19645111104167,32
mp-1195609,-1.98628279264323,32
mp-1205486,-0.6041863440909091,11
mp-1101777,-0.552120943787878,11
mp-1209374,-0.635805721315789,38
mp-1209381,-0.679984980789473,38
mp-29587,-1.4847829294444441,9
mp-975640,-0.5227151750000071,11
mp-1191719,-0.42415281136363103,22
mp-1209485,-0.8196549853571421,28
mp-1193872,-0.5866868482142851,28
mp-1103090,-0.695207039545453,11
mp-1209430,-0.6911855104433551,29
mp-1209429,-0.792835862241382,29
mp-1205481,-1.59147665383333,11
mp-862792,-1.7066765528472212,24
mp-1094072,-0.8458429647499991,5
mp-1209432,-1.8358313514285762,28
mp-1190453,-2.032472083636363,22
mp-1209395,-1.4806339913095221,28
mp-558051,-3.311746417083333,28
mp-1105252,-0.735627228000007,20
mp-1209333,-0.837261307499998,20
mp-1209799,-1.503753432857137,28
mp-1179866,-1.888820449999999,18
mp-571490,-2.156232924722222,36
mp-1200348,-0.36053979825000104,40
mp-1210173,-1.4135637424999992,28
mp-2752729,-1.345656792142855,28
mp-1191367,-0.624732630416666,24
mp-1105827,-0.8782307314999991,20
mp-556962,-1.750185992291665,24
mp-571347,-1.586641349700519,24
mp-555893,-1.840018362708332,24
mp-568801,-1.635427651367187,24
mp-560014,-1.729970365624998,24
mp-17243,-1.586328023450519,24
mp-753821,-3.415209581750001,20
mp-1209801,-0.8137149881249991,16
mp-19764,-0.35918698874999605,4
mp-1189599,-0.663096387499997,16
mp-20990,-0.9993550707499961,5
mp-21135,-1.510910203333332,5
mp-21575,-1.836635497187498,40
mp-1209858,-1.63758050107143,28
mp-1209846,-1.318263322857141,28
mp-5322,-2.969154539090908,22
mp-1219896,-0.274947329444443,18
mp-1192218,-2.681966737311913,22
mp-867323,-1.914964015869252,24
mp-1191521,-1.824967875244251,24
mp-30215,-3.243233262727272,44
mp-1106122,-0.14395267687499802,16
mp-1209761,-0.577490163500002,20
mp-1209802,-0.695639110416667,24
mp-1209814,-1.41282689892857,28
mp-570779,-1.118026980714284,14
mp-31354,-3.061463035909092,22
mp-1209777,-1.890764363163263,28
mp-1104184,-0.78738206357143,14
mp-1209785,-1.710259575,28
mp-653855,-1.402891287857142,28
mp-1209784,-3.004117926428572,28
mp-16163,-3.224797653750008,48
mp-1104158,-0.573742584333331,15
mp-1200080,-0.287205425749998,40
mp-1209787,-1.5977307225000041,28
mp-1209743,-1.477436991428569,14
mp-639135,-1.6607171275,28
mp-28746,-1.167842017142858,14
mp-5433,-3.044785704090908,22
mp-558940,-2.191269211026782,28
mp-861503,-0.8770934129999911,20
mp-2973,-2.5899833424999983,40
mp-542566,-0.8839625996428561,28
mp-5448,-3.265689170000001,22
mp-1209746,-2.083580023348215,28
mp-1079937,-0.5727084449999971,10
mp-554826,-3.578738700000001,28
mp-560468,-1.814640082857142,28
mp-556179,-1.843657997857143,28
mp-558259,-1.764447743214285,28
mp-16929,-1.475529970499999,40
mp-863751,-1.7942819311805551,24
mp-17389,-1.615457535256076,24
mp-1201825,-0.5071253694999971,40
mp-683897,-0.5715651339999991,40
mp-1210053,-0.419405712999996,40
mp-867370,-0.6149476782142871,28
mp-1206822,-0.9833645990000011,5
mp-14964,-3.7124992820302998,22
mp-1189377,-0.49917893625000404,16
mp-555930,-3.107063265,26
mp-1200700,-0.28296975560000404,50
mp-1220591,-1.604347208333412,11
mp-570498,-1.853883369696967,11
mp-1209709,-0.409931972361109,24
mp-1209942,-0.21356926402777301,24
mp-1209682,-0.369639610694442,24
mp-1209686,-0.5052381527777741,24
mp-1207267,-1.248698534166666,10
mp-570606,-0.9361555930952361,14
mp-1207236,-0.06957963907407501,9
mp-1193603,-0.5893633221111111,30
mp-1189700,-0.538642939509805,17
mp-645130,-0.063820499861111,24
mp-1209720,-0.332887443194443,24
mp-1209444,-0.312395527777777,24
mp-605873,-0.152073027777779,24
mp-618999,-1.277652909666668,20
mp-1194001,-3.548600195450681,28
mp-558617,-2.073269873067128,36
mp-558143,-2.404059984469697,22
mp-560263,-2.977718611247735,46
mp-31303,-2.000509450706014,18
mp-30192,-3.104685029427083,11
mp-570623,-1.7626831637962952,36
mp-1209658,-0.8637079741666681,28
mp-1209726,-0.7336075336363661,22
mp-558974,-3.018645168333337,19
mp-1200809,-0.663296168333332,38
mp-1200738,-0.731719036491225,38
mp-1209345,-0.632313126111112,18
mp-861986,-0.393576453333332,20
mp-1105528,-3.20288766462963,18
mp-1105548,-0.9270309897916671,16
mp-1209360,-1.060731280925931,18
mp-1209631,-0.7609995085416621,32
mp-669594,-0.525225250104163,32
mp-1209712,-3.072278008015879,42
mp-1104160,-0.547416631190474,14
mp-1205021,-0.6645168116666651,32
mp-1199510,-0.275959794305554,48
mp-1205135,-0.8763374566402111,36
mp-1188302,-0.70575996854167,16
mp-1198681,-0.774707144537033,36
mp-1104937,-0.194730699047616,14
mp-1190256,-1.122030110416663,16
mp-1188522,-0.609573606041666,16
mp-570696,-0.671518957291665,16
mp-1196361,-0.739836615092591,36
mp-570469,-0.443211939791666,16
mp-1196188,-0.8155609388425921,36
mp-1219914,-1.804262099782608,23
mp-1219860,-1.897924064999999,23
mp-569508,-0.7221449199999971,23
mp-570965,-1.89005653588235,17
mp-1219880,-1.771143136956523,23
mp-1219892,-1.619456177296197,23
mp-975605,-2.272252630972221,18
mp-1210024,-0.8502192282142861,39
mp-1219950,-0.578499508695654,23
mp-1209714,-1.9031179129411782,17
mp-1209677,-1.456385904705884,17
mp-570902,-1.9089118988235292,17
mp-1219884,-3.799344946447369,38
mp-1202671,-1.740806148833353,40
mp-645425,-1.356116483833333,40
mp-569261,-1.466068817583333,20
mp-2760866,-1.414931997083334,20
mp-1220063,-0.579480739365078,21
mp-1106268,-0.47278295016666505,20
mp-1106063,-0.711674994166665,20
mp-1106086,-0.465782061666666,20
mp-1197932,-0.20081001941666102,40
mp-568295,-1.401748467651512,44
mp-1219947,-2.2998689095333322,50
mp-1196511,-1.100837276111111,42
mp-504742,-0.352800397777774,24
mp-555896,-2.3368891931578952,38
mp-2525,-0.23179544166666402,2
mp-1072619,-0.26572057666666704,6
mp-4308,-0.7611780233333331,16
mp-1206286,-0.5995956611111091,6
mp-861988,-0.35452353958333904,4
mp-19712,-0.45304510277777205,6
mp-1079478,-0.778551152083333,8
mp-31421,-0.613051211111108,6
mp-568417,-0.44112123333333003,8
mp-1189,-0.53734372222222,6
mp-1101762,-0.413611760833334,12
mp-1206143,-0.5692037454166671,8
mp-12553,-0.484099906666665,8
mp-1219803,-0.410090092666667,5
mp-1069825,-0.5118632363333331,5
mp-1095484,-0.537792810277778,12
mp-11352,-0.588963146458332,8
mp-11034,-0.515776057424242,22
mp-1101978,-0.7212290588888941,12
mp-1078692,-0.383149559444446,9
mp-10450,-0.7762397055555531,6
mp-1209642,-2.852746820378787,44
mp-1079627,-0.379922531770832,8
mp-1079699,-0.48406216166666605,9
mp-1219687,-0.44939476194444405,6
mp-3466,-3.655848326333328,10
mp-1080703,-0.7814193772222191,9
mp-1189783,-0.86437273666666,16
mp-570042,-1.024592158888887,12
mp-1209554,-0.791235201388891,12
mp-571554,-0.439967944166666,8
mp-1219678,-0.42421363222221903,6
mp-10622,-1.760069192083332,2
mp-1196164,-0.7552006160416651,32
mp-1209563,-0.8870552155555561,18
mp-754109,-2.79469663736112,12
mp-1207199,-1.172417284722221,6
mp-1101752,-1.71735187888889,12
mp-1209547,-1.687035707743054,12
mp-999306,-0.7879062870833321,4
mp-30415,-0.756491362222221,6
mp-556450,-3.091260808124999,16
mp-861500,-3.338888834017857,28
mp-11594,-0.6186925749999971,6
mp-568924,-0.5649589124999991,6
mp-5369,-0.633835919999998,6
mp-12569,-0.6078151538333331,20
mp-12762,-0.5475135952380941,7
mp-9028,-1.537683774583333,24
mp-861504,-3.446497388666666,20
mp-1209526,-0.900692511041671,12
mp-11596,-0.846625818166663,5
mp-13483,-0.765969916805547,12
mp-5200,-0.6683155041666621,5
mp-862754,-1.550804115666665,20
mp-1193529,-0.152060606904762,28
mp-23171,-1.182174148333331,2
mp-551900,-2.343494804583335,8
mp-553082,-2.388985133958334,8
mp-545728,-2.260997688333334,8
mp-756241,-2.403409196111112,24
mp-1206720,-0.935451583888889,3
mp-1209679,-0.706966314722218,12
mp-23221,-2.306216135416666,8
mp-975666,-3.255380888888891,6
mp-1995,-0.26972206055555303,3
mp-646,-0.36164766083333005,2
mp-1201245,-0.187861843749996,36
mp-2324,-0.395212403888886,3
mp-1191054,-0.08907685097222101,24
mp-862760,-0.259733593749997,4
mp-1205879,-0.622389334999995,9
mp-867176,-0.627538850416668,4
mp-867177,-0.47901372666666403,4
mp-1219724,-0.558639453888886,6
mp-1077088,-0.25332949861110804,6
mp-571641,-0.645003518333335,9
mp-23211,-2.592783406041665,8
mp-27984,-3.453472725555557,6
mp-1204360,-0.8170373173809521,36
mp-1204625,-0.7423749753439141,36
mp-1193900,-0.6938715864200681,28
mp-18285,-0.436780484761905,28
mp-567341,-0.28509603916666504,8
mp-567712,-0.580271132222219,6
mp-1079064,-0.644852584166666,8
mp-13125,-0.561541403333332,5
mp-20090,-2.497417969333276,20
mp-1018892,-0.631683528888887,6
mp-1105822,-3.121656220833332,20
mp-18863,-2.726160331111111,12
mp-861512,-1.492157599739583,20
mp-1190273,-2.5070751725925913,18
mp-1079091,-0.15713975958333,8
mp-1071904,-0.17321706888888802,6
mp-1219996,-0.27789425694444503,6
mp-2462,-0.14531633361111002,6
mp-1219977,-0.691730730555555,3
mp-978092,-0.637492519166666,8
mp-13694,-2.581216355416654,4
mp-16684,-1.593449684322916,16
mp-19848,-0.7671486379166651,8
mp-11792,-1.449590298072916,16
mp-8119,-0.5713281505555551,6
mp-1018893,-0.5646826888888871,6
mp-862757,-0.075159143333331,4
mp-1199144,-2.384397188187498,40
mp-1191152,-1.893403185694444,24
mp-1186762,-0.5813367529166691,4
mp-2651,-4.436969277916666,24
mp-22208,-2.453033067196969,44
mp-1069147,-0.489482641333333,5
mp-22341,-2.757081589333333,20
mp-1018895,-0.52843178555555,6
mp-3275,-0.5996763179166661,8
mp-11404,-0.673322428333332,4
mp-668,-0.8078835105555551,3
mp-1025536,-0.618640601666666,8
mp-1220050,-0.5036944894444441,18
mp-862756,-0.636153669166667,8
mp-1219979,-0.607911420833332,5
mp-1219974,-0.6858301508333341,5
mp-1219973,-0.723026000833338,5
mp-1104070,-0.394295900238093,14
mp-1209621,-2.585206204924242,44
mp-1103558,-0.530320633055556,12
mp-1102521,-0.8154775913888871,12
mp-1188119,-0.843091183541664,16
mp-1101824,-0.9979926488888871,12
mp-1219972,-0.668406453055557,6
mp-2102,-0.9235145020833351,8
mp-1188330,-0.7877160929166661,16
mp-1106226,-0.892172635416666,16
mp-13072,-0.700915795333333,5
mp-1019094,-0.8218377322222231,6
mp-1103320,-0.792236423888885,12
mp-1209687,-0.927785826111112,36
mp-1105974,-0.8550467416666651,16
mp-505484,-1.055098570555555,24
mp-1095680,-0.8541659855555571,12
mp-978090,-0.652899892222222,6
mp-24095,-0.7171147630555551,3
mp-981547,-0.6036326819791651,4
mp-1203810,-2.517369346927084,32
mp-1025029,-1.65988536815972,6
mp-11469,-0.548088979583333,2
mp-861487,-0.46314501229166805,8
mp-1078674,-0.6733601502777791,9
mp-1186749,-0.45048959249999704,4
mp-569673,-1.567806443055554,12
mp-862800,-1.689724197916664,8
mp-29254,-3.020284710555554,6
mp-20023,-0.6182786558333321,2
mp-1206065,-0.6580771979166641,8
mp-1191416,-0.19431215541666502,24
mp-1206512,-0.5908192000000001,8
mp-20903,-0.577024107916667,4
mp-1078092,-0.526045531666665,7
mp-1025283,-0.43704141500000104,7
mp-570683,-0.35108754541666504,4
mp-621132,-0.7148423794444481,9
mp-570611,-0.6701467695833301,4
mp-1080085,-0.446723198333333,9
mp-1209796,-0.22505670845238102,28
mp-1079387,-0.43059945388889204,9
mp-1080775,-0.38540213833333303,8
mp-1079206,-0.765040974999998,9
mp-1206016,-0.9285065305555551,9
mp-1077228,-0.7781562580555581,6
mp-20037,-0.672986867222222,9
mp-946,-0.758888632222228,6
mp-1078537,-2.391663875354166,10
mp-13326,-2.189735595104165,10
mp-1548,-0.090499218333333,2
mp-13220,-0.156007577222222,24
mp-428,-0.09979057666666401,4
mp-1079756,-0.23976237388888602,9
mp-975892,-0.27457584749999603,4
mp-975893,-0.709627366666667,4
mp-867178,-0.30411599166666503,4
mp-7239,-0.46753923805555503,9
mp-862758,-0.45515687791666903,4
mp-1205949,-0.39199360777777903,9
mp-13436,-0.30007284111110905,6
mp-1080740,-0.629158209999998,9
mp-16644,-0.865556565555547,9
mp-16646,-0.5655288647222201,12
mp-569384,-0.47864963416666506,16
mp-1071863,-0.5875568922222191,6
mp-1205937,-0.338554401111116,9
mp-862759,-0.32945275166666604,4
mp-22802,-2.595781837503592,32
mp-619064,-2.6750331186997123,16
mp-22564,-2.943615975919542,20
mp-1192793,-2.581199796309524,28
mp-343,-1.5457938252083312,2
mp-4709,-3.503020980277776,12
mp-975883,-0.554989438541667,4
mp-1219742,-1.013531304722221,6
mp-975896,-0.38693138395833804,4
mp-975822,-0.30917252229166503,4
mp-11799,-0.285582925833332,4
mp-6140,-0.429912884166666,6
mp-1102445,-0.28374092041666404,12
mp-1101772,-0.399744241805554,12
mp-2370,-0.25854633194444504,6
mp-1193428,-0.31726199095238,28
mp-1209365,-1.0057998480555561,12
mp-861608,-0.5100905288888881,24
mp-1206667,-0.637748460555554,3
mp-9312,-0.22986210041666502,4
mp-975655,-0.7405371191666651,8
mp-22280,-2.406667594333332,20
mp-1102807,-1.120396799603173,12
mp-1024955,-0.8830706088888861,6
mp-1080568,-0.8228185141666661,8
mp-22164,-0.604733643055555,12
mp-510579,-0.624532640729165,16
mp-510581,-0.598292627833333,10
mp-769173,-4.12563557388889,6
mp-567339,-0.106186618055555,12
mp-601,-1.742946234821428,2
mp-9848,-0.6409127319246031,12
mp-12921,-1.269222546547619,6
mp-4589,-3.443447114384918,24
mp-1080083,-1.984140652827379,8
mp-10867,-1.22782753543651,6
mp-1190998,-1.7816771358184522,24
mp-3954,-1.2535913426488081,48
mp-1173356,-4.081951017777776,12
mp-1103021,-0.604620975555557,12
mp-20939,-0.481632232916666,4
mp-1186469,-0.6085797379166641,4
mp-999291,-0.784962838333331,4
mp-1571,-0.7583322279166661,4
mp-1188365,-1.1582202895833311,16
mp-1095120,-0.715758750555552,9
mp-1078557,-1.103968859583334,8
mp-1061,-1.017723627222225,6
mp-1037,-0.6931851386111051,6
mp-17446,-2.9053396454629583,36
mp-999305,-0.64049084583333,4
mp-2529,-0.625919645555551,6
mp-4789,-2.47127042533334,20
mp-2495,-2.28349878723958,2
mp-555096,-2.010772799930554,12
mp-1209293,-2.3540788363888883,12
mp-3992,-3.3434663914930542,6
mp-1209328,-2.071455792638887,24
mp-774472,-2.918105473888887,12
mp-1785,-1.42819474583333,2
mp-1079550,-0.8045159741666651,8
mp-20532,-0.944170084166664,8
mp-1209285,-0.9694118272222211,12
mp-13194,-2.794670680694446,24
mp-1024964,-1.071634687222212,6
mp-1018902,-1.102482508888886,6
mp-1102688,-1.624453302743053,12
mp-1018936,-1.386828901111105,6
mp-18677,-3.453176868916666,40
mp-4738,-0.819248793888886,6
mp-559756,-3.8785403928333313,20
mp-1189962,-2.295536750020829,20
mp-1674,-2.105255975364581,2
mp-570205,-1.890629875763887,12
mp-9968,-0.698613104583332,8
mp-27760,-0.55063753222222,6
mp-1025554,-0.508420734583332,8
mp-1209310,-0.939575920277775,12
mp-21891,-0.41842687111111104,6
mp-5493,-0.7705466616666661,8
mp-1190679,-0.45843162597222104,24
mp-31083,-0.7902706516666661,8
mp-1206235,-1.172192652222222,6
mp-1209346,-0.9407697955555521,12
mp-1206335,-0.6797490422222201,6
mp-1209299,-0.452638061333333,10
mp-1200190,-0.679500104119046,40
mp-29565,-0.8884981188888861,24
mp-1189045,-0.8936470635416671,16
mp-1080386,-1.109178295555552,6
mp-8654,-0.764182918888887,6
mp-1205551,-0.5330746093333331,10
mp-1219738,-2.273576948333332,8
mp-1219729,-0.5361399029761901,14
mp-1025069,-0.635029663888889,6
mp-376,-0.503863834166665,4
mp-1198507,-0.47860547808333104,40
mp-31412,-0.824945663888885,6
mp-862805,-0.6842041816666631,4
mp-1205817,-0.7613865177777781,9
mp-22645,-0.899980192222224,12
mp-21453,-1.028164191666664,12
mp-12381,-0.831037698888889,9
mp-21010,-0.49564471388888703,12
mp-558248,-3.502792147974359,26
mp-17722,-3.645757438166669,24
mp-1219788,-3.6162270658148152,36
mp-2532,-1.673009335833331,2
mp-975652,-1.485817645555556,6
mp-30125,-1.3219848776822931,8
mp-12351,-1.150842211666667,8
mp-1209288,-1.417627728888893,12
mp-1018941,-2.134459779722223,6
mp-21463,-0.720598751111109,6
mp-1206304,-0.716862676666664,10
mp-12599,-0.5041326808333361,2
mp-19490,-2.358237235000002,48
mp-1195020,-0.932716350584822,40
mp-1209389,-2.477551839583334,24
mp-2026,-0.39557035291667103,4
mp-1194930,-1.067109250844155,44
mp-999289,-1.589741347447915,4
mp-999288,-1.282813677083328,4
mp-1201800,-2.386009392020832,40
mp-1219740,-1.62077667104166,4
mp-1219726,-1.994162975572919,4
mp-1209329,-3.2025637978333332,20
mp-19169,-3.163636718611112,12
mp-1209337,-0.6640785948333331,20
mp-861479,-0.084039455416666,4
mp-460,-0.29901421583333404,2
mp-568148,-0.22007836430555602,24
mp-1072856,-0.35573769055555604,6
mp-1018946,-0.535190169722222,6
mp-1209297,-0.684403023055554,12
mp-1018952,-0.43808913111111203,6
mp-12703,-0.36171732499999903,9
mp-13206,-1.97574612407738,8
mp-12710,-0.674469673888891,9
mp-607715,-0.625410266805555,24
mp-975646,-1.8622293629166662,8
mp-22293,-0.641104982222222,12
mp-126,0.0,1
mp-541474,-1.15365942611111,36
mp-28721,-0.37016734187499906,22
mp-1197023,-1.40323690090909,44
mp-22048,-1.119710785000001,14
mp-1018129,-0.349503859999998,3
mp-28320,-0.42926442749999705,44
mp-1604,-0.8267827357142831,14
mp-974616,-0.034819157499995,4
mp-29767,-0.383304857916666,18
mp-1192386,-0.7979715101923041,26
mp-1080098,-0.229044203124999,8
mp-12788,-0.808723337500002,14
mp-561272,-3.328955441547618,28
mp-1105400,-0.728595624250003,20
mp-1198940,-0.361106573874997,40
mp-1210091,-0.6512686429166681,24
mp-1210067,-0.5715844922500021,20
mp-3435,-0.8819578227499981,20
mp-1209832,-1.463308204697801,13
mp-554150,-1.752089916666665,24
mp-568954,-1.5846004424088531,24
mp-556975,-1.842290476666665,24
mp-641534,-1.632453711158853,24
mp-560300,-1.731557277916665,24
mp-18303,-1.5831563211588322,24
mp-1186277,-3.28377778625,20
mp-1203103,-0.5741332089999981,40
mp-11773,-3.4508841035,20
mp-2015,-0.822470560937503,16
mp-21483,-0.37270731312499805,4
mp-1188947,-0.6659771665624981,16
mp-20385,-0.47341123649999806,5
mp-21022,-1.046397588249999,5
mp-1198756,-1.9844496196874981,40
mp-1198129,-3.002844181136364,44
mp-864652,-1.917803520660918,24
mp-1190807,-1.827464930869251,24
mp-557763,-3.643603394090909,44
mp-1188200,-0.16916858874999902,16
mp-1101908,-0.584629438124998,12
mp-1210073,-0.7203331241666671,24
mp-1220380,-0.590576937954547,11
mp-1188656,-0.14691678875000402,16
mp-17666,-3.091886021136346,22
mp-1094101,-1.0632483882500021,5
mp-1104199,-0.817927728214286,14
mp-1210151,-3.017871513750001,28
mp-1104743,-0.6155601004999991,15
mp-17753,-3.0752952643181812,22
mp-556023,-2.520952851312498,40
mp-554001,-2.2185709581696402,28
mp-3782,-2.606330456875,40
mp-542565,-0.883245043035713,28
mp-769366,-3.304870114772725,22
mp-1209975,-2.104354388705356,28
mp-559237,-1.8094671166071432,28
mp-561126,-1.758389743035714,28
mp-1209932,-1.5464727676875012,40
mp-864666,-1.7488467235156242,24
mp-17827,-1.6107653583810762,24
mp-1197860,-0.504982301874999,40
mp-680552,-0.569561617624999,40
mp-1192602,-0.6093447401785701,28
mp-1206318,-0.593904821749999,10
mp-1094085,-1.0218133365,5
mp-31417,-3.745643342712122,22
mp-18647,-3.350788909511718,32
mp-1189917,-0.36558378552084103,16
mp-675770,-3.8465635374999962,15
mp-1103818,-0.332733600178571,14
mp-1199143,-0.2841790253,50
mp-1209983,-0.43796784208333306,24
mp-1210076,-0.233335300416664,24
mp-1209976,-0.39038037333333303,24
mp-1209989,-0.529706413749999,24
mp-1220265,-3.453624959761905,42
mp-1220196,-0.220736813749999,8
mp-3375,-0.8768973445454541,22
mp-567369,-0.09089408277777901,9
mp-1188412,-0.541753112647085,17
mp-1210019,-0.08782095458333,24
mp-567342,-0.35697305416666203,24
mp-1210030,-0.335149068749999,24
mp-605835,-0.17576083958333202,24
mp-17340,-2.195277286832793,24
mp-541640,-2.259843389137937,29
mp-559514,-2.414506331590908,22
mp-30292,-2.03018731329861,18
mp-553278,-3.134966523366476,11
mp-570646,-1.783982662499997,36
mp-1220202,-0.689001724999999,12
mp-8793,-0.38598615788461604,13
mp-1210100,-0.755448200378791,22
mp-558340,-3.22806242625,18
mp-556908,-2.865603284270832,48
mp-1105838,-0.7712238321875,16
mp-1464,-0.8231713596874961,16
mp-172,-0.9400446680555521,36
mp-1104605,-0.590957939642854,14
mp-30522,-0.716647410312496,32
mp-1192051,-0.29986782989583205,24
mp-1202750,-0.8300243431448401,36
mp-1106152,-0.7216996840625001,16
mp-1204902,-0.7810553127777731,36
mp-1201296,-0.6467813172222201,36
mp-1103979,-0.236989397499996,14
mp-1188779,-1.131842134062498,16
mp-567735,-0.667828575937498,16
mp-355,-0.766747224999998,36
mp-1220346,-0.680703647589287,28
mp-510503,-0.689019435937499,16
mp-569347,-0.753105820277784,36
mp-560170,-3.036888929041666,20
mp-1105755,-0.31551774468750104,16
mp-1202368,-0.8241924785416661,36
mp-1210082,-0.21780659374999703,40
mp-1220262,-1.805736119999998,23
mp-1220256,-1.772408178043479,23
mp-1220273,-1.616972817948368,23
mp-1220237,-1.913868250344826,23
mp-1210112,-0.869176886034803,39
mp-1190606,-0.798109288478259,23
mp-1220717,-0.5965969555952371,21
mp-1106115,-0.49328981274999806,20
mp-1105567,-0.7383644812499981,20
mp-1189498,-0.496828002249998,20
mp-1192259,-0.32481249895833203,24
mp-1209933,-0.442405724423075,13
mp-1236,-0.279320871249996,2
mp-1072737,-0.290638825833331,6
mp-864793,-0.9020029099999961,16
mp-864893,-0.41674535687499703,4
mp-20880,-0.5761480291666641,6
mp-4808,-0.618603359722223,6
mp-864637,-0.45537945249999706,16
mp-400,-0.5581772608333321,6
mp-1206051,-0.586138961875,8
mp-1220172,-1.082197291250004,6
mp-16513,-0.49270663437499806,8
mp-1069375,-0.518551503499999,5
mp-7186,-0.610513811249999,6
mp-12734,-0.850864329583335,6
mp-12896,-0.5162427445833321,12
mp-12018,-0.4444772496875,8
mp-1102135,-0.5454893404166661,12
mp-16622,-0.5195107870454531,22
mp-1101773,-0.739335882499997,12
mp-1080560,-0.41024994694444306,9
mp-1206852,-0.7781586491666651,6
mp-6016,-2.859952355909091,44
mp-1078999,-0.381056153749999,8
mp-1078757,-0.508782830277779,9
mp-1220177,-0.469391071249998,6
mp-5899,-3.672470181499999,10
mp-976368,-0.804428674722222,9
mp-1188755,-0.881334572499994,16
mp-568130,-1.053607782499997,12
mp-1209843,-0.8200043166666671,12
mp-1220161,-0.737469985833333,6
mp-2602,-1.781174519999996,2
mp-1186304,-0.7570331074999981,16
mp-1209852,-0.8877515648611111,18
mp-1095216,-2.8055118241666652,12
mp-8949,-1.178936911666667,6
mp-1080453,-2.01408071,8
mp-1101764,-1.806557593437498,12
mp-2030585,-1.689557799687496,12
mp-690674,-1.602838564114583,12
mp-999338,-0.8108822362499951,4
mp-977417,-3.337575044791667,28
mp-569294,-0.577715003472224,6
mp-3055,-0.652754732638901,6
mp-1632,-0.6316373780000001,20
mp-1929,-0.5418206903571411,7
mp-1192144,-1.573379355208333,24
mp-7238,-3.466906322333334,20
mp-569341,-0.9263709424999991,12
mp-11597,-0.8671155033333341,5
mp-1209829,-0.7727433086111041,12
mp-3591,-0.696287231333332,5
mp-973809,-0.162117655535714,28
mp-23300,-0.9420215337500041,2
mp-553242,-2.3604428240625,8
mp-545529,-2.4068132021875,8
mp-549333,-2.2763558465625,8
mp-756400,-2.408715061249998,12
mp-1008858,-0.9460851791666641,3
mp-1210131,-0.716537049999998,12
mp-27975,-2.310550521874999,8
mp-23068,-3.28379890583333,6
mp-2297,-0.29459625249999905,3
mp-1059,-0.299887293749998,2
mp-1198736,-0.10557639756944201,36
mp-1008865,-0.313973819166664,3
mp-1080579,-0.531480763124997,8
mp-1186296,-0.278589096874998,4
mp-1186295,-0.267994552708331,4
mp-1209833,-0.6334022113888891,9
mp-977562,-0.6396255943750021,4
mp-1084794,-0.5082771905555541,9
mp-1186298,-0.400843728125001,4
mp-1220203,-0.409920414722223,6
mp-1077379,-0.27606414958333203,6
mp-1206604,-0.6560156124999991,9
mp-23183,-2.585905556250001,8
mp-23058,-3.471199014166668,6
mp-1197357,-0.842977228630951,36
mp-1200320,-0.763146323214259,36
mp-17319,-0.40264262232142906,28
mp-8761,-0.317720179374999,8
mp-20531,-0.598366772499992,6
mp-1080572,-0.652718539374999,8
mp-14625,-0.5622354905,5
mp-22599,-2.520969372499943,20
mp-21890,-0.656790592499999,6
mp-5170,-0.718578306874999,8
mp-1069204,-0.6135868985,5
mp-1210145,-2.805828713749999,32
mp-19269,-3.141842748000002,20
mp-19126,-2.7388551062499973,12
mp-15931,-1.685189645499999,20
mp-864797,-1.489497070406249,20
mp-1189585,-2.514529912685184,18
mp-13392,-0.18365714999999802,8
mp-11852,-0.196883715833332,6
mp-572807,-1.597352793145833,30
mp-1077428,-0.176990853749998,6
mp-1140,-0.16185717291666601,6
mp-1220173,-0.708450209166665,3
mp-1220204,-0.259869711250019,6
mp-4886,-2.610852319374999,4
mp-1173386,-2.383346918999999,20
mp-10495,-1.602238972656248,16
mp-20020,-0.765279154374997,8
mp-3739,-1.452259168281248,16
mp-8120,-0.677422834166667,6
mp-20774,-0.5873621158333351,6
mp-866063,-0.07710090729166501,4
mp-975528,-0.35454964645833204,4
mp-1220180,-0.55773304732143,14
mp-1191419,-1.896783643333333,24
mp-254,-4.452365858958333,24
mp-1220157,-0.6733940274999991,5
mp-20407,-2.776405970499999,20
mp-20690,-0.549096974166658,6
mp-4196,-0.617751108125,8
mp-1448,-0.693133176249997,4
mp-2524,-0.814071495833331,3
mp-11396,-0.6233651343749991,8
mp-1220258,-0.519520614861109,18
mp-1220219,-0.8909984970833281,6
mp-864621,-0.639408603124998,8
mp-1220156,-0.5991544979999951,5
mp-1220168,-0.5747703575,5
mp-1220188,-0.6601548754999981,5
mp-1220159,-0.687125955999998,5
mp-1220160,-0.724150048000004,5
mp-1102540,-0.549169387916666,12
mp-1104008,-0.39437106321428506,14
mp-1103550,-0.5561840666666641,12
mp-1101803,-0.839647422499997,12
mp-1188832,-0.8581861393750001,16
mp-1103572,-1.020425134166665,12
mp-1220152,-0.796210309166667,6
mp-1186343,-0.554571338125001,4
mp-1186378,-0.710643049374994,4
mp-663,-0.9472384237499971,4
mp-542593,-0.7998636449999981,16
mp-1079203,-0.7851898568749991,8
mp-1106223,-0.8989366899999991,16
mp-1018826,-0.830777172499998,6
mp-1103641,-0.8254483491666621,12
mp-1105807,-0.8694621918749971,16
mp-1220139,-1.008328710833331,6
mp-21044,-0.8906440249999981,12
mp-21194,-0.7298105841666661,6
mp-1199933,-1.554216241704545,44
mp-24096,-0.736950111666665,3
mp-24124,-2.400852244166666,12
mp-976578,-0.6655914338541651,24
mp-1202675,-1.5071967575411191,38
mp-1220134,-2.541773099107142,28
mp-1190994,-2.428892319583333,24
mp-625359,-2.8894026521875,8
mp-23831,-2.522781749843751,32
mp-1207192,-1.666678746770832,6
mp-1209873,-4.201867995535715,28
mp-11467,-0.557895587499999,2
mp-11468,-0.5219421108333311,3
mp-1186314,-0.462403226250003,8
mp-975933,-0.457062433958329,4
mp-1186309,-0.34619113229166604,4
mp-28753,-1.557796115833332,3
mp-864617,-1.690401188125,8
mp-755336,-3.038137594166668,6
mp-1206423,-0.628529378749995,2
mp-1210010,-1.751273931874999,32
mp-20914,-0.670277773125,8
mp-1190769,-0.20512303381944302,24
mp-1210541,-0.646338836708342,40
mp-1206811,-0.598591710208332,8
mp-21197,-0.580238471875002,4
mp-1078125,-0.33874126249999603,7
mp-510564,-0.435784930119043,7
mp-569768,-0.41640398187499605,4
mp-621362,-0.726908476944446,9
mp-568139,-0.6829360585416671,4
mp-22696,-0.46364907583333403,9
mp-1078673,-0.448483163611109,9
mp-1079595,-0.403820976041664,8
mp-1206218,-0.313031992361109,6
mp-21887,-0.7791027225,9
mp-672307,-0.9469256058333281,9
mp-1071890,-0.787758675694436,6
mp-31330,-0.6967559091666671,9
mp-890,-0.8006958375000011,6
mp-1101882,-0.6027412777083321,12
mp-1186318,-0.0025818331249990003,8
mp-1080801,-2.393805068520831,10
mp-13327,-2.18705656127083,10
mp-1327,-0.093786471249998,2
mp-13221,-0.161846879374998,24
mp-1787,-0.10229046812499801,4
mp-1209825,-0.24759409472222202,9
mp-866074,-0.28227156645833,4
mp-1205903,-0.6405343830555551,9
mp-866064,-0.7259730481249981,4
mp-866065,-0.307852513124997,4
mp-1071051,-0.188007068749999,6
mp-11155,-0.478719716666666,9
mp-864924,-0.460280274375001,4
mp-1206860,-0.398775271944442,9
mp-11194,-0.32420300208332303,6
mp-1205891,-0.642530406388887,9
mp-11091,-0.8851744997222121,9
mp-1209841,-0.585448164166665,12
mp-568049,-0.47882872687500105,16
mp-1077034,-0.5976206575,6
mp-1206643,-0.34200823305555705,9
mp-864925,-0.33861244312499905,4
mp-19393,-2.609972436357758,32
mp-1220158,-0.467753453086207,5
mp-20852,-2.963478812086206,20
mp-9527,-0.6576439229956901,8
mp-1193284,-2.585778148214286,28
mp-2599,-1.6327002231249992,2
mp-3901,-3.517525249583331,12
mp-999339,-0.31951349624999803,4
mp-6102,-0.45213508847222006,6
mp-1095561,-0.309904714374996,12
mp-8048,-0.42162302027777504,12
mp-1824,-0.275781184583332,6
mp-1192615,-0.332332308214284,28
mp-1209847,-1.023229389166663,12
mp-1191368,-0.531587759027777,24
mp-1206719,-0.6555433724999971,3
mp-5383,-0.25540077437499903,4
mp-1210049,-0.6950918191666651,12
mp-5215,-0.744844490624999,8
mp-1079171,-0.597557232500001,10
mp-22106,-2.425266711,20
mp-1102901,-1.147090677380955,12
mp-1220082,-0.25388868416666804,6
mp-1025087,-0.8904656791666631,6
mp-20490,-0.6245261483333301,12
mp-510580,-0.640351484687498,16
mp-510582,-0.598921291999999,10
mp-31049,-3.1596579241666642,6
mp-5634,-4.1572077274999995,6
mp-569630,-0.16814237583333602,12
mp-621994,-2.47005434583334,48
mp-2823,-1.773641222738092,2
mp-7332,-0.6451083537301581,12
mp-12922,-1.295849441825396,6
mp-3584,-3.4498277028571422,24
mp-3570,-1.240854755714272,6
mp-1191667,-1.7937375215128952,24
mp-3694,-1.251449374662698,48
mp-1173377,-4.10603690375,12
mp-20601,-0.47088536937499703,4
mp-865597,-0.613197059374996,4
mp-999336,-0.815613898749999,4
mp-2333,-0.790976059374998,4
mp-15227,-1.160272084687498,16
mp-1080485,-1.141360196249998,8
mp-2720,-1.037990905833339,6
mp-2359,-0.6934569879166661,6
mp-1102378,-0.011074114999994,12
mp-687204,-2.575887152727272,44
mp-999335,-0.6777139762499981,4
mp-2290,-0.654773344166663,6
mp-864699,-0.503514276041665,24
mp-4582,-2.495162424000007,20
mp-1102217,-0.166429828333335,12
mp-1748,-2.2970675451562492,2
mp-13568,-2.015935722708332,12
mp-27180,-2.357365391666667,12
mp-5760,-3.354096816770832,6
mp-1209894,-2.069790683333333,24
mp-1209906,-2.943758944166666,24
mp-1586,-1.432728883750002,2
mp-1079312,-0.8020229518749991,8
mp-21122,-0.9447041556249991,8
mp-1209911,-0.9936388458333361,12
mp-13195,-2.799145137916666,24
mp-1018815,-1.065285044166653,6
mp-15839,-1.108964282499999,6
mp-1103651,-1.614989898020833,12
mp-1018814,-1.383587161388881,6
mp-4854,-0.8310821775,6
mp-31117,-3.896463977999999,20
mp-1105614,-2.296833537187498,20
mp-1077443,-1.001132882500002,6
mp-1453,-2.106972128281249,2
mp-555650,-2.433827878515624,48
mp-12620,-3.229419413854167,6
mp-755364,-2.8743595082812483,12
mp-9967,-0.828679736249998,8
mp-884,-0.637268477499998,6
mp-1206055,-0.550971238125001,8
mp-1209840,-1.04350613791667,12
mp-3734,-0.823913970624999,8
mp-1190833,-0.46560011520833305,24
mp-1103026,-1.043520752916665,12
mp-28665,-0.8944711093750001,8
mp-1070369,-0.8632822704999991,5
mp-1068775,-0.661911826500002,5
mp-1070321,-0.798266127499999,5
mp-37949,-0.5992806058333331,6
mp-1220077,-3.401257328541667,24
mp-1102140,-1.078221519999999,12
mp-1206381,-0.706369649166664,6
mp-1070857,-0.547709559583333,6
mp-1210017,-0.902742619722223,36
mp-1209845,-0.915385706249999,16
mp-1077762,-1.10431766583333,6
mp-1206778,-1.055389293499996,5
mp-5239,-0.8322843941666681,6
mp-1220254,-0.47326805442241304,10
mp-975049,-0.556696038124997,4
mp-12701,-0.6387132791666681,6
mp-1977,-0.500384580624998,4
mp-1198161,-0.47731537125000106,40
mp-5646,-0.8340292058333281,6
mp-864668,-0.693674060624997,4
mp-1205749,-0.785165713055554,9
mp-22695,-0.914228098055554,12
mp-21111,-1.045247506388894,9
mp-567214,-0.8506385219444421,9
mp-28653,-3.507712333807692,26
mp-3203,-3.6765333174722423,12
mp-1220116,-3.62643061562963,36
mp-570,-1.6618503237499982,2
mp-4437,-1.312472164140622,8
mp-740,-1.144064649375,8
mp-39419,-2.772856553939394,44
mp-22331,-0.7431613880555541,6
mp-571405,-0.38732067541667003,2
mp-560630,-2.3568102771527792,24
mp-1209958,-2.484275819236111,24
mp-569352,-0.31272899687500705,4
mp-1194591,-1.067215342056277,44
mp-30799,-0.6435299880555541,9
mp-3664,-1.699453493958322,4
mp-568588,-1.608457378880201,4
mp-999319,-1.284247718541665,4
mp-1220154,-2.057302013632814,32
mp-1220117,-0.9944240190624991,8
mp-541129,-3.221048318000001,20
mp-18812,-3.17529278125,12
mp-1186335,-0.085848994374999,4
mp-1053,-0.314734558749997,2
mp-30802,-0.218186348124999,24
mp-30800,-0.367923294166668,6
mp-1105669,-0.3459575475,16
mp-7061,-1.9602675537499992,8
mp-1209836,-0.692596364166664,12
mp-1018822,-0.447289368055557,6
mp-9518,-1.996526119285714,8
mp-1087517,-0.6950113536111131,9
mp-607721,-0.649858282916664,24
mp-12516,-1.874198885624999,8
mp-20201,-0.6437857999999991,12
mp-111,0.0,1
mp-23,0.0,1
mp-1096784,-1.536824326785712,28
mp-19384,-1.600634289444444,9
mp-22552,-1.450527636818182,22
mp-9999,-0.47897765966666606,5
mp-1105036,-0.48696876035714304,14
mp-1070761,-0.439447912999997,5
mp-1104181,-0.42467452249999804,14
mp-1101457,-1.280503719722223,36
mp-28138,-0.5404013047727271,44
mp-755246,-0.9547511808333331,36
mp-27806,-0.974040527058822,17
mp-504722,-0.9114176944444441,36
mp-19135,-2.380431134642857,36
mp-1272688,-0.9832464427499981,40
mp-1104381,-0.737881771428569,14
mp-21275,-1.623124937499998,28
mp-505271,-1.7959548794444422,36
mp-12463,-0.298515630999997,10
mp-510445,-0.38342228855158605,36
mp-29885,-0.431534245399658,42
mp-2790,-0.471399799992996,17
mp-1210211,-0.428884979994588,22
mp-1220298,-0.36353927437499906,25
mp-10123,-0.23933992637931,29
mp-1209988,-0.259152965689656,29
mp-21573,-0.28109198982758504,29
mp-2536,-0.28265351916666603,6
mp-22638,-1.662257669999998,14
mp-504704,-1.895994507727273,22
mp-18626,-1.8490160375,22
mp-4091,-0.317115194999997,24
mp-21536,-0.098268498214281,28
mp-554705,-2.228525349707793,22
mp-1209823,-0.48137482491071104,8
mp-675691,-0.700684647142856,14
mp-3250,-0.46743144566666506,10
mp-568925,-0.21323079857142901,7
mp-504909,-0.39632478303571306,16
mp-17360,-1.449301156538462,26
mp-504969,-1.5391860623076932,26
mp-18806,-1.976881564393941,22
mp-642190,-0.443930643571432,14
mp-30973,-0.23044672044643102,14
mp-22697,-2.111297404560441,26
mp-22596,-0.475795109999998,7
mp-5528,-0.5221756349999991,7
mp-24731,-1.9717721725283441,42
mp-2058,-0.23660327500000003,16
mp-504714,-2.36208757642361,48
mp-1210020,-1.646923544351854,36
mp-21008,-0.2472801625,4
mp-24540,-1.290308527751735,36
mp-11506,-0.052448666249999006,8
mp-560757,-1.608647453961397,34
mp-656887,-1.046750069285714,14
mp-2296,-0.42414166386904706,16
mp-651726,-2.290910959025973,44
mp-12798,-0.069345527499999,4
mp-362,-0.5714508529999991,5
mp-1050,-0.658521378571426,14
mp-1105117,-2.032984044999999,38
mp-2056,-0.286681585625001,5
mp-1120781,-0.35932785589285704,14
mp-1105005,-1.233504175756579,38
mp-11522,-0.185863532499998,4
mp-669720,-0.26081920550000004,20
mp-20174,-0.22278011999999803,7
mp-19448,-1.382643370166666,10
mp-541751,-0.19002738342105402,38
mp-640067,-0.27719987928571505,28
mp-30811,-0.052679011999998006,5
mp-941,-0.21225052071428402,42
mp-1428,-0.27314263875,16
mp-1920,-0.48926179882275106,36
mp-555343,-1.2190517125815221,46
mp-1194971,-1.267650496059781,46
mp-704879,-1.33437666789855,46
mp-1078540,-0.28069170583333203,9
mp-1219800,-0.37948832533068805,9
mp-30052,-0.079962934615386,26
mp-1219797,-0.273742513148146,9
mp-1194082,-0.054224523076921,26
mp-555442,-1.3893078248484851,33
mp-1220141,-0.133859670735296,34
mp-1105564,-0.192656441249999,18
mp-1220146,-0.24064432013157902,38
mp-22703,-0.30098696134615405,26
mp-976920,-0.610980450588233,34
mp-19814,-0.280906666666666,6
mp-19768,-0.425017425833334,6
mp-3830,-0.490744344166665,12
mp-10846,-0.314225984687498,12
mp-997095,-0.8277594062500001,8
mp-557209,-1.64332654625,32
mp-556993,-2.117806550892858,32
mp-27637,-0.7516804466666671,3
mp-19147,-1.6542193050000011,10
mp-27396,-0.9834993083333331,3
mp-559798,-2.23065729,6
mp-614777,-1.9186620925,8
mp-1099,-0.26575252999999804,8
mp-1173402,-1.712276203076922,26
mp-3274,-0.462582204999997,6
mp-29752,-0.33175783875000003,8
mp-24719,-0.011127414374999001,2
mp-1181715,-1.268271875747282,46
mp-24231,-1.248853538809524,21
mp-643570,-1.599307243888888,18
mp-23968,-1.2525212472048661,36
mp-1193552,-1.061345252666667,30
mp-27638,-0.380275129999998,3
mp-505273,-1.747228199166667,24
mp-7632,-0.5633392071031741,9
mp-10208,-0.6115108464880941,8
mp-19009,-1.218085299999999,2
mp-22619,-0.40791869115079205,12
mp-510650,-1.765526985204085,42
mp-1086669,-0.48356494898809604,8
mp-2301,-0.313436003482141,16
mp-758839,-1.660871857399267,39
mp-1209791,-0.24286590388095103,20
mp-735535,-1.4585287855102052,28
mp-1018823,-0.6905963176587301,6
mp-505820,-0.5198952182142871,12
mp-20854,-2.127497956249998,8
mp-1078668,-1.289322196999998,10
mp-945,-0.095115924999998,4
mp-1186117,-0.063425809999997,4
mp-558838,-1.9194652237499992,8
mp-20580,-1.904572331249999,8
mp-1180046,-0.591526538333332,6
mp-18749,-1.711362256249999,12
mp-810,-0.25422509999999904,4
mp-19895,-0.188414455,6
mp-1219954,-0.21025174312500203,16
mp-3679,-0.5463531583333331,12
mp-10847,-0.308435679687498,12
mp-15651,-0.32913280119791705,6
mp-20901,-0.319800996041666,12
mp-20460,-1.25510434046875,20
mp-18817,-1.18907068039063,12
mp-1206638,-0.22768509749999702,4
mp-560023,-2.637825353124999,8
mp-10264,-0.19041621250000001,4
mp-2578,-0.22533823666666802,3
mp-1220014,-1.411543647777782,24
mp-21179,-1.900100025833332,12
mp-11534,0.0,8
mp-5267,-0.31081393374999805,13
mp-22385,-0.311172252980778,13
mp-505372,-0.197959795892858,42
mp-22125,-0.38929859974999703,5
mp-21130,-0.6143430297500001,5
mp-1209793,-0.571735513792015,17
mp-10866,-0.455058705749999,5
mp-16471,-0.801209365749997,5
mp-570073,-0.537845333749999,5
mp-27986,-3.418890235749999,5
mp-1196815,-0.555618815553221,34
mp-20166,-0.455028007750001,5
mp-22433,-0.987876110749999,10
mp-9033,-0.7128942557500011,5
mp-9042,-0.8079278577500021,5
mp-505142,-1.006215216750001,10
mp-20292,-1.013417883749997,5
mp-3106,-0.8526320557500011,5
mp-647347,-0.9423733764999951,10
mp-647240,-0.655115794499994,10
mp-1203025,-1.640778014249997,40
mp-554714,-3.448520474642858,28
mp-1202868,-0.32339999625000004,40
mp-504783,-2.163276733187501,20
mp-1209834,-1.604470567366072,28
mp-1207029,-2.814839732999999,5
mp-1200721,-2.7116215087500013,48
mp-684922,-1.45855285665625,40
mp-1103625,-1.311017612745536,28
mp-1196536,-2.429506425820314,48
mp-573390,-0.570627421944443,18
mp-505267,-0.664248312500003,18
mp-1189843,-0.27805172861111105,18
mp-982385,-2.097925771289055,32
mp-2039388,-1.89362666107142,14
mp-1197019,-1.474200145683626,32
mp-568841,-0.9547661375595311,14
mp-20660,-0.40101239458333204,6
mp-2047851,-0.3581508809375,8
mp-16520,-0.323540995749999,10
mp-2186,-1.3150603206250011,2
mp-19867,-0.9375004945833321,6
mp-15691,-1.601912328020835,6
mp-20127,-1.11098700786459,6
mp-864613,-0.443336927187495,4
mp-1103809,-0.265630878365385,13
mp-1083,-0.5809013012499991,3
mp-1199282,-2.800497673020833,48
mp-1188425,-0.5731357017500011,20
mp-30442,-0.064021997410716,28
mp-23166,-1.8072203021875,8
mp-977422,-0.5178324696874981,4
mp-23278,-2.3544468428125,8
mp-2752817,-2.054876324749997,10
mp-310,-0.079578202916669,6
mp-1087496,-1.700199693348213,8
mp-14107,-4.007879197187499,8
mp-504787,-4.010959970083332,30
mp-1209816,-3.301225269821427,28
mp-20821,-0.195459952812502,4
mp-1080762,-0.16559201175000102,10
mp-1025198,-0.31385263946428604,7
mp-20365,-0.2582524046875,4
mp-24285,-0.523193232083334,3
mp-977385,-0.573973663749999,4
mp-1204846,-1.465715358229167,48
mp-504781,-1.213472785937503,8
mp-30279,-2.122867483749997,28
mp-2149,-0.7848182312499901,6
mp-2596,-1.6285575687499971,2
mp-1532,-0.19839139791666502,6
mp-1025137,-0.24091817145833203,6
mp-2616,-3.601204179583336,3
mp-10108,-1.429588853363093,2
mp-18560,-3.224106013341837,28
mp-1188998,-0.7436038034375011,16
mp-1066577,-1.019517436875006,4
mp-1105856,-0.942481665937492,16
mp-11536,-0.563145994687495,4
mp-10109,-1.909519385781251,2
mp-8137,-2.652236148750001,6
mp-20969,-0.31611448937499903,2
mp-1095677,-0.366946622083334,12
mp-977366,-0.292754159687499,4
mp-1018824,-0.7913595468055591,6
mp-627,-1.299778385546872,2
mp-1095184,-1.225057957695313,8
mp-1103836,-2.375592801584823,14
mp-21298,-0.48395127791666903,6
mp-1206288,-0.7635497021875001,8
mp-881,-0.32023990218750203,4
mp-977411,-0.5747862971874931,4
mp-20314,-0.771060841805554,9
mp-1018829,-0.9406316990277801,6
mp-1078669,-0.862641062187499,8
mp-20721,-0.7914132893055581,6
mp-1209723,-3.110663093750001,18
mp-12957,0.0,8
mp-1524462,0.0,8
mp-1095223,-0.496055719166667,12
mp-49,0.0,2
mp-757594,-1.840872333333333,42
mp-1104676,-0.642403067645827,15
mp-557132,-1.90028445229158,48
mp-1186374,-0.05047099625000501,8
mp-28301,-0.536235791499999,40
mp-616196,-0.9219372133333331,18
mp-29133,-1.147949698749998,4
mp-571035,-0.516484928000002,5
mp-540830,-1.8343220304166672,48
mp-22626,-1.780746362857144,28
mp-996,-1.343400869999998,6
mp-28845,-1.71168701375,24
mp-1524458,-1.529192906999997,5
mp-555514,-2.000467333928573,28
mp-680932,-1.400550858999998,20
mp-1220023,-0.014805672500003001,2
mp-974326,-0.009306451250004,8
mp-20905,-0.484088481041671,12
mp-2480,-0.279755602708334,12
mp-1198672,-0.7481943774826381,36
mp-570238,-0.15810278619047602,18
mp-24298,-1.407405354480519,22
mp-10155,-0.8183616969841261,12
mp-1200699,-2.737263622142857,36
mp-2173,-2.449045707040817,28
mp-2319,-0.607371185317461,6
mp-558403,-2.122139237678571,48
mp-22325,-2.417288511298698,44
mp-505799,-2.334980531098899,26
mp-1220066,-2.208265631936089,38
mp-30108,-0.18049598619047602,10
mp-28266,-0.42824703142857,6
mp-3006,-0.634964529175822,13
mp-29274,-2.167519598253974,18
mp-1195693,-2.18961626220779,44
mp-730,-0.789592848650793,12
mp-13871,-0.44480274013605803,14
mp-29282,-2.080259031928571,40
mp-15953,-0.7267235144841251,12
mp-1413,-0.6742735869841281,6
mp-541788,-0.21566022750212602,28
mp-1199938,-0.17409920507109602,36
mp-11328,-0.38150328531745903,6
mp-755995,-2.524320427428571,20
mp-687234,-2.410133454935064,22
mp-780572,-2.507801902584033,34
mp-27258,-0.16322673278571,10
mp-2013315,-0.640649837579365,18
mp-13853,-0.733284737232143,16
mp-560585,-2.247317921456041,26
mp-567907,-0.48987264595982205,16
mp-1220062,-2.267795019234693,42
mp-504748,-2.29718671494898,42
mp-21554,-2.372924274948979,42
mp-505363,-0.472955544892855,20
mp-1357,-0.652406118482142,16
mp-28400,-0.591826474732142,16
mp-558870,-2.292726193763733,26
mp-28393,-0.339834322912945,32
mp-28950,-0.7901425662337641,22
mp-1103842,-0.461389905047618,15
mp-555863,-2.432313209523809,17
mp-27173,-0.514703536714284,15
mp-541352,-0.395706129841268,36
mp-2650,-0.221087734690204,44
mp-1201169,-0.44759513534474105,36
mp-28089,-0.32251802784474204,36
mp-1201560,-0.030557382916665002,32
mp-23355,-0.661167174662698,24
mp-28387,-0.595116317047617,40
mp-1095283,-1.758875572440474,12
mp-30938,-0.21174080820436303,12
mp-570315,-0.681259116785714,32
mp-27257,-0.7874999842857141,16
mp-558645,-1.254980080928571,20
mp-22874,-0.7813882074404751,24
mp-647343,-0.720567094330356,32
mp-23230,-0.7302945176190471,16
mp-2015815,-1.5870220954285812,20
mp-569410,-0.650811190079366,18
mp-558681,-2.417952761678572,40
mp-8511,-2.726831949662697,12
mp-29515,-1.846990989523809,12
mp-722832,-2.042307195339285,40
mp-2213127,-1.8859283151041661,32
mp-23902,-1.884741790111606,32
mp-27689,-0.369093825773809,12
mp-24409,-0.26682770910714204,12
mp-706976,-1.7320717742142842,40
mp-1204896,-1.552503031596639,34
mp-1220029,-1.473618822261903,24
mp-29514,-2.398073845148818,24
mp-697139,-0.524867325431548,16
mp-698060,-2.187462387428571,40
mp-865973,-2.697820168278061,14
mp-1220034,-2.176725317270407,14
mp-642795,-1.628153310178571,20
mp-29443,-0.313406983214285,6
mp-27529,-0.341758141160712,8
mp-27824,-0.9774495118303571,16
mp-573373,-0.9628011414642861,40
mp-2082,-0.47138817932539706,3
mp-1220004,-0.8595514077628931,12
mp-560008,-2.056323034910715,8
mp-753671,-1.479780393214285,6
mp-1102534,-0.5614098710962311,12
mp-1200124,-2.072459004017854,32
mp-20199,-0.725549568928569,20
mp-20316,-0.411696905532741,20
mp-19879,-0.47868793553571404,16
mp-1618,-0.313427104948978,28
mp-7280,-0.594736475714283,24
mp-3123,-0.5401804127455351,24
mp-2732,-0.825363619325396,3
mp-28870,-1.968267120773808,36
mp-1219924,-0.838464131929564,12
mp-1102531,-0.729477651512896,12
mp-12636,-0.608931266488095,8
mp-21911,-0.432611893492063,12
mp-28885,-0.090475402269344,32
mp-662547,-0.533182666094426,44
mp-2420,-0.36425906398809305,8
mp-1197519,-0.878780814092262,32
mp-2767174,-0.8848117087698391,24
mp-25432,-2.543892059948979,14
mp-29366,-2.461611074591843,28
mp-62,0.0,1
mp-1186372,-0.532560661249995,4
mp-862869,-1.665343718687501,10
mp-973843,-0.627868816666667,4
mp-862848,-0.13792461249999302,4
mp-2622,-1.188697596428572,14
mp-862864,-0.32457352499999803,4
mp-567978,-1.347214060272108,14
mp-862862,-0.384720024999992,4
mp-19987,-0.662041312142849,14
mp-862861,-0.315509953749995,4
mp-862863,-0.41065149250000105,4
mp-977455,-2.8303952513333472,5
mp-864791,-0.444656681250002,4
mp-862844,-0.28586308999999904,8
mp-1186389,-0.21299190749999802,4
mp-865149,-0.604847784999996,4
mp-865148,-0.38721710749999905,4
mp-15694,-1.208501476249992,2
mp-11106,-1.065081468333332,6
mp-1194288,-0.123569421785714,28
mp-540540,-2.542195351999999,10
mp-27474,-1.857753990000003,10
mp-27642,-1.884624831249997,24
mp-567580,-0.5916299299999961,2
mp-861974,-0.719785839999997,4
mp-27291,-2.149853655000001,10
mp-27436,-2.01935245125,12
mp-864655,-0.16253061999999402,4
mp-864717,-0.11853315749999901,4
mp-1186420,-0.034073929999999,8
mp-1186416,-0.39002634750000104,8
mp-861976,-0.16872578937500102,4
mp-861980,-0.279342979999995,4
mp-862816,-0.404892057499996,4
mp-505570,-0.42284988843749705,32
mp-1186395,-2.799456755500001,5
mp-1186414,-0.5179221568750021,4
mp-862851,-1.146055575000001,8
mp-861987,-0.25160337250000003,4
mp-862823,-0.102407864999996,4
mp-1173345,-3.13543720194445,12
mp-1186458,-0.43602543999999405,4
mp-1186492,-0.12720760249999302,4
mp-30741,-0.9244997274999981,4
mp-861991,-0.154147683965517,4
mp-1009545,-1.827745474374992,2
mp-861995,-0.391738926249998,4
mp-862852,-0.37389108749999805,8
mp-2364,-4.02262173,3
mp-861975,-3.081037021250002,4
mp-1019093,-1.144111996984122,6
mp-862854,-0.7811981012499981,8
mp-862858,-1.11135505,8
mp-1077534,-0.830400936666658,6
mp-30825,-0.9383929850000001,4
mp-862857,-1.113540152109372,8
mp-1018880,-0.625476178333334,6
mp-862822,-0.625523767499998,4
mp-1186407,-0.38155053999999905,4
mp-1186412,-0.25140460875000004,4
mp-1186406,-0.24243600749999603,4
mp-862831,-0.361548776666666,4
mp-862832,-3.167280823666671,5
mp-862835,-0.7720785374999971,4
mp-862843,-0.383159449999999,4
mp-1186430,-0.090533839999999,4
mp-20483,0.0,1
mp-754665,-0.6555051605555561,18
mp-28513,-0.7205493000000031,18
mp-28857,-1.051317116666668,36
mp-20820,-1.068641512777766,36
mp-22795,-0.089213313333336,6
mp-1206495,-1.854966279999998,10
mp-505702,-1.719503321785714,28
mp-23104,-1.929361382999999,10
mp-1206410,-1.728314184999999,10
mp-27355,-2.206819075,20
mp-557531,-2.173825614722221,18
mp-21497,-1.834869791562503,16
mp-1192446,-1.212020458381697,28
mp-505284,-1.46257496,28
mp-510030,-1.571902337142855,28
mp-619661,-1.282339781785712,28
mp-22633,-1.44698115428571,28
mp-1194412,-1.436767036514422,26
mp-1193210,-1.336780745360576,26
mp-510293,-1.478446876371529,18
mp-27581,-2.392628339761905,21
mp-1190478,-0.07032664208333,24
mp-2456335,-1.293377115833332,12
mp-23008,-1.9919085849999942,6
mp-19893,-1.8087626935,20
mp-23291,-1.308738062500002,12
mp-22964,-1.982853677499998,6
mp-315,-2.544010303333332,3
mp-20652,-2.26442824375,16
mp-341,-1.990905017999998,5
mp-567503,-0.9218665316666631,6
mp-19921,-1.469972337031249,4
mp-20725,-1.299647031666666,6
mp-21276,-0.7840503037499971,8
mp-1025039,-0.6219328300000001,6
mp-3472,-1.910636434166657,24
mp-2201,-0.6725727545312451,2
mp-662535,-1.362965099648438,32
mp-630329,-1.45657471196875,40
mp-22342,-1.403858754557288,24
mp-504591,-2.054140709166665,24
mp-2,0.0,1
mp-8585,-1.2320154699999981,22
mp-1189263,-0.755867288333332,18
mp-28982,-1.068089196111111,18
mp-28174,-0.33480553895833304,9
mp-2422143,-0.576184668229166,9
mp-567437,-0.20242243954545103,44
mp-28175,-0.408247119236109,18
mp-393,-0.306646519551629,23
mp-1103838,-1.07494089857143,14
mp-554993,-0.564319634999996,14
mp-999298,-0.049388452499997,4
mp-20849,-0.30311032999999904,4
mp-558378,-0.262081896953123,8
mp-1209912,-0.418421893281248,48
mp-7818,-0.16782736481249802,10
mp-2503,-0.300688744659088,22
mp-973839,-0.096254770000001,4
mp-27857,-0.694771309999999,24
mp-29487,-0.5866676483333321,18
mp-20284,-1.379162214166664,12
mp-1524446,-1.452075918750001,8
mp-13868,-1.320648856999999,10
mp-27747,-0.503004289999998,12
mp-1336,-0.789826404999999,4
mp-1018886,-0.7275267350000001,6
mp-1210215,-0.267064972500001,32
mp-20599,-0.20799519000000002,6
mp-1209528,-2.168146161666666,18
mp-1194403,-1.349651619975958,26
mp-20805,-1.9771300641666651,12
mp-22367,-1.149602967499999,8
mp-1219908,-0.04271062499999,2
mp-1186450,-0.035304807499997,4
mp-8547,-1.4742813174999991,8
mp-20250,-0.45752569015624905,16
mp-13682,-0.338315096875,12
mp-560901,-0.48019835718749904,48
mp-2677258,-1.416569747083333,12
mp-21165,-0.391958783281246,16
mp-23165,-0.6577550981249981,48
mp-23290,-0.47506400999999804,18
mp-31134,-0.502917241458334,48
mp-8943,-1.375093648,10
mp-505319,-1.151997960357141,28
mp-28319,-0.41580178833333703,12
mp-28268,-0.431066994375,16
mp-669496,-0.433000066749999,40
mp-1285,-0.9266031233333341,6
mp-1066274,-0.311851534999995,4
mp-21296,-0.16461350999999202,10
mp-20458,-1.942023894999998,8
mp-974376,-0.024695205,4
mp-288,-0.5334567439062461,4
mp-762,-0.440054991874996,3
mp-1115,-0.46391612604166704,3
mp-582819,0.0,8
mp-1219763,-0.387376867750001,10
mp-22383,-0.6568721737500021,5
mp-555672,-1.942648152604165,36
mp-505143,-0.7775021547500041,10
mp-20171,-0.5475851177499931,5
mp-21225,-0.452224483749998,5
mp-20047,-0.6196978577499931,5
mp-867963,-0.780623839749998,10
mp-22657,-0.826779003749997,5
mp-22559,-0.6062373617499971,5
mp-19891,-0.28472294399999704,20
mp-1186804,-0.46798223374999903,4
mp-640470,-0.5508036698333251,10
mp-640039,-0.321616743833327,10
mp-637224,-3.305053022499996,40
mp-1199331,-0.327793702499997,40
mp-33239,-1.838213817999994,40
mp-21421,-2.935936388999995,5
mp-1205450,-1.9907332259374981,20
mp-20934,-0.6751720252777821,18
mp-725556,-2.475210009038462,26
mp-19947,-0.5849195874999871,10
mp-1197233,-0.618917103333334,36
mp-684844,-1.126383505999993,40
mp-1206890,-2.61899688283333,5
mp-1202803,-1.8274204753124952,32
mp-1105910,-0.10867245513157801,19
mp-581934,-0.646854029062495,4
mp-1209671,-2.02564903678571,14
mp-580329,-0.6646685165625,4
mp-567814,-0.10856865864999801,50
mp-1209700,-0.796178834285716,14
mp-1209614,-0.5154665835714161,14
mp-2848,-0.13564146109374,16
mp-2752790,-0.626683079531247,32
mp-21416,-0.522911192916666,6
mp-542776,-0.33747721274999903,10
mp-2548,-1.461516305625004,2
mp-861592,-0.562855798437503,8
mp-1104892,-0.291514150673077,13
mp-1095228,-0.5474285184375041,12
mp-1072199,-0.47142135784721906,6
mp-1188931,-0.31646557614583004,16
mp-1024968,-0.5031927861805501,6
mp-1072629,-0.34166313284721805,6
mp-20467,-0.5973231562500011,20
mp-1190919,-0.44128776756944105,24
mp-1191689,-0.41798034798610806,24
mp-1191620,-0.457921326736109,24
mp-1191218,-0.42013650173610806,24
mp-337,-0.081723463482142,28
mp-22879,-0.739028276875004,2
mp-27974,-1.851940790937495,8
mp-1197139,-0.11527012961805201,36
mp-862859,-0.5187628346875001,4
mp-1186660,-0.27701961343750203,4
mp-867358,-2.152299367916669,6
mp-22918,-2.3443700303125,8
mp-863,-0.09970723958333301,6
mp-999290,-0.255708814687498,4
mp-2016621,-0.08167923125000201,6
mp-8033,-4.190149390937499,8
mp-1209625,-3.936220456416667,30
mp-29635,-0.5618727506249991,8
mp-21200,-0.567075982916667,3
mp-21349,-0.498808810937497,8
mp-1078774,-0.477063157638885,9
mp-21484,-0.39338898718749904,4
mp-24720,-0.6058255287499981,3
mp-23679,-0.616369731249999,8
mp-1186792,-0.23340114281249602,4
mp-27978,-1.276163642187497,8
mp-21468,-0.45595014437500203,2
mp-20360,-0.42649979218749906,4
mp-1188083,-0.565058152187496,4
mp-1209553,-0.32895023031250004,16
mp-1719,-1.6748510637499971,2
mp-636403,-0.125320706354163,12
mp-21315,-0.128845209791663,6
mp-1959,-3.493067072916661,3
mp-20230,-3.593356927916668,6
mp-926,-1.541022508363092,2
mp-1190526,-3.108789552648796,24
mp-675479,-3.897200003124998,12
mp-21172,-0.052815312187494,4
mp-1186795,-0.22374363968749403,4
mp-21085,-0.48326001218749703,4
mp-1065793,-0.550982481874992,4
mp-2523,-0.5981284421874961,4
mp-7751,-0.44096217479166205,6
mp-1192270,-0.591045057708337,24
mp-1897,-0.334722351249994,6
mp-1678,-0.296090662187495,4
mp-2086,-1.7905322431249941,2
mp-639690,-1.594299316249994,6
mp-1102456,-0.47165230208332903,12
mp-863035,-0.368060018437498,8
mp-1018953,-0.904415065138884,6
mp-2288,-1.923234833906249,2
mp-20713,-0.7384050431249981,8
mp-10186,-0.582309402916668,3
mp-1102067,-0.49823853791666706,12
mp-861599,-0.5613286821875001,4
mp-2017283,-0.532736908437502,16
mp-1191553,-0.633897262708335,24
mp-1556,-1.103204677708326,2
mp-1019107,-1.05908852069444,6
mp-1080793,-0.9295126421874961,8
mp-1197213,-2.205029352541665,40
mp-2647162,-2.518833282916666,20
mp-1219685,-0.3628361909375,4
mp-1219668,-1.673681955312496,4
mp-1188092,-0.066405869687494,16
mp-1186805,-0.22170171218748802,4
mp-1179656,0.0,8
mp-1207207,-0.45005214450000003,5
mp-1206926,-0.602035396499998,5
mp-1206129,-0.390420132500001,5
mp-24123,-0.461025760384613,26
mp-1207142,-0.37593397250000105,5
mp-1206941,-0.5650831233571421,5
mp-560663,-0.804153500499998,5
mp-1239181,-1.121037308214285,28
mp-975359,-0.264757954499994,5
mp-1192510,-0.19765690107142903,28
mp-1219661,-0.46482282750000004,9
mp-568168,-0.247203897045451,11
mp-20804,-0.26451472226190403,14
mp-1219790,-1.260683970921078,38
mp-8117,-1.020204569285711,14
mp-1103685,-0.9177317542187501,14
mp-1219680,-1.3972792658333462,15
mp-1219672,-1.147805925750001,15
mp-5050,-1.662312743611107,18
mp-1206529,-0.6370826373571401,5
mp-1207113,-0.728778243357142,5
mp-1206858,-0.6218137913571421,5
mp-1209548,-1.476450811346154,13
mp-9798,-0.767052543124999,14
mp-1219656,-0.670289198611111,9
mp-1192409,-0.24926267750000003,28
mp-38070,-1.637437328425925,18
mp-9523,-1.7963122112847212,9
mp-1219673,-1.4706847744166751,15
mp-1179800,-2.241699584807691,26
mp-2767055,-2.357932456923077,26
mp-698610,-2.229965134699999,50
mp-1219774,-0.505049084761904,21
mp-1209652,-1.518234018928569,28
mp-22976,-1.884424737142858,28
mp-557824,-1.053173752727272,44
mp-541059,-0.9210103467329581,44
mp-541355,-0.9993860065056801,44
mp-541916,-0.70040900047743,48
mp-555852,-0.8837679525925921,18
mp-510240,-0.630635717685179,18
mp-1111655,-1.535834353416666,10
mp-570536,-0.758084205476187,28
mp-1110810,-1.665001007666667,10
mp-567714,-1.576850249027777,24
mp-29693,-1.764678433194443,24
mp-23399,-1.290396494861111,24
mp-1110784,-2.5906074216666672,10
mp-1105212,-0.9908134589136891,16
mp-1110603,-2.169373212666664,10
mp-1110602,-2.264492504666665,10
mp-1110803,-1.615785375666666,10
mp-557540,-0.8879440811458321,32
mp-556275,-2.527796269230769,13
mp-1110614,-3.052170508666666,10
mp-1113654,-3.190875712833334,10
mp-1205560,-0.49731150700000004,10
mp-13445,-0.482807899999998,10
mp-15556,-0.40697164749999903,10
mp-11814,-0.29863914900000105,5
mp-16184,-0.8198785858854201,22
mp-755752,-2.3777233978571433,28
mp-557027,-2.974367648076923,26
mp-3009,-3.309062653214286,28
mp-1201257,-1.17871286173913,46
mp-1219787,-0.8919640331850981,26
mp-1209655,-2.891484586875002,32
mp-989573,-1.1812926335,10
mp-1029784,-0.572439399999999,15
mp-4138,-2.084387825,24
mp-1020641,-3.167380317812501,32
mp-559758,-2.640783560208334,48
mp-1103709,-1.5375679057142841,14
mp-541897,-0.854305310758928,22
mp-1209499,-1.369924264285714,14
mp-18556,-1.049852822777775,36
mp-16818,-1.042348969652775,36
mp-1219760,-0.288982329999999,10
mp-29901,-0.863228203518516,36
mp-1191656,-0.264851970454544,22
mp-1209531,-1.349118694285715,14
mp-28364,-1.353627480499999,20
mp-1194560,-2.533896077232141,48
mp-1209654,-2.194873702500001,32
mp-1210098,-2.5298595321875,32
mp-676666,-2.707191813333332,12
mp-542299,-1.3254184585714262,28
mp-23366,-1.4916028921428581,28
mp-23076,-1.764874908214286,28
mp-560878,-2.481685928333333,9
mp-27517,-1.122183679285713,14
mp-1277299,-1.4596734441666661,12
mp-1219755,-1.771146268571428,14
mp-554838,-1.6876384526315782,38
mp-17385,-1.9351933502272711,22
mp-1110610,-2.736779278666666,10
mp-33498,-1.906372723571428,14
mp-27154,-3.1019547465625,32
mp-2041196,-2.964953194999999,9
mp-728170,-1.7901658481818181,44
mp-17071,-2.060843094285714,28
mp-571638,-1.581548951428571,14
mp-1195291,-0.797405277499999,44
mp-1198918,-2.2359671899378872,46
mp-1196467,-2.3677273721428582,50
mp-1110690,-1.6369621595,10
mp-1025177,-2.511020542142858,7
mp-1206438,-2.275893610555554,9
mp-1110686,-1.5882643994999999,10
mp-1111732,-2.028006738166666,10
mp-1209650,-2.332081015000001,32
mp-1113297,-2.056438472000001,10
mp-1209763,-3.421606520937501,32
mp-2749603,-3.4399635346875,32
mp-1206640,-2.827688656428572,7
mp-28600,-2.898034175312505,32
mp-1101471,-1.43114921142857,28
mp-1186921,-2.23488885,34
mp-1110609,-2.6974395524166663,10
mp-15416,-0.47171106375000105,40
mp-29371,-0.490261971749999,40
mp-1209447,-2.546784238125002,32
mp-541879,-1.0549631925,36
mp-541880,-0.960065381024303,36
mp-7949,-3.048175578888887,9
mp-11639,-1.196571154583332,12
mp-9794,-1.110592218671873,12
mp-644494,-0.37252191142857005,14
mp-642735,-0.48832260857143006,14
mp-24007,-1.720666494250001,10
mp-863749,-3.137224715555555,9
mp-17256,-3.9629965722222202,36
mp-13947,-3.752587201666664,9
mp-541819,-0.6351787290997011,42
mp-567515,-1.190028612307692,13
mp-568252,-1.405880106923077,13
mp-1209424,-0.7968394895,30
mp-1105496,-0.787987856319448,18
mp-29107,-0.683066407685187,36
mp-8962,-2.427841051071428,7
mp-5072,-1.303622809500002,5
mp-27563,-1.8943283266666642,13
mp-1111634,-1.710742968333332,10
mp-1110608,-2.621729162333333,10
mp-1114071,-1.718065487166666,10
mp-1113598,-1.677369040166667,10
mp-989566,-2.802686308916666,10
mp-554337,-2.479511632777776,9
mp-1210943,-1.490480940967743,31
mp-1209612,-2.271334185000001,32
mp-1209610,-2.607177124062501,32
mp-1209616,-3.7362801812499997,32
mp-1209667,-1.7858820321875002,32
mp-1191145,-3.001334957083333,24
mp-1209583,-3.096761244347826,46
mp-504810,-1.908136938838383,33
mp-8450,-2.123341942407406,18
mp-8449,-2.497921002962963,18
mp-1209478,-2.027708752249999,20
mp-1113748,-2.808733546583333,10
mp-14363,-2.107650687604167,16
mp-1110684,-1.9322716058333331,10
mp-1113736,-2.7184617018333332,10
mp-567628,-2.115091375999999,10
mp-22663,-2.959949142833333,20
mp-14638,-3.089955832083333,20
mp-989583,-1.980378803499999,10
mp-1113733,-3.013948160499999,10
mp-1110654,-2.989268701833333,10
mp-553962,-1.4722196597916661,32
mp-1195542,-2.850369563888888,48
mp-1206187,-1.8010402988333332,10
mp-1113707,-2.645169458833333,10
mp-1206553,-1.7468061338333332,10
mp-1113705,-2.636409638833333,10
mp-1110680,-1.8781652158333322,10
mp-1113928,-2.400856649333332,10
mp-1113703,-3.583158809333333,10
mp-556085,-1.513940912270833,32
mp-1113704,-3.317555614166666,10
mp-1114027,-1.525932038166667,10
mp-1113693,-2.730992243166667,10
mp-1113971,-2.466921009833334,10
mp-1206399,-2.043431338833334,10
mp-19123,-2.367439304166667,16
mp-558815,-1.432677075416666,16
mp-1110706,-2.112229293833334,10
mp-1110649,-3.583960213833333,10
mp-1205808,-2.352058086916666,10
mp-1111632,-2.181767257333333,10
mp-1209613,-2.542095440520832,32
mp-1025227,-2.273943634285713,7
mp-8861,-3.33899116,7
mp-24606,-1.763147285652174,46
mp-1541753,-1.9010544184999991,20
mp-863025,-2.214868413179724,31
mp-559643,-0.9928652570197031,22
mp-1105776,-1.005956282643677,18
mp-4052,-0.9213093259075681,18
mp-1209522,-0.661798023939972,18
mp-22978,-1.954087174704433,7
mp-571648,-1.839553694770114,9
mp-1206523,-2.984600183275862,7
mp-555014,-2.972131870991379,8
mp-558133,-2.902140161436781,18
mp-24036,-2.5139747232210032,22
mp-1209441,-1.301133076133005,14
mp-505209,-1.721545900418719,28
mp-1220230,-2.364837960609263,36
mp-8714,-1.19813185158621,10
mp-19488,-2.5125184404937313,44
mp-8717,-1.114751237523707,10
mp-8720,-0.925376141252873,10
mp-19472,-2.388964201285919,48
mp-557228,-1.157499131666666,27
mp-1209465,-2.694290562777778,18
mp-541075,-2.109251237,30
mp-1198721,-1.957027016519096,36
mp-555873,-1.955520164642857,28
mp-1205757,-1.483272751666669,9
mp-19212,-2.1996417928571432,14
mp-18612,-1.241346462142855,28
mp-1193232,-1.099977280982144,28
mp-556349,-1.9181220237343752,40
mp-555091,-1.5327283697509562,36
mp-504851,-1.629876684080459,40
mp-18151,-1.435745639270557,26
mp-542451,-3.646907238409961,36
mp-560570,-3.7379751730459763,30
mp-1079583,-3.430538285637931,10
mp-1113967,-1.792129315387931,10
mp-989523,-2.798271798387934,10
mp-989520,-1.92988604163793,10
mp-560037,-2.9172050726379313,10
mp-1110664,-3.49756768263793,10
mp-559563,-2.7226094986379312,10
mp-1206059,-1.9874702516379301,10
mp-560936,-3.116374354637931,10
mp-1206176,-2.573304985637931,10
mp-1114024,-2.465027089637931,10
mp-13815,-3.60256619763793,10
mp-558078,-2.9477506416379313,10
mp-989400,-3.07613155538793,10
mp-15318,-3.5947286461379298,10
mp-989547,-1.9831410013045971,10
mp-989578,-3.002924792304597,10
mp-1113675,-2.5513636096379297,10
mp-18518,-2.939748370565135,36
mp-558050,-2.985309472431034,10
mp-18873,-1.815569341788792,16
mp-560963,-2.980085377637931,10
mp-677731,-2.93584741028633,36
mp-989569,-2.76065953163793,10
mp-1205865,-2.50453494663793,10
mp-14038,-2.63831338763793,10
mp-1113668,-2.62628438263793,10
mp-989545,-1.87563242763793,10
mp-989541,-2.88326380363793,10
mp-1113963,-2.401621242137931,10
mp-1113669,-3.57439819013793,10
mp-1114119,-1.561588831137932,10
mp-1206690,-3.538864388137931,10
mp-1205542,-3.577728421304597,10
mp-15626,-3.3105537079712652,10
mp-1114011,-1.528904055971265,10
mp-989548,-2.714412728971265,10
mp-567498,-2.466064262637931,10
mp-1206768,-2.025616352637931,10
mp-560671,-3.166100738637932,10
mp-1110697,-2.114813816637931,10
mp-1110696,-2.45517472363793,10
mp-13926,-3.56894743563793,10
mp-1205802,-3.625714126750002,10
mp-554147,-1.110813237163865,34
mp-558393,-2.460980845294118,34
mp-14636,-1.263800423333332,16
mp-9764,-1.166107204505207,16
mp-570558,-2.021572967222223,9
mp-15221,-1.316151084999999,16
mp-15222,-1.192566984296874,16
mp-8994,-3.235412826111109,9
mp-1209500,-2.213959484062501,32
mp-1209524,-2.553502742187501,32
mp-1209575,-1.727240072812499,32
mp-1079718,-0.9472556427777771,9
mp-18691,-0.845413846041668,18
mp-1205648,-0.39253593400000003,10
mp-561317,-2.710891979285714,7
mp-556417,-2.389794803888885,9
mp-19167,-1.265471337999999,5
mp-1205511,-0.43539193885714206,10
mp-1198723,-2.084475933986175,31
mp-1025179,-2.870747190535717,7
mp-753746,-1.133168373333332,3
mp-7895,-1.23299356125,4
mp-1205714,-0.5051517568571441,10
mp-1205641,-0.512071280857141,10
mp-2079,-0.43127663878571404,10
mp-753854,-1.8755504550491071,30
mp-1199971,-1.138266276389508,48
mp-6160,-2.7571042467346922,28
mp-1196612,-1.191559374940475,48
mp-1105198,-3.791600459999999,20
mp-1209489,-1.539362617142854,14
mp-504811,-1.510042240769228,26
mp-23475,-1.706264286111111,9
mp-504598,-1.499867705,20
mp-21461,-1.5558054725,24
mp-555122,-1.133998001052631,38
mp-1195322,-1.7367467931081082,37
mp-11695,-0.951047283888884,9
mp-14340,-0.930349548263888,18
mp-28084,-1.339372843888891,9
mp-1025201,-1.733442019285714,7
mp-28145,-1.575052817222221,9
mp-14088,-2.401405657222222,9
mp-1069771,-1.066292505937501,5
mp-1209488,-2.215620833958334,32
mp-28275,-2.5542136752083353,32
mp-1209562,-1.731692859895834,32
mp-4030,-0.9379258116666631,9
mp-10919,-0.061142019000000006,5
mp-23350,-1.635688618333331,9
mp-8192,-2.440364056111109,9
mp-28110,-1.033037743888887,9
mp-7929,-1.100870729999997,5
mp-8622,-1.074541657937501,5
mp-29333,-2.327985807343752,32
mp-29336,-2.240550919861112,18
mp-1207217,-2.656469717678571,7
mp-1205863,-2.777542114166664,9
mp-22214,-2.4919378049999983,9
mp-542697,-1.714723446785713,28
mp-8041,-1.160750764166667,3
mp-752728,-2.116046234545459,22
mp-7446,-1.086621892499998,10
mp-16911,-0.9552900410714281,28
mp-3372,-2.265059515357137,28
mp-558023,-1.982251778235292,34
mp-561051,-0.822465349807691,26
mp-556894,-0.901673334062499,32
mp-866668,-1.4896003472222221,9
mp-554605,-2.293246118125,24
mp-1207160,-1.747987896111105,9
mp-1209567,-2.8543856196875,32
mp-1110795,-2.120679242166666,10
mp-1110600,-3.194765403166666,10
mp-1114049,-2.168427678666666,10
mp-1114003,-2.208681938333334,10
mp-11327,-1.207288049114582,3
mp-1190543,-1.553559318607953,22
mp-7447,-1.080183160406249,10
mp-27829,-1.534144714149305,9
mp-4618,-1.8025620717633921,28
mp-28971,-2.889471357500001,36
mp-1209497,-1.096467100468747,36
mp-17382,-2.86547719,30
mp-6960,-0.435768260000001,10
mp-10492,-3.432261107222219,9
mp-557355,-2.736484309428571,40
mp-12016,-1.376123107083332,12
mp-1209518,-2.207441431875002,32
mp-1209521,-2.550689838750001,32
mp-643359,-0.39296778452380804,21
mp-561434,-0.792442982833334,30
mp-7863,-1.720435254285714,7
mp-9322,-0.991024071302082,18
mp-1194540,-0.8494232676470581,34
mp-2646944,-2.051512688958332,48
mp-8931,-0.407228313,10
mp-569028,-1.5713690522222201,9
mp-23059,-1.8884658099999991,9
mp-1206049,-3.031596841111105,9
mp-1080691,-0.775535959895831,8
mp-27931,-1.644154647499998,20
mp-753798,-1.923212555000001,12
mp-9145,-1.137568621171873,12
mp-28520,-0.7997832179166671,16
mp-1209338,-2.8351190665037533,19
mp-14354,-2.915331958690475,24
mp-510558,-2.560715802105264,38
mp-28531,-3.131064363163265,49
mp-15217,-1.299841390499999,16
mp-11923,-1.348462691541666,16
mp-11924,-1.203747837088541,16
mp-1219778,-3.503058139733332,20
mp-1209302,-1.764420612222219,9
mp-1206836,-0.99440060333333,9
mp-441,-1.1377736438888881,3
mp-558396,-1.426026749666666,50
mp-567014,-2.151437088981481,36
mp-1070356,-0.969957627666666,5
mp-1070498,-0.9702936836666671,5
mp-2095,-0.9586328204999991,20
mp-570324,-1.414484450185184,9
mp-22975,-1.681574540185184,9
mp-28070,-1.029657680185183,18
mp-8248,-1.832296276111109,12
mp-1077942,-0.8959076487202371,7
mp-13978,-3.880781686111109,9
mp-1209316,-1.207925935740739,18
mp-7129,-1.276396080370371,18
mp-18582,-3.193642910138891,48
mp-17037,-3.1350080442222232,30
mp-1540553,-1.999395607685185,18
mp-1219784,-2.492750830462963,18
mp-1209370,-3.095642074194444,30
mp-540784,-3.3320984680952392,21
mp-27827,-2.212134663148147,9
mp-5403,-2.751183317222221,24
mp-1111629,-1.546812579,10
mp-1110598,-2.345675436,10
mp-1113873,-2.559564940583333,10
mp-867851,-0.27552440388888605,12
mp-989565,-2.835232728583334,10
mp-989550,-1.8027955545,10
mp-989532,-2.7585047335,10
mp-1113863,-2.727277752833333,10
mp-1113861,-2.402731809833334,10
mp-1114002,-1.699869768833334,10
mp-1111628,-2.182204191666667,10
mp-1209452,-2.542893917187499,32
mp-1192260,-1.194345109166665,24
mp-1192150,-1.10322316783854,24
mp-1191149,-1.199087473333332,24
mp-1191426,-1.08589372283854,24
mp-555974,-3.222836115526316,38
mp-560458,-3.304101588636362,22
mp-559254,-2.16585455637931,29
mp-542501,-2.872551534206348,21
mp-1209530,-1.916837127187501,32
mp-571265,-1.938185339444444,18
mp-28881,-2.2606476771875,32
mp-13595,-3.5959559127777743,18
mp-1209543,-3.5702032887499993,40
mp-2752754,-3.59086492575,40
mp-1105084,-2.103579463333332,15
mp-7726,-3.043360169285711,7
mp-1209363,-1.126110110000001,12
mp-510519,-2.452017968076925,26
mp-8901,-1.206550812083332,16
mp-14635,-1.103068673880207,16
mp-1207222,-1.955501719444444,9
mp-15219,-1.280063318124999,16
mp-2046810,-3.105529897222222,9
mp-1219649,-2.681892906111111,9
mp-19144,-2.27656303590909,22
mp-1209461,-2.110305304019096,36
mp-29481,-1.430904369444443,9
mp-30227,-1.785055874999996,9
mp-18864,-2.248733529999998,14
mp-17048,-1.2821507953571412,28
mp-1192856,-1.10841219705357,28
mp-1110786,-3.186883124666669,10
mp-557089,-2.535591127329192,46
mp-1219647,-0.310225016,10
mp-29606,-1.678057365555555,18
mp-1189283,-1.181669884444444,18
mp-1192151,-0.32310702909091005,22
mp-1190975,-0.292522567272724,22
mp-1025286,-2.839872417857142,7
mp-697575,-0.323759389642856,28
mp-30018,-1.363434427857141,14
mp-555977,-1.5484322495,40
mp-560365,-1.369478456851853,27
mp-17085,-3.858001951666667,36
mp-27831,-2.356486154999998,9
mp-13946,-3.6596197927777743,9
mp-1101461,-2.7505519329166663,24
mp-29603,-1.231146231666667,24
mp-562230,-0.658363996323529,17
mp-616220,-0.6173688345036741,17
mp-541448,-1.036669439999998,36
mp-541963,-0.952661351041666,36
mp-571164,-0.917866301527776,30
mp-560459,-2.932643588821427,40
mp-1113633,-3.395627361249998,10
mp-14951,-2.192958231785712,14
mp-7898,-0.246090716249999,8
mp-1113850,-2.750770718999998,10
mp-18305,-1.0551996005468731,32
mp-27301,-1.393393388749999,28
mp-31144,-0.276466496250004,10
mp-4405,-0.8160150875000001,5
mp-9718,-0.32505594944444305,12
mp-9720,-0.37385382349206303,12
mp-29977,-1.242507853809523,28
mp-569095,-0.319145695624999,8
mp-1110734,-1.921167814249997,10
mp-29525,-1.62119586142857,28
mp-29168,-1.143012966718751,28
mp-755428,-1.594203059500002,20
mp-1113630,-2.67234887424999,10
mp-562140,-1.6755750983333342,48
mp-30194,-1.19144224375,24
mp-1113631,-3.073445499249997,10
mp-555113,-0.835969439874999,40
mp-8198,-1.083094576458333,48
mp-28568,-1.237837759583333,24
mp-1209428,-2.5035206366666642,40
mp-1206146,-3.534895507416666,10
mp-1219776,-2.242840693977274,44
mp-1209416,-2.506352836749998,40
mp-1206448,-3.551303009249999,10
mp-1209331,-2.725690416607142,14
mp-1113833,-2.9028153082499992,10
mp-555287,-1.587311184285714,28
mp-1193685,-1.109423229642855,28
mp-1113627,-3.035707203999998,10
mp-13744,-1.8299430271428552,14
mp-17830,-0.26604828406250003,16
mp-861898,-0.9534617048790921,24
mp-23781,-2.111634234553571,28
mp-1219652,-1.6593810113169631,28
mp-1198991,-0.42752509187499904,40
mp-560324,-1.860771921190476,42
mp-1209492,-2.504188282249997,40
mp-1209368,-2.719616111249999,14
mp-29019,-1.402316398166666,30
mp-1203699,-1.493134368055556,36
mp-2754174,-1.271857811388888,36
mp-1192770,-1.239729310327381,28
mp-1110693,-1.9781082609166671,10
mp-1113830,-2.954672109916665,10
mp-849527,-1.641001467738089,28
mp-541766,-0.31824176515872904,48
mp-22303,-1.2569234880952371,14
mp-1209665,-0.23407709385416403,16
mp-1103735,-2.9779045284608863,14
mp-1209449,-2.505183397916666,40
mp-1206967,-3.576023184916667,10
mp-772821,-2.265284001309523,28
mp-1209364,-1.7603356622701152,18
mp-643697,-0.16384171407566903,18
mp-553971,-1.655166975775862,28
mp-29458,-1.778058317321429,28
mp-1113829,-2.927005886249998,10
mp-1104938,-2.188677270991379,14
mp-12046,-1.7055348624199511,14
mp-13630,-3.299471241705665,14
mp-554584,-1.553662855153256,36
mp-1209462,-2.229593914591955,30
mp-560476,-2.3593868152458493,36
mp-683902,-1.038247646810662,34
mp-29413,-1.6321171666071441,28
mp-9808,-1.679315607708331,12
mp-3719,-1.485389006874999,32
mp-1198189,-1.869890891964286,42
mp-30167,-1.1720779405357131,28
mp-558170,-2.496436364642857,32
mp-16863,-1.245215322455356,32
mp-8201,-2.498825820277778,18
mp-1113824,-2.5948713592499972,10
mp-1113825,-2.578471849249998,10
mp-16319,-0.395674879375,8
mp-9274,-0.46199760906249904,8
mp-768232,-1.780475274285713,28
mp-1193319,-1.181014803214285,28
mp-17154,-1.138582374687499,32
mp-17912,-1.15537654064732,28
mp-17638,-1.098475425546881,32
mp-1209523,-2.129338506249998,28
mp-1110692,-2.390593515749992,10
mp-1209282,-3.545157270749999,20
mp-1209347,-2.684512151964285,14
mp-17894,-1.354177886198979,28
mp-17401,-0.33685004843750005,16
mp-1209358,-1.163985154833332,34
mp-17220,-1.527510968104166,32
mp-1209455,-2.503051173916665,40
mp-1113820,-3.262406702583329,10
mp-12245,-3.417879753257577,22
mp-1114103,-1.535106744583334,10
mp-29384,-1.8567218265833332,40
mp-1113916,-2.664944161583335,10
mp-28380,-1.373017168690475,28
mp-1197082,-2.4662460444736842,38
mp-623862,-1.5945985630681832,44
mp-1209443,-2.5067412935,40
mp-1205998,-3.56506299125,10
mp-557381,-2.998623806071429,42
mp-650503,-1.642576874821428,28
mp-1190911,-2.4097787819318333,22
mp-1113821,-3.04110724524999,10
mp-505721,-1.424777078749998,32
mp-1029857,-0.644015485000001,40
mp-1209357,-2.948579585841836,14
mp-574571,-2.499949001999998,40
mp-1113917,-3.51837411625,10
mp-1209350,-2.7096167330357153,14
mp-1205752,-3.541985616874998,10
mp-1209291,-2.803577624196429,14
mp-1209505,-2.090597330500001,50
mp-31060,-0.970683921136363,44
mp-1194520,-1.498468691818181,44
mp-29090,-0.817548776499999,30
mp-28315,-1.823142556363636,22
mp-22930,-2.063121788636363,22
mp-557618,-2.3968598675,14
mp-1191800,-1.074619881590908,22
mp-828605,-1.526746542222222,36
mp-1195703,-0.9577815863605431,42
mp-18464,-1.8960365511111101,36
mp-542063,-1.749489501071429,42
mp-542012,-1.448172997619046,42
mp-760417,-1.497929806428573,7
mp-1219602,-1.80634067537037,18
mp-24662,-0.32443385544117603,34
mp-1219636,-0.974011670528736,30
mp-1219695,-2.170566202396551,40
mp-541806,-2.928153638888889,45
mp-542121,-3.096012737702703,37
mp-558745,-2.472337950486111,36
mp-863033,-0.9791823702023811,30
mp-569862,-0.9451267643586331,30
mp-28564,-1.843945469090908,22
mp-779104,-1.527419826666666,36
mp-541057,-1.050790581630434,46
mp-860956,-1.827762937727273,44
mp-779000,-1.6659917963888882,36
mp-1219625,-1.6993686105555552,18
mp-768813,-2.247742056944444,36
mp-30416,-0.35425984230769003,13
mp-2748904,-1.4207782632812491,16
mp-756570,-1.521760654374999,16
mp-7118,-1.770764335,18
mp-14858,-1.101857972282608,46
mp-1194619,-2.417572738,50
mp-542067,-1.337950789285713,42
mp-771127,-2.320139532314814,36
mp-1219616,-1.706883086296296,18
mp-1195470,-2.8365866923999983,50
mp-1209486,-2.457306784736841,38
mp-555007,-2.342801133269231,26
mp-542013,-1.346294261562497,42
mp-541953,-1.010811210507246,46
mp-862605,-2.236696280517241,29
mp-541389,-1.28055545431818,22
mp-29920,-0.8579937192500021,20
mp-17978,-0.307582743214285,36
mp-31472,-0.20927981229167303,24
mp-676329,-1.101806723499998,30
mp-1219574,-0.49407815194444404,9
mp-17490,-0.385169219166666,36
mp-861513,-2.0705620653125,24
mp-571228,-0.8762900588160341,48
mp-570566,-0.42672342949999903,48
mp-685928,-1.133716025666663,30
mp-677467,-1.460507854112903,31
mp-974790,-0.09692320523148601,18
mp-1200130,-0.11273042482143501,42
mp-9698,-0.447885379500003,20
mp-30005,-1.8059535045454562,22
mp-1209286,-1.255203589545454,22
mp-29468,-1.95121591909091,22
mp-772572,-1.491538390999998,30
mp-18224,-1.984542681666666,30
mp-1190842,-1.104678763409089,22
mp-1190907,-1.143552495625003,22
mp-1204523,-1.0860526862748001,48
mp-1209306,-0.116971001471769,23
mp-27376,-3.018547375384607,39
mp-18483,-2.426575227999998,30
mp-31039,-1.788711969901962,34
mp-770408,-2.509190043444444,30
mp-510076,-0.6940673616071451,14
mp-559795,-1.450949288367457,32
mp-18440,-0.40489210937500003,24
mp-1179390,-3.996548054277777,45
mp-561139,-1.524184723529411,34
mp-1209493,-2.312537084615384,39
mp-640712,-0.132621815438595,38
mp-1219658,-1.069473283362068,29
mp-1209439,-2.9356604487575773,33
mp-542781,-0.120511559035092,38
mp-1197988,-2.294839558974359,39
mp-1209464,-1.887629681119048,35
mp-1209491,-1.8417212247142851,35
mp-1209503,-1.818426720798029,35
mp-27561,-0.6578798943181801,22
mp-862797,-1.455777653333333,4
mp-555526,-1.056312871916667,40
mp-1209385,-2.329068868845239,40
mp-570593,-0.5269207643663201,48
mp-17756,-0.63330489927083,24
mp-10477,-0.573175774531248,12
mp-10481,-0.526338080972218,12
mp-1947055,-1.049502209749999,5
mp-998212,-1.209148418833332,5
mp-998201,-1.418798929833333,5
mp-1055491,-2.129714515833333,5
mp-8603,-0.9997084205555551,12
mp-997052,-1.009309497291665,8
mp-18585,-0.6960230001736081,24
mp-1193778,-0.599466153750009,28
mp-1209248,-2.373306999791667,12
mp-1209303,-2.320185810208333,12
mp-2912047,-2.059095274739583,12
mp-556630,-2.213547571590915,22
mp-1209467,-1.7790860412500011,24
mp-1209422,-2.184869732916666,24
mp-1209376,-3.039467765,36
mp-1209241,-0.31805841291666603,24
mp-1219582,-3.222020559166671,18
mp-14070,-2.861165701874999,8
mp-1219605,-3.244703725961538,26
mp-6434,-3.185218679642857,28
mp-10802,-0.41755719312500006,16
mp-1219627,-1.6283647550625,20
mp-9819,-2.753796494375002,8
mp-30299,-1.863198834375,16
mp-17337,-2.585927445714286,28
mp-28562,-0.8514375496093761,32
mp-30373,-0.27381589375000004,2
mp-1188141,-0.913650205972222,18
mp-555741,-1.681593854374999,12
mp-557122,-1.164052884348957,12
mp-9385,-0.6087765286979101,6
mp-1209,-0.18988399791667002,6
mp-27300,-1.185198881499999,10
mp-30996,-1.119264391249999,12
mp-569442,-1.3371062620833332,12
mp-3419,-2.069932459583331,12
mp-568666,-0.9100505774999991,10
mp-10547,-1.067955709166669,12
mp-7472,-1.136231163125,8
mp-9010,-0.927596775,6
mp-9731,-0.9068824016145831,6
mp-3032,-3.308195844444444,24
mp-1219553,-0.505986865277777,6
mp-31358,-2.622254900833333,24
mp-15013,-1.132632064583333,24
mp-9047,-1.017444626333323,20
mp-10552,-0.832793233739582,20
mp-1209437,-2.452842688125,32
mp-1209423,-1.9777067309375012,32
mp-559270,-1.436434523055554,18
mp-17445,-2.220856379347291,28
mp-17832,-3.027209593163264,28
mp-1192550,-1.479015226734693,28
mp-863024,-1.761347294619046,28
mp-1192598,-1.455420711428571,28
mp-7323,-3.172510633518518,9
mp-2018187,-3.470867459062505,8
mp-557673,-2.866107189464286,32
mp-17229,-3.312349087321429,28
mp-1209324,-2.881756237806122,28
mp-31105,-0.34144030156249905,32
mp-558816,-2.018268085625001,48
mp-23253,-0.32316093916667105,6
mp-1209295,-2.845314605535717,28
mp-1209327,-0.833792697135417,36
mp-1219645,-0.778808275742188,24
mp-27421,-2.530267789687501,8
mp-29521,-1.694015584375,8
mp-975384,-1.447628566500001,5
mp-30041,-1.017452068125,4
mp-22867,-2.02858637625,2
mp-975411,-1.014657263125,4
mp-2011667,-1.6267192122916652,12
mp-28577,-1.88487098375,12
mp-28872,-1.052957117499999,5
mp-568643,-0.032283778055555004,18
mp-1219568,-1.235734151875001,8
mp-556872,-1.897084116250002,16
mp-1209379,-2.319355627916666,24
mp-696329,-0.600795636818181,22
mp-9845,-0.8403775799999991,6
mp-998536,-2.2842032740000002,20
mp-861440,-2.792770362261898,21
mp-998324,-2.6132349214999993,10
mp-3654,-3.717050224499998,5
mp-1209253,-4.029572006249987,20
mp-998592,-1.8151626565,20
mp-9846,-0.8635735924999991,6
mp-1209261,-3.95563210225,20
mp-1197285,-2.551939412272726,44
mp-1040,-0.011099255535712001,28
mp-1086664,-0.21981923124999903,8
mp-27400,-1.560353950499999,20
mp-23390,-1.8200683244999991,20
mp-6951,-2.696909542499998,5
mp-1105135,-0.2922428295,20
mp-1209496,-3.886883704166661,24
mp-3535,-2.028158233124998,4
mp-10777,-1.920673315546873,4
mp-4240,-1.5696825052083332,4
mp-23295,-2.24486944375,2
mp-28433,-1.09439221125,24
mp-541814,-2.6213023615,30
mp-1029420,-0.10349192583333401,12
mp-1219591,-2.453912864722221,18
mp-1209234,-2.130861589791667,48
mp-557654,-1.821094085833333,48
mp-504649,-1.795238411666666,48
mp-30547,-1.948668683124999,24
mp-616544,-1.110039205555554,18
mp-7295,-1.090150038392844,14
mp-28818,-0.9161661618749981,14
mp-975531,-0.5625300714880931,14
mp-1219598,-2.85196198861111,18
mp-1219603,-2.667428340277777,18
mp-559677,-2.875133582142837,28
mp-554311,-2.6319465546875,8
mp-1029828,-0.647153355937501,32
mp-1219589,-2.850530443055556,18
mp-771648,-2.000040384375,4
mp-1196895,-2.68076609948052,44
mp-1206603,-1.018215508046874,4
mp-567644,-1.048001235416665,12
mp-1025519,-0.588894039999984,8
mp-23055,-1.485598939499999,20
mp-8858,-2.337212868500001,10
mp-7470,-1.188898820833333,12
mp-7467,-1.357687516875,8
mp-615754,-2.035636270625,32
mp-11115,-0.722680079277343,16
mp-18365,-0.7226372223958291,24
mp-541407,-0.8882653358333321,48
mp-1209371,-2.546648039722222,48
mp-18109,-2.553862191805554,48
mp-560148,-2.656026314305555,48
mp-1190502,-1.063218398560604,22
mp-28094,-2.684599881583341,40
mp-16118,-1.726470330651039,16
mp-1209211,-3.894115011574073,18
mp-7476,-3.039326717291665,4
mp-1209529,-3.144552660313851,44
mp-7046,-2.095267701041664,4
mp-1209587,-2.5505888233333343,48
mp-1209372,-2.676007020000008,40
mp-17344,-1.469203079999999,22
mp-16884,-1.323529165838068,22
mp-7477,-3.069514136875,4
mp-1196892,-3.1548688499350632,44
mp-9367,-2.096589583124998,4
mp-10784,-1.955691798046876,4
mp-557019,-2.434947848105468,32
mp-556821,-2.382658171875,24
mp-504520,-3.721084515178573,28
mp-646129,-1.381656499166667,24
mp-607479,-1.535840038571429,28
mp-11718,-2.87335177125,2
mp-726170,-1.8137609156249992,16
mp-18868,-2.015124586458334,12
mp-1209220,-1.9583104335416661,12
mp-1195892,-2.758847765555556,36
mp-3787,-0.9361532849999941,12
mp-1201795,-2.6306204876870742,42
mp-1209606,-1.3327844445833321,24
mp-504968,-1.649444735833333,24
mp-555667,-2.824803344583334,24
mp-734319,-1.481471218409091,44
mp-1209403,-0.9016922833333311,24
mp-755536,-1.7722491168749999,16
mp-18396,-2.534139638344155,44
mp-5372,-1.008359178124999,8
mp-7086,-0.8967297855468761,8
mp-703253,-1.516392853380681,22
mp-1209140,-1.5139968624739581,12
mp-1191301,-0.33425091500000004,24
mp-558390,-2.610522609613095,48
mp-31493,-0.16880684916666602,12
mp-558706,-1.144059651944444,36
mp-1460,-0.103526246874999,16
mp-1209226,-2.4916727293518512,36
mp-1209533,-1.5779909825,24
mp-30231,-1.9096313833333332,24
mp-974682,-0.298481811874999,16
mp-1191353,-0.298890612083333,24
mp-754596,-2.05098305875,8
mp-561407,-1.295896663437499,32
mp-1209393,-2.5324305254166672,48
mp-510541,-2.654935861458334,24
mp-1209362,-2.489415729124999,40
mp-574448,-1.752188157109374,16
mp-1209289,-4.224621559464286,28
mp-7976,-2.979642334375001,4
mp-7045,-2.096890640624998,4
mp-10781,-1.9765518055468752,4
mp-19914,-1.229910009861109,12
mp-1029403,-0.21516139958333302,12
mp-559227,-0.92169864142857,28
mp-1120721,-1.418300289999999,10
mp-27369,-1.691380211499999,10
mp-549697,-1.520279379722222,9
mp-24721,-0.235469759374999,2
mp-1192404,-1.073732130333334,30
mp-1209399,-0.352022349722222,36
mp-697144,-0.409693476250001,8
mp-23700,-1.9264275890000002,20
mp-24022,-1.4051068694531241,48
mp-28264,-1.453589847708332,12
mp-29764,-2.4853297609375,8
mp-626620,-1.512544081249999,6
mp-696804,-0.93314142875,6
mp-1195562,-1.866556462840908,44
mp-696794,-1.50585336015625,28
mp-1190209,-1.9091447393749998,24
mp-9780,-0.98028485986111,12
mp-1209212,-3.496049352249999,20
mp-30320,-3.8943896239285722,28
mp-11953,-0.087745580972233,36
mp-9827,-0.26556537750000303,6
mp-1209214,-1.164678521176471,17
mp-7482,-2.229765481,5
mp-6300,-0.7669543786718781,24
mp-1219595,-0.6012615250000001,12
mp-1209629,-2.5498061556250002,48
mp-1209334,-2.671693730208332,24
mp-1209406,-2.678469236499999,40
mp-17929,-1.464414154090907,22
mp-1209229,-3.894240709166665,18
mp-6978,-3.052321075624998,4
mp-1209471,-3.148679183116881,44
mp-9366,-2.093715566874999,4
mp-10783,-1.958008406796873,4
mp-22903,-1.6958504512500001,2
mp-1190192,-1.863800429166667,24
mp-28328,-1.074112831874999,16
mp-27193,-1.3725295435,5
mp-23450,-1.170053405416668,12
mp-504506,-2.078594995347222,12
mp-1209459,-1.926214971944443,36
mp-542654,-0.9947991457407391,27
mp-21477,-0.106576400833331,5
mp-558208,-1.9163219383333332,44
mp-766175,-2.519782575257936,30
mp-1209271,-1.552597391527776,24
mp-1114001,-1.769028643833332,10
mp-28198,-1.142265570138884,36
mp-557952,-2.611717892586579,44
mp-601861,-1.193291512916665,32
mp-31309,-1.148963117838542,32
mp-22255,-0.9108616893749981,8
mp-1192556,-1.7148658903205112,26
mp-18473,-2.554191829375001,24
mp-1209487,-2.035847975807292,48
mp-18605,-2.6731323460416663,24
mp-1195186,-1.595810883977258,44
mp-560657,-2.851549956644737,38
mp-1190838,-4.002432104583328,24
mp-7972,-2.960912605625,4
mp-9361,-2.141000711875,4
mp-7176,-2.041494886796875,4
mp-568228,-0.7139393675000001,15
mp-18658,-1.770347615357142,28
mp-510073,-0.5154866235416671,32
mp-560518,-3.393107236388889,48
mp-1192391,-2.18672969724359,26
mp-554752,-2.634503632268519,36
mp-18741,-2.090644955833333,14
mp-1219628,-0.32999064501874104,46
mp-556209,-2.257652557261905,14
mp-8751,-1.344921642777777,6
mp-6211,-2.30058688797619,28
mp-9250,-1.33745662939236,6
mp-18422,-1.7950848297619042,28
mp-1219554,-1.327102511166665,5
mp-554774,-2.563378531597221,24
mp-1209359,-2.677106441180554,24
mp-7480,-3.105072738541667,4
mp-559383,-3.168096079859306,44
mp-9370,-2.085331389791667,4
mp-10785,-1.9347971397135422,4
mp-1219581,-3.724744384722222,18
mp-559463,-1.581161172399999,50
mp-1020633,-2.761020107777777,24
mp-1190296,-2.6085267682142863,21
mp-27208,-2.277182414499999,20
mp-8402,-3.507841387833333,5
mp-23738,-0.325598489916666,30
mp-604725,-1.735121456685714,50
mp-752932,-1.9249455614788331,13
mp-1173584,-1.915279723951906,38
mp-568231,-1.533113184752874,30
mp-569309,-1.823708969086208,30
mp-1219557,-0.923388710086207,5
mp-558749,-3.013482878086206,5
mp-553981,-2.946728194238506,24
mp-23928,-1.581327482311913,22
mp-559700,-1.925758571774426,24
mp-18301,-1.469840426738501,24
mp-1203377,-2.581696668837886,44
mp-866712,-2.4794672781631,32
mp-556338,-2.5921419175105562,28
mp-676313,-1.226979571818182,44
mp-1209508,-1.524725187500001,44
mp-554787,-1.636921128333333,36
mp-16856,-2.5987074315259733,44
mp-555152,-2.357882179126985,18
mp-1198591,-2.382280824404761,36
mp-743,-0.140204309375,8
mp-752580,-1.256175526458334,12
mp-1219584,-1.4210933415,5
mp-555018,-1.292620134209769,12
mp-8872,-2.245913919203612,14
mp-1195661,-2.437391117553202,50
mp-16126,-0.06669709701293,40
mp-1194649,-2.572509073504925,50
mp-17240,-2.623642914489942,36
mp-774749,-2.643367490971423,36
mp-560092,-2.544481581175861,50
mp-550300,-1.458611765447198,16
mp-1219559,-1.4062502743199221,9
mp-560653,-2.61614442604885,36
mp-8799,-1.212117723793103,6
mp-557656,-2.904253888208812,36
mp-556185,-2.772059853702107,12
mp-6708,-1.084628158010204,28
mp-1192452,-0.9168557968271671,28
mp-1219639,-0.9957318160161551,28
mp-556645,-2.330440385555556,18
mp-1209219,-1.9122691571875001,16
mp-3283,-2.8390510185,20
mp-1219576,-2.288146800462963,18
mp-1195415,-2.594877660208334,48
mp-1219587,-2.6130161891666672,18
mp-1200745,-2.532083892916668,48
mp-558850,-2.650168553333333,24
mp-10834,-1.871221602812499,16
mp-1209225,-3.9551193525,24
mp-7973,-2.901663756249998,4
mp-9363,-2.0674841125,4
mp-10779,-1.961647512421874,4
mp-5808,-1.615319384583331,4
mp-11011,-1.240107031944446,12
mp-27409,-1.2659275505,10
mp-23486,-1.5514993295,10
mp-556488,-2.6157677544999993,30
mp-867188,-1.4225530247916671,12
mp-16907,-1.631723435390625,32
mp-12105,-0.9722602958333331,3
mp-1205111,-1.48632134375,48
mp-998602,-1.610804351499998,10
mp-24212,-1.6183850095238101,24
mp-23667,-2.188166296205357,16
mp-558162,-2.8821263666071433,24
mp-1209298,-0.10102487669642701,32
mp-1199511,-2.043128345814732,32
mp-542871,-2.556341935148808,48
mp-505496,-0.6871483590476181,48
mp-761252,-2.136029846839286,40
mp-4135,-2.68106058217857,20
mp-638009,-0.970266135663264,28
mp-556953,-0.9794650449285661,10
mp-571464,-0.8051613375014881,30
mp-17945,-0.695075516400669,32
mp-28074,-3.862224285312501,16
mp-1206844,-3.5306131085,5
mp-21525,-0.217142026562501,32
mp-998603,-1.612416807500002,10
mp-998604,-1.866758507500001,10
mp-2767545,-2.785979387499999,20
mp-23517,-1.235946820000001,20
mp-616564,-1.248388385277777,18
mp-8958,-1.8879882734375,16
mp-2036008,-1.068833430749998,5
mp-559424,-2.521493361597223,24
mp-1209454,-2.004761853029514,48
mp-567940,-1.514256928928571,21
mp-1209185,-3.946650394861105,24
mp-1101401,-2.867727654791665,4
mp-1186971,-2.8374861846465773,32
mp-9362,-2.055922521041666,4
mp-10778,-1.955156013463541,4
mp-7199,-1.241184202638885,12
mp-14797,-0.884477465755207,12
mp-680371,-1.078396697321426,44
mp-582648,-0.9588292546428571,28
mp-504957,-1.519241968888886,36
mp-1080850,-0.36681046593750105,32
mp-4035,-2.354466757499994,12
mp-8014,-2.4532000946875,8
mp-9062,-1.15946500333333,12
mp-28555,-2.3218621600000002,28
mp-1219578,-2.262800277916667,24
mp-10487,-0.5151359468749981,16
mp-568018,-0.409100007500003,6
mp-557260,-2.812468973000009,40
mp-1195172,-2.103376007341269,36
mp-1209255,-2.219145515803571,48
mp-1198114,-0.715230637413194,36
mp-555234,-2.511351812916666,12
mp-1209179,-1.515102422812499,16
mp-9821,-2.907923034687501,8
mp-1219606,-2.039864508055555,18
mp-10418,-1.864373579375,8
mp-554732,-2.288881598333332,36
mp-10621,-0.9653269774999971,16
mp-1189259,-0.9248630299218731,16
mp-1543124,-2.164202981944445,18
mp-1209180,-2.521413759375001,12
mp-1209187,-2.493636796458332,12
mp-1209239,-2.603652005208334,24
mp-2756220,-4.083834297946429,28
mp-13336,-1.477729119702379,14
mp-554223,-2.389020301590909,44
mp-23809,-2.873099768813494,30
mp-1206320,-2.302580952499998,10
mp-1209160,-3.911551707083333,12
mp-7650,-3.000576440624999,8
mp-9063,-1.164229320755207,12
mp-560051,-1.084620106428571,28
mp-9842,-2.55599182175,20
mp-1209294,-2.538012690833334,48
mp-18255,-2.917901648392856,36
mp-1209322,-2.009818946223957,48
mp-18710,-1.33576371947443,22
mp-1209170,-2.516778912124999,40
mp-10835,-1.884023039062499,16
mp-16116,-1.737498057109374,16
mp-1209116,-4.261201100178572,28
mp-567873,-1.413003708482142,28
mp-7974,-2.952667840624999,4
mp-9364,-2.080729654375,4
mp-10780,-1.965809699296873,4
mp-999269,-1.609176243958335,4
mp-11054,-0.278649864374999,32
mp-1179711,-2.540144043412685,36
mp-998778,-1.523623851999997,20
mp-2047197,-1.53111551175,10
mp-998611,-1.7827857145000001,10
mp-29405,-1.152261604499999,20
mp-554199,-1.514796971944444,18
mp-1209189,-2.393687145000002,32
mp-1209161,-2.739873020000002,32
mp-863745,-2.783003688928572,7
mp-1205862,-1.868850923499999,10
mp-1209097,-3.009934251316667,20
mp-11925,-0.986762766776041,16
mp-617442,-0.6625830808124991,32
mp-554412,-2.945203001176587,12
mp-1209080,-2.006590675604167,16
mp-863022,-1.154718022166665,16
mp-3033,-3.032331979466696,20
mp-1219631,-3.234394786645834,32
mp-1194597,-2.697450944569444,48
mp-1209099,-2.524449953680555,24
mp-1190149,-1.072103448106059,22
mp-1209188,-2.689844908833332,40
mp-1209091,-4.291934229464286,28
mp-1209260,-3.139545298722943,44
mp-9365,-2.096626694791664,4
mp-10782,-1.96795239971354,4
mp-975115,-2.159367522916668,12
mp-8360,-1.048724280416663,8
mp-698479,-2.378894717864583,32
mp-560578,-1.9631787174166662,40
mp-554280,-3.3586079309126973,36
mp-1196714,-4.288756209166666,48
mp-6125,-3.025165085449734,36
mp-975271,-1.480372705208331,14
mp-28282,-2.029099489166666,10
mp-1219566,-3.105198752916667,32
mp-758985,-1.250783991934522,32
mp-16318,-1.520087966458333,4
mp-556120,-1.837796461319444,12
mp-1209177,-1.201315490555555,36
mp-1113914,-2.478353961166667,10
mp-27210,-2.497109427222223,24
mp-1206230,-1.167734808611114,6
mp-8176,-1.321913310208335,4
mp-1209171,-0.879052397083335,32
mp-1209114,-2.526751532291668,24
mp-7478,-3.087397629375002,4
mp-1209196,-3.161324040162337,44
mp-9368,-2.092722588125001,4
mp-559405,-1.316706723125002,12
mp-1192694,-1.016394931488093,28
mp-13350,-1.368965539444442,12
mp-13351,-1.260095683532984,12
mp-867830,-1.234343149921873,12
mp-17642,-2.773102488611109,36
mp-13352,-1.4638861466666642,12
mp-6330,-1.710350464843749,32
mp-11775,-3.304585120499998,5
mp-15998,-1.084312144687499,16
mp-556847,-1.477540501875,24
mp-559279,-2.591635470565476,48
mp-560376,-1.501278554868421,38
mp-622258,-2.242689998333334,48
mp-623590,-2.128239048394886,44
mp-16917,-1.983994094010417,36
mp-1219122,-2.024042778375,40
mp-16864,-2.3688600585416673,24
mp-1103598,-1.051392038303571,14
mp-2760180,-1.067540765982142,14
mp-568136,-1.5489731195,30
mp-23319,-1.8713178875,10
mp-1209206,-2.731665900555556,36
mp-556424,-3.0345876665000002,5
mp-728493,-2.259430649375001,48
mp-1029312,-0.9150327306250011,8
mp-19031,-2.4096175575,20
mp-559739,-2.975115630416667,24
mp-18436,-2.7390696667532453,44
mp-9102,-0.9118945808441551,11
mp-561349,-2.648178462142857,32
mp-12024,-1.162994152421875,16
mp-1209169,-1.977680997167969,32
mp-680048,-1.071260312045453,44
mp-1209078,-1.6144147003124991,16
mp-1209254,-2.5362476439583332,48
mp-1195500,-2.211355717468751,40
mp-1194706,-2.302052576083333,40
mp-1209133,-2.659604904791666,24
mp-1209182,-2.672090031,40
mp-1209088,-3.874640647499999,18
mp-14437,-3.011982739375,4
mp-17897,-3.133555994253246,44
mp-999265,-2.091590315624998,4
mp-1209082,-2.415441979980468,16
mp-16764,-1.591618741458334,8
mp-1209118,-2.7233281896875,12
mp-7479,-3.061658408437502,4
mp-9369,-2.13238945546875,4
mp-1209070,-1.628254564739585,12
mp-2504,-0.04806109910714201,28
mp-1192612,-1.6006200452644221,26
mp-24683,-2.37537065057398,28
mp-975144,-0.29691188375,8
mp-975140,-0.29940863142857005,8
mp-557658,-2.652137123919414,26
mp-4975,-2.7951774025000002,30
mp-863017,-1.467871681899038,26
mp-863023,-1.503264309591346,26
mp-18463,-2.513455971734693,28
mp-559540,-2.0373746340625,32
mp-1194730,-2.5217329800000012,36
mp-1209204,-1.26650264125,44
mp-1209676,-2.053573403883229,44
mp-558514,-3.423179316249999,20
mp-555669,-3.570381424043103,20
mp-1186901,0.0,4
mp-23472,-0.692265720833331,9
mp-662556,-0.789544167261904,28
mp-1193652,-0.995336612619047,28
mp-555759,-1.432101368088196,34
mp-12662,-0.029093352758622,29
mp-1188946,-1.905037318888887,18
mp-974437,-0.053344501666667,6
mp-1102176,-1.5900416031818172,11
mp-672376,-1.421869364166666,48
mp-1219132,-0.5531629637499971,14
mp-32311,-2.020867966136364,44
mp-1219275,-0.835950994930555,36
mp-1637,-0.293558272658728,12
mp-27736,-0.43215579855442204,28
mp-29878,-1.138764145915178,32
mp-29305,-2.107438672272728,33
mp-974650,-1.851876866764707,34
mp-1196004,-1.9434508023684232,38
mp-15910,-1.922507882222223,18
mp-28464,-0.487733632009805,34
mp-2473,-0.085176578499999,20
mp-15671,-0.212902521249993,8
mp-1210365,-0.6507986572500001,40
mp-1219236,-0.821896765625002,24
mp-1186902,-0.104851926874999,4
mp-974435,-0.08897282156249901,4
mp-862604,-0.10891628312499702,8
mp-867264,-0.062444779374999,8
mp-1474,-0.41948465420067904,7
mp-862586,-0.057446953124994,8
mp-862589,-0.261059043124994,8
mp-1186923,-0.164500396874998,8
mp-974455,-0.056116823124995004,4
mp-652046,-0.884527891874999,32
mp-653579,-0.935011268124999,32
mp-1173441,-0.82651761846875,40
mp-624200,-0.7573641083593741,32
mp-580748,-0.560260590781247,16
mp-1219545,-0.397224843653849,13
mp-1190581,-0.37643805681818204,22
mp-1219630,-0.7883065403768411,34
mp-7094,-1.707686205694444,12
mp-1773,-0.448665842500001,6
mp-27360,-1.9056163254166671,12
mp-23174,-0.7714202237499991,24
mp-607436,-1.499428205416669,24
mp-27297,-1.333909030416666,48
mp-1078114,-0.61409718392857,7
mp-974724,-1.8571246845,20
mp-1025374,-2.176493580357144,7
mp-643265,-2.104480786562499,16
mp-2766424,-1.662856899027779,18
mp-24128,-1.42112811625,20
mp-505791,-0.7080407648529421,17
mp-632724,-0.889936553088236,17
mp-667291,-1.504287073750005,32
mp-616597,-1.757885774583333,24
mp-573815,-0.348767611458335,24
mp-1219533,-0.20246073124999903,2
mp-867792,-0.136248745625003,8
mp-556419,-2.402220216875,24
mp-190,-2.134489004375001,16
mp-573051,-2.1859928445,30
mp-622116,-2.433664536041666,48
mp-1219509,-0.089729866249996,2
mp-867141,-0.090200874375,8
mp-572794,-1.5517646165584411,44
mp-27267,-0.388405733380952,40
mp-554317,-1.319374403603895,44
mp-867296,-2.323798486020409,28
mp-867865,-0.085446315624999,8
mp-862630,-0.087014169375002,8
mp-572758,-0.902182740833333,24
mp-1193300,-1.7094400763461541,26
mp-558576,-2.5082371270833352,48
mp-554432,-2.536002920961539,26
mp-541582,-0.46316581770832904,12
mp-676712,-0.64675341607639,36
mp-1197149,-2.663692031972789,42
mp-1186915,-0.006981326249999,2
mp-5222,-0.6838039330555581,12
mp-866713,-1.061638552380952,28
mp-866695,-1.016341852001488,28
mp-74,0.0,1
mp-19790,-1.326617107777778,9
mp-974381,-0.6116225516875,10
mp-1105666,-0.512150366937498,20
mp-15652,-0.509241792142853,7
mp-29841,-0.6062629511309511,21
mp-1407,-0.45499951749999906,11
mp-30866,-0.269029907499998,8
mp-27871,-0.8457965725000001,8
mp-27770,-0.784634455624997,8
mp-2068,-1.7746290387499992,8
mp-540622,-1.487063945416666,48
mp-1209109,-1.378746002142857,28
mp-1206891,-0.5667571437499991,8
mp-725,-1.218954728333332,6
mp-442,-0.136691916666663,6
mp-14276,-2.274882263499998,40
mp-1192175,-0.5162596327083331,24
mp-33,0.0,2
mp-505242,-1.5555306280555552,36
mp-1186926,-0.0011091850000000002,8
mp-862655,-0.043662137500003,8
mp-674149,-1.517015615476188,21
mp-22892,-0.723299693749999,8
mp-556834,-1.5419199315,20
mp-29132,-1.212730608749999,4
mp-22850,-1.00512590625,16
mp-7570,-1.8176494025,8
mp-974434,-1.8842842629999992,10
mp-540829,-1.872036438333334,48
mp-1209121,-1.6795487725,28
mp-825,-1.457661898333333,6
mp-554791,-1.181973681749999,40
mp-2030,-0.687351060208333,12
mp-29568,-0.722147817708332,24
mp-1922,-0.523511360208331,12
mp-27288,-1.636639636388888,36
mp-77,0.0,32
mp-28405,-1.2609632865,10
mp-30984,-1.141020253055554,18
mp-8537,-1.978594187999999,20
mp-28676,-1.802198334722221,36
mp-540798,-1.255126798289473,38
mp-1191944,-1.4138831778571421,21
mp-1197503,-1.4411972451000001,50
mp-28099,-0.31156847874999904,8
mp-28407,-0.877256578437499,32
mp-28096,-0.170923770781249,16
mp-28406,-1.072571903124999,16
mp-554012,-1.621763033499999,40
mp-975,-1.853382890877975,21
mp-29264,-0.6681001886111111,36
mp-23598,-1.497494278749999,48
mp-27726,-1.521880410833333,6
mp-561397,-1.580818240208334,16
mp-28257,-1.9525433371875,32
mp-104,0.0,2
mp-28431,-2.054908403333332,18
mp-11609,-0.5976651941249991,10
mp-540656,-0.5137061626785691,28
mp-640862,-0.11349907473684101,19
mp-30109,-1.9691912204347821,46
mp-1219530,-0.081718856125002,40
mp-738,-0.068974772499998,12
mp-1104255,-2.125468347666666,15
mp-28062,-2.679369363611093,36
mp-760678,-2.135136125434782,23
mp-1247,-0.45282265916666603,12
mp-30285,-0.391291911953125,32
mp-29912,-0.30846741664062405,32
mp-2136,-1.751737501999998,20
mp-1705,-1.74803409,14
mp-2695,-0.08399437833333401,6
mp-1201470,-2.320517336315789,38
mp-20727,-1.9003055799999982,9
mp-1356,-0.346603599999999,12
mp-562,-0.541804146666663,12
mp-15659,-0.39766221300000104,10
mp-2682,-0.508644458333331,12
mp-20928,-0.28897595333333403,6
mp-2809,-0.287243025187498,20
mp-2160,-0.28449458793750104,20
mp-3525,-0.45360898113541404,5
mp-1201,-0.383199846000002,5
mp-8612,-0.498195292270844,5
mp-28918,-1.961205790555554,18
mp-1193829,-2.255613694333317,30
mp-1195711,-1.9394474876315781,38
mp-27318,-2.324827283809524,42
mp-1193919,-2.097579008653846,26
mp-1219529,-1.6527307152941182,34
mp-1239,-0.415732231875004,16
mp-541240,-2.403214531999999,40
mp-1198995,-0.447804905227273,44
mp-2395,-0.44439631250000006,16
mp-1219543,-1.715584443095238,21
mp-27700,-1.61753876272727,22
mp-23419,-1.690999615,22
mp-27229,-1.812846898478262,46
mp-30066,-0.43480283555555604,27
mp-1219480,-0.28248004000000004,12
mp-1219457,-0.001235446249999,2
mp-27786,-0.677861348593749,32
mp-27317,-2.5556112302500003,20
mp-28109,-1.6975539259999999,20
mp-14368,-1.733173623214286,28
mp-569209,-1.190696538571428,32
mp-1219478,-0.5664825225000001,12
mp-572526,-1.8515123265,20
mp-570005,-1.008689353124999,16
mp-2214131,-1.3519908693750011,24
mp-541259,-1.492768773749999,24
mp-27308,-2.082954932749999,40
mp-560354,-1.89632786,20
mp-22872,-0.9443040312500001,16
mp-29391,-1.764449698750001,24
mp-570796,-0.7330447383333331,48
mp-29940,-1.7926689835416671,48
mp-27314,-1.9773948239999992,20
mp-504662,-1.605962536666666,36
mp-1880,-2.685827188749999,8
mp-1341935,-2.57333251625,24
mp-643579,-2.167920459431819,44
mp-1179614,-2.021338385416666,30
mp-849325,-0.9949185366666671,24
mp-1192718,-1.193591233303571,28
mp-1219551,-1.9947762243749991,28
mp-1219573,-2.0411897304375,20
mp-560789,-2.01437925925,40
mp-23281,-0.643452289999999,8
mp-23536,-0.8271068245833321,12
mp-27859,-1.562112360694446,36
mp-8630,-0.5933227426041671,12
mp-1095507,-0.561186512187499,12
mp-30011,-1.8751560907407399,36
mp-555680,-2.5498830525000002,48
mp-1078298,-2.0230342475,10
mp-1819,-1.839006646249989,12
mp-561533,-2.200502247916667,48
mp-1102833,-0.482026049166666,12
mp-1101771,-0.399562079114583,12
mp-554847,-1.561959159714285,40
mp-554701,-2.679027140464286,20
mp-647342,-0.9989428847360341,46
mp-23574,-1.3765291365584411,44
mp-3439,-2.355047281607143,12
mp-9750,-2.257082364234693,14
mp-560310,-2.734204389740261,44
mp-1206466,-1.626468980999999,10
mp-23138,-1.710929169,10
mp-1105453,-2.69948304722223,18
mp-1769,-0.43195545749999903,4
mp-542106,-0.44498150749999804,12
mp-1102284,-0.6211101133333321,12
mp-4368,-0.44380375135416705,12
mp-20619,-0.528712574999996,8
mp-21359,-0.37505209166666403,12
mp-754757,-1.5651373466666652,12
mp-1103317,-0.670336395937499,12
mp-1102366,-0.7739135916145831,12
mp-1103434,-0.6839663625000001,12
mp-1102395,-0.6247811024479171,12
mp-555288,-1.864157290454545,44
mp-28064,-0.31662560791666605,24
mp-22971,-0.7882413033333321,12
mp-557809,-0.531450055028408,22
mp-23041,-0.605854298333329,12
mp-561328,-1.919012876803977,44
mp-558026,-1.8228464538494311,44
mp-559000,-1.404785815290178,28
mp-1209072,-0.7763281916145841,12
mp-28985,-0.580705386960227,44
mp-22996,-0.60188073578125,12
mp-555629,-2.117615678333326,44
mp-554942,-1.892236302651515,44
mp-1219462,-0.390460437777773,3
mp-559379,-1.554748624861111,24
mp-1102430,-0.620047159722219,12
mp-1103213,-0.290175600555554,12
mp-10850,-0.577647724722222,12
mp-1219442,-0.566653749166665,4
mp-1219458,-0.7041532030555531,12
mp-1102857,-0.527418152222221,12
mp-29904,-1.7213836775,24
mp-1199352,-2.029147223055556,36
mp-67,0.0,2
mp-3701,-0.42552436346153805,13
mp-4798,-0.500998362857142,14
mp-1219472,-0.399302111923076,13
mp-769152,-0.8931887353125001,32
mp-1104953,-0.347037428846154,13
mp-4131,-0.752868847,5
mp-6969,-0.5232488150000001,5
mp-510133,-0.703504854183673,14
mp-1104929,-0.46598339571428504,14
mp-19739,-0.27840350653846,13
mp-505554,-0.626497064999999,20
mp-11438,-0.320020526153845,13
mp-30002,-1.433463826153846,26
mp-31081,-0.334804567440308,13
mp-19936,-0.322399350198942,13
mp-12697,-0.21872186014588701,13
mp-1104526,-0.5848700928571411,14
mp-1102487,-0.726534252142857,11
mp-3587,-0.7668950669999981,5
mp-37808,-1.8579952405263152,19
mp-1025365,-0.46893072928571405,7
mp-21931,-0.8124502209523801,42
mp-12304,-0.695271722666667,30
mp-12305,-0.37075199766666805,30
mp-1194143,-0.404493565333333,30
mp-1203569,-1.760660176774195,31
mp-1209089,-0.5512272074999991,28
mp-1029602,-0.9333313218181801,22
mp-647205,-0.380513407413792,29
mp-16800,-2.579507954558823,34
mp-31065,-2.259779550502238,28
mp-862702,-0.38885600062500103,4
mp-862431,-0.37469696291666704,4
mp-862473,-0.439213590416665,4
mp-11220,-0.366392015,6
mp-2646988,-0.41113892645833405,48
mp-10911,-0.6516289283333321,12
mp-972907,-0.369152458749999,4
mp-1209025,-0.9291190343333321,20
mp-862486,-0.48039860499999903,4
mp-10676,-0.730919807,10
mp-862543,-0.37082255625000005,4
mp-862548,-0.424913742499999,4
mp-1209057,-0.7162463683333341,12
mp-1209048,-0.629005778787881,22
mp-1209019,-0.7334988208333321,36
mp-569116,-0.724685003888885,36
mp-10343,-0.6932682705000001,5
mp-1208984,-0.8217710448333331,20
mp-29941,-0.519047323333332,3
mp-28479,-1.7566485850000002,5
mp-504934,-1.241613076458332,48
mp-1219429,-2.068808289999999,4
mp-1186937,-0.40330118937500303,4
mp-862711,-0.44210366999999806,4
mp-10953,-1.794121224464285,14
mp-1191428,-0.794123019166666,21
mp-27319,-0.587421985833332,12
mp-1189235,-0.697501158,20
mp-862712,-0.7195633299999991,4
mp-867110,-0.36936619749999905,4
mp-867761,-0.471301969999999,4
mp-9902,-0.8084011680000001,10
mp-17334,-0.448404354090908,22
mp-510306,-0.775363024166667,36
mp-608543,-0.408701755833335,24
mp-1209000,-0.6944781563333331,20
mp-867794,-0.7032989375,4
mp-867802,-0.40887275999999806,4
mp-1186941,-0.5839053525000001,4
mp-867117,-0.7990680525,4
mp-862338,-0.47142781999999805,4
mp-1102564,-0.49734247083333205,12
mp-21588,-0.6548933142500001,40
mp-22425,-0.7214436913333341,20
mp-542023,-0.7193535348333341,20
mp-1219428,-0.7018253803333331,20
mp-3618,-0.746578657,10
mp-1219423,-0.5917329583333311,6
mp-1208983,-0.8431556705833331,20
mp-542024,-0.890809058583332,20
mp-862340,-0.49156072250000005,4
mp-862300,-0.529882809374998,4
mp-862311,-0.6024781018749981,4
mp-1199518,-0.542669066388888,36
mp-1208986,-0.7916419063333331,20
mp-27576,-3.304898370833333,48
mp-31348,-0.47041077500000006,6
mp-862337,-0.42727418124999805,4
mp-1209388,-0.825378769999997,20
mp-1078544,-0.40901755999999806,10
mp-13416,-0.52315270933333,10
mp-1209130,-0.861438928499998,20
mp-862336,-1.000160442499997,4
mp-862369,-0.8440975324999981,4
mp-1219700,-0.322442860295092,26
mp-1190950,-0.719513778936781,21
mp-17619,-2.805036003260187,22
mp-1209009,-0.37553618813218304,12
mp-3930,-1.90159271153325,14
mp-14928,-1.695832585818964,14
mp-28480,-2.300705814999999,5
mp-1200971,-0.7156124316666611,36
mp-1200765,-0.8544917805555541,36
mp-867501,-0.35648654499999904,24
mp-3084,-0.7543460153571411,21
mp-3363,-0.612204112000011,10
mp-1197416,-0.38925856499999806,36
mp-1209056,-0.685091547833323,20
mp-862360,-0.8072102925000001,4
mp-862361,-0.497469572499998,4
mp-862368,-0.8843554249999991,4
mp-862367,-0.579911954999999,4
mp-216,-3.968732640749999,40
mp-862365,-0.6930195999999981,4
mp-862364,-0.837381349999997,4
mp-24217,-2.646220197804622,34
mp-17042,-0.7211589501190481,21
mp-1190862,-0.659381418749999,24
mp-862363,-1.089358882500001,4
mp-862370,-0.7844749699999971,4
mp-11550,-0.9765987383333321,12
mp-778152,-2.355756619090907,22
mp-16794,-0.6073584458333351,36
mp-1196116,-0.72766586611111,36
mp-972879,-0.6800551299999991,4
mp-862371,-0.9565562949999981,4
mp-862372,-0.8194979575000001,4
mp-401,-2.171633972687499,20
mp-7288,-3.4087673845,10
mp-7192,-0.8804195516666671,6
mp-1205354,-1.9632202839375021,20
mp-5594,-3.607447267727273,11
mp-1104406,-1.19076369785714,14
mp-1195505,-0.73898929,36
mp-1202662,-0.5616552072222191,36
mp-22014,-0.8673649403333321,20
mp-21576,-0.9620751858333331,36
mp-685069,-1.480490958999999,20
mp-558571,-2.128091309416666,40
mp-557773,-2.925741332592594,27
mp-753802,-3.72757864742424,11
mp-1208997,-0.8943622181666661,20
mp-753401,-3.806863982916667,16
mp-862366,-0.33774410874999805,4
mp-861918,-0.344184799999997,4
mp-1209018,-1.251640933712121,22
mp-1186961,-0.412965231874999,4
mp-1186959,-0.305507225833333,4
mp-21719,-0.6249022819444441,36
mp-504941,-0.768678585833334,36
mp-862257,-0.599019242499999,4
mp-867242,-0.520936634375,4
mp-867233,-0.7309582049999991,4
mp-867243,-0.440798949999998,4
mp-862258,-0.835461669999999,4
mp-862261,-0.49405276999999903,4
mp-1102311,-0.5672963795454541,11
mp-1104960,-0.6454735722727271,11
mp-1194311,-0.43820955482758406,29
mp-22490,-0.7390669995454521,11
mp-31027,-0.6905308802777731,36
mp-542486,-0.8102671863888891,36
mp-1103076,-0.8222339195454521,11
mp-862259,-0.288817323749999,8
mp-4079,-0.6796490030000001,5
mp-1188926,-1.312622249,20
mp-1209011,-0.886362572333331,20
mp-542020,-0.8782702923333311,20
mp-10133,-0.613486305500001,5
mp-5075,-0.5217500606249991,8
mp-4755,-0.725480008124999,16
mp-3155,-0.433025305625001,8
mp-30666,-0.6371271770000001,40
mp-1200767,-0.651484859687499,32
mp-1219418,-0.601695462222221,18
mp-8577,-0.770501871,5
mp-861910,-0.27086436687499904,8
mp-19713,-0.37704939874999904,8
mp-8578,-0.798288960999997,5
mp-31055,-1.190039605333334,5
mp-1194721,-0.49914450882183803,36
mp-1025464,-0.42779692687499904,8
mp-867215,-0.43654575250000005,16
mp-1188800,-0.873487873869047,16
mp-22600,-1.397052117690475,20
mp-21035,-0.7973078749999981,5
mp-1179515,-0.468773689374999,16
mp-1194432,-0.9548252235714271,28
mp-8392,-0.8329297042857121,14
mp-11338,-0.8520413637499981,16
mp-1194390,-0.971906584999999,28
mp-1193822,-0.9365767346428541,28
mp-1193608,-0.8521980928571421,28
mp-1186976,-0.504634436249999,8
mp-10139,-0.6759556734999991,5
mp-16297,-0.8832574550000001,5
mp-1186974,-0.279433678750002,8
mp-4230,-0.7447686709999991,5
mp-29452,-1.957788085681817,22
mp-15661,-0.6238872749999991,14
mp-1192696,-0.6238703546666671,30
mp-1190179,-0.60202990764706,17
mp-1209061,-0.861406364117649,17
mp-541558,-0.9233692517647081,17
mp-1209006,-0.6264587351149421,30
mp-23414,-2.32578594,22
mp-1105775,-1.734758581666664,18
mp-1193821,-1.1797032449999931,26
mp-1189689,-1.057897022352937,17
mp-1219445,-0.771111124529099,36
mp-542493,-0.6969271221052631,38
mp-1190710,-0.44258273742424104,22
mp-18645,-0.6666346156060571,22
mp-29769,-0.870272376203704,36
mp-28385,-0.585141292400002,50
mp-1195748,-0.819239940789471,38
mp-505002,-1.232107622499999,32
mp-607138,-0.6830823853124991,32
mp-542449,-1.973734355,13
mp-17190,-0.909267095,16
mp-1198803,-0.9185857672222221,36
mp-1219419,-0.741580140853175,36
mp-510209,-0.585987211875,16
mp-11558,-0.260590049137927,29
mp-28767,-0.596811630714287,14
mp-1197755,-0.9550924381249961,32
mp-7822,-0.7977898131250001,16
mp-13573,-1.085741812142855,21
mp-17695,-0.746893971249999,16
mp-978662,-0.8709456475862061,29
mp-1194206,-0.606137375517242,29
mp-1194261,-0.7680927989655161,29
mp-1194154,-0.8293289617241371,29
mp-541102,-1.350278722631578,38
mp-1192939,-0.6129209668965511,29
mp-1206267,-0.755021981481482,9
mp-11201,-0.6234408488888891,9
mp-10445,-0.7170950092592571,9
mp-1193281,-0.642436120689655,29
mp-979260,-0.5184529931034451,29
mp-1209292,-0.32214501685185104,18
mp-1206500,-0.686962303473818,9
mp-755813,-3.191871448846153,13
mp-570547,-0.605835830172413,29
mp-10446,-0.7810596537037031,9
mp-672313,-0.558008870000001,22
mp-5382,-0.744869199999999,29
mp-1209024,-0.7243975322727281,22
mp-1219422,-0.9860226027499971,40
mp-505489,-2.049349638375,20
mp-504921,-1.859358654999999,20
mp-28321,-1.3581963635,20
mp-27513,-1.892506550588236,17
mp-1189869,-1.812338701249999,20
mp-1189852,-1.989531091749999,20
mp-541175,-1.357256742750006,20
mp-1190159,-1.80831785675,20
mp-1219413,-0.7881184337393161,39
mp-1197413,-0.528235628030301,44
mp-11237,-0.26337324500000003,2
mp-8616,-0.954016906095236,20
mp-13383,-0.805521450501487,20
mp-1018128,-0.290682248333332,3
mp-30354,-0.18631707499999903,5
mp-1080424,-0.601758970000001,9
mp-11022,-2.624149660416652,8
mp-1094066,-1.407028206406249,4
mp-1208999,-0.49075916333333003,18
mp-331,-0.46617776250000104,2
mp-813,-0.530798523333333,6
mp-12781,-0.656923293749999,8
mp-2121,-0.479127356249999,4
mp-31169,-0.328348003749999,4
mp-1105210,-0.76051166111111,18
mp-2014152,-0.8325871516666661,18
mp-1080747,-1.8828658962500011,8
mp-862602,-0.42680000125000106,4
mp-16497,-0.429006133749999,4
mp-1219358,-0.39449159249999605,12
mp-1077599,-0.5870992150000001,6
mp-861507,-1.009155341249998,4
mp-10898,-0.627430021249998,4
mp-16524,-0.960797691249999,4
mp-867922,-1.089973603749999,4
mp-2052,-1.585676658749999,2
mp-546125,-2.6847117654166652,12
mp-11256,-0.8570578424999981,2
mp-1018148,-0.8795857516666671,3
mp-1068446,-0.588137915000004,5
mp-8772,-0.21951619653846202,13
mp-2252,-0.8867963533333341,3
mp-1189073,-0.680435598333325,16
mp-10114,-0.5856188020833341,16
mp-10113,-0.659335980833334,5
mp-8697,-3.436941156833332,10
mp-569875,-0.7533863268333341,5
mp-972891,-0.167263777142857,28
mp-11277,-0.19542567333333302,6
mp-570632,-0.809993955000003,2
mp-1209046,-2.173871347222223,36
mp-1206681,-0.8959378066666651,3
mp-1186984,-2.068735379999999,8
mp-546279,-3.195286243333331,6
mp-1211,-0.324227482499999,2
mp-30494,-0.23470672124999903,8
mp-31502,-0.125089603749998,16
mp-867127,-0.235171138749997,4
mp-867263,-0.29473139000000204,4
mp-1077397,-0.35809540249999805,6
mp-867911,-0.7143696312499981,4
mp-867909,-0.6000478612499981,4
mp-23309,-2.343001440624999,8
mp-2212,-0.2912552875,2
mp-253,-0.272585656666668,6
mp-3791,-0.397145514999999,4
mp-4938,-0.533771542222221,6
mp-1195823,-0.8384564382142861,36
mp-1191630,-0.63826091986111,24
mp-615314,-0.348740543749999,8
mp-1095261,-0.720788931666668,12
mp-1103160,-1.1347138523809521,12
mp-1103034,-0.811022963333331,12
mp-559606,-1.73466522787037,18
mp-4992,-0.340514806249999,8
mp-1197663,-0.478346948958333,48
mp-1169,-0.2565679075,2
mp-1018149,-0.23641582500000102,3
mp-1078430,-0.659026773333332,9
mp-3642,-2.724876606249999,8
mp-6980,-1.474168582656251,4
mp-1219343,-1.287751537031249,8
mp-15322,-0.686937607777778,9
mp-13203,-0.5841547516666681,6
mp-1078300,-4.217866632500001,8
mp-540,-0.27394291999999804,6
mp-1094074,-2.585870041851852,36
mp-1191106,-0.670273864027777,24
mp-9549,-0.554730274444444,9
mp-1201682,-0.5353488216666681,48
mp-22701,-0.658533175833332,12
mp-11411,-0.6774599400000001,4
mp-11412,-0.609656900000002,6
mp-11401,-0.646649367499999,8
mp-932,-0.5140333662500001,4
mp-1025242,-0.443533387857142,7
mp-1025191,-0.450491094642856,7
mp-1219296,-0.521974198333334,6
mp-11360,-0.39477505375000105,4
mp-867916,-0.8041942656249991,4
mp-1219310,-0.6076799808333341,6
mp-11400,-0.5701341281249991,4
mp-1095544,-0.868749859166667,12
mp-30661,-0.8764897312500001,4
mp-1102184,-1.051429244166663,12
mp-867928,-0.9734605056249991,4
mp-867156,-0.440619790625,4
mp-9970,-0.885603622499999,4
mp-1202831,-0.525416180416666,48
mp-1196513,-0.6668396212499991,48
mp-9350,-0.7906717483333281,6
mp-1102855,-0.9552588949999941,12
mp-1078635,-0.6284175255555491,9
mp-1078402,-0.934335006666666,9
mp-1095253,-1.065894349166668,12
mp-1095247,-0.9923141305555541,12
mp-9223,-0.7940395022222221,9
mp-1197297,-1.5181751279375,40
mp-1203306,-1.4298592984374991,40
mp-24237,-0.7380941941666671,3
mp-24215,-1.35486453328125,32
mp-24741,-1.57168774609375,32
mp-759651,-1.079631199166667,48
mp-505794,-1.223806307083333,48
mp-1196144,-1.4596555411875,40
mp-24081,-1.623375357083333,6
mp-625663,-2.9704737703124993,16
mp-11471,-0.481826396249999,2
mp-30722,-0.25758209812500604,8
mp-1186991,-1.473445848749999,8
mp-559760,-2.8917588466666633,12
mp-1207100,-0.5507911224999981,2
mp-1206268,-0.46292393666666404,6
mp-20539,-0.384741196250001,4
mp-30347,-0.334686023749998,4
mp-13240,-0.2949053675,6
mp-867187,-0.632838100416666,4
mp-21301,-0.442703425416665,4
mp-1207011,-0.40745161361111104,6
mp-31339,-0.8743460287500001,4
mp-31297,-0.9033033505555571,9
mp-20521,-0.909457302916667,4
mp-867842,-0.8301913204166641,4
mp-1129,-1.058465942499999,2
mp-12593,-0.621093358749999,4
mp-2039,-0.168710104655171,12
mp-1219325,-2.518829429086206,20
mp-1209064,-0.215544565583554,13
mp-1079729,-0.5685302381992341,9
mp-1200195,-0.534505287399426,48
mp-867850,-0.6200353282327581,4
mp-9550,-0.600586953199235,9
mp-1205070,-0.617941346982759,48
mp-2857,-2.092353565,2
mp-1219274,-0.525533210833331,6
mp-1219294,-0.521353528333332,20
mp-553961,-3.466261806666667,12
mp-867786,-0.43190512624999405,4
mp-867146,-0.5343486862499981,4
mp-867795,-0.25523869875,4
mp-11521,-0.5071770974999991,2
mp-850,-0.520921808333332,6
mp-1078244,-2.1776836625,10
mp-4536,-0.551673157499999,4
mp-1072255,-0.40065256583333003,6
mp-11808,-0.41218768333333305,6
mp-21081,-0.565106026111111,24
mp-30459,-0.626136915000001,3
mp-7066,-0.8176570216666651,12
mp-10240,-1.202755195714283,12
mp-3432,-0.9635939116666631,3
mp-1078355,-0.63722042,9
mp-4661,-4.125764553333335,12
mp-567612,-0.380082790833332,12
mp-2807,-1.6662535364880942,2
mp-543042,-2.317190386220238,48
mp-696457,-2.28667560211039,44
mp-1080665,-1.189297528769841,9
mp-4200,-3.354315457440459,12
mp-12480,-1.240844728214282,12
mp-16305,-1.189282456547617,9
mp-6999,-1.074563742371031,12
mp-1219240,-4.045086822500001,6
mp-867151,-0.33476882624999804,4
mp-867804,-0.522963988749998,4
mp-862612,-0.33587169375000003,4
mp-2781,-0.908621692499998,2
mp-1206369,-0.680350783749997,4
mp-2677,-0.861802703749997,4
mp-892,-1.227382937499999,2
mp-481,-1.039966471249997,4
mp-11557,-0.38931652583333204,12
mp-1197212,-0.513221969791667,48
mp-1780,-1.031211102499996,2
mp-862629,-0.5848243712499991,4
mp-635,-0.6068413837499991,4
mp-10712,-0.49434824799999805,5
mp-30867,-0.5430755124999991,2
mp-567750,-0.39005980166666304,12
mp-7130,-0.27626856800000105,5
mp-1476,-2.07528723390625,2
mp-549,-1.103990267499998,2
mp-1219278,-2.074301115238095,21
mp-569779,-1.1327451249999991,3
mp-7173,-1.1701720016666641,3
mp-862561,-0.6069024562499991,4
mp-1782,-1.788663982031248,2
mp-9969,-0.858396899999999,4
mp-22307,-0.9154051712499991,16
mp-3129,-0.5784356899999991,10
mp-13620,-0.644462975,22
mp-9023,-0.8063665049999991,6
mp-1095563,-1.153290349999999,12
mp-22426,-0.8650193874999981,12
mp-1102080,-1.001443666666664,12
mp-9225,-1.167159453333333,12
mp-13572,-1.139214575,8
mp-20492,-1.088126355,12
mp-1080715,-0.902794615,9
mp-2398,-0.47380913500000005,12
mp-2894,-0.8532462150000031,3
mp-17092,-0.871613816666666,18
mp-4897,-0.8790974137499991,4
mp-18198,-1.001755710555556,18
mp-862623,-0.8764835499999981,4
mp-867748,-0.50737699,4
mp-1208952,-1.8210649018333331,8
mp-558781,-3.651721514555548,12
mp-862699,-0.529961978083333,4
mp-867897,-0.6225111480833331,4
mp-1101860,-0.30503423416666603,12
mp-862725,-0.230808796249998,4
mp-10026,-1.388611533333332,4
mp-13551,-2.840448436319445,48
mp-1100405,-1.21827575388889,3
mp-972957,-0.656583467083333,4
mp-19450,-2.3480506865277793,12
mp-1208995,-2.833019396,20
mp-1095287,-0.9808174363744591,11
mp-867881,-0.5796567395833351,4
mp-13312,-1.616428805833324,8
mp-13313,-1.4527441607812501,4
mp-13314,-1.133194870416661,4
mp-13243,-0.7804514961111091,18
mp-619571,-1.877286469723554,26
mp-7276,-2.0712849946875,10
mp-19247,-3.041869945833333,12
mp-867137,-0.45831425124999203,4
mp-11566,-0.381565497499999,2
mp-11567,-0.136576282692307,13
mp-13503,-0.346485575833333,12
mp-862260,-0.313133792499999,8
mp-867896,-0.255376168749999,4
mp-1071720,-0.7226847683333321,6
mp-867135,-0.7885469112499941,4
mp-1077722,-0.9413599250000011,6
mp-867768,-0.9210452037499941,4
mp-867769,-0.7752742837499991,4
mp-27358,-1.022062649955356,28
mp-540675,-0.349825507562499,40
mp-29172,-1.7607326073125011,20
mp-861871,-0.18547824911458102,6
mp-726,-1.154143574114583,24
mp-27367,-1.773091713710938,16
mp-149,0.0,2
mp-1206152,-0.109213733190475,10
mp-19072,-2.114110612142857,28
mp-504564,-0.9003655207142831,28
mp-27532,-0.6272753673214271,28
mp-28090,-0.5047175344196421,28
mp-28712,-1.579683229999991,15
mp-2592,-0.46614492,3
mp-4497,-1.918821981,10
mp-2291,-0.344433906666665,3
mp-1105877,-1.952740435555555,18
mp-4720,-0.46083057916666603,9
mp-17123,-0.49835368250000006,24
mp-1219334,-2.609816336522557,38
mp-505071,-0.44621494136363404,44
mp-1207013,-0.854004504000002,5
mp-569815,-0.561740338333334,24
mp-1620,-0.299889533333332,3
mp-23331,-2.464400844999974,38
mp-18310,-0.12519537877550801,28
mp-1332,-0.398960580625001,16
mp-978568,-0.652694173333335,12
mp-988,-1.320943462857144,14
mp-8311,-0.286266877113094,8
mp-16608,-0.46815938425000303,40
mp-29157,-0.45572319515873205,12
mp-22192,-0.6193566795000011,40
mp-15656,-0.7147565164285731,28
mp-978785,-0.6652515303125021,32
mp-1219237,-0.38552134333333204,6
mp-1206699,-0.378044507989418,9
mp-14983,-0.401065874100529,9
mp-540791,-0.7345471860714281,28
mp-3273,-2.8717827075793663,36
mp-29661,-0.7208357750000011,22
mp-568792,-0.760410692222219,18
mp-1078240,-0.33147821000000005,10
mp-1103787,-0.33096345576923003,13
mp-1203760,-0.553621656590911,44
mp-1219355,-0.37823067225446305,28
mp-555015,-1.285976503593748,32
mp-1863,-0.11968439208333301,12
mp-978553,-0.109264087916666,24
mp-569128,-0.0441499209375,32
mp-570285,-1.260954186249998,40
mp-1204356,-0.30594644486842204,38
mp-28391,-1.351781889000001,20
mp-1818,-3.306972093,5
mp-722246,-1.937921590595237,42
mp-697253,-1.27548808574074,27
mp-28538,-0.281870845249999,20
mp-23739,-0.008217420500000001,20
mp-643277,-1.720963027115384,26
mp-1219374,-1.7674040279166672,30
mp-759722,-1.801691935588235,34
mp-555194,-2.082008722708334,12
mp-1078195,-0.656745092499998,8
mp-635441,-0.6804652657499981,40
mp-1128,-0.7411240462499961,8
mp-1841,-0.404167635000007,8
mp-1275,-0.32226063999999904,8
mp-351,-0.470655468750001,8
mp-1118,-0.5239610841666671,12
mp-828,-0.433701681250001,4
mp-1219280,-0.341714268333333,12
mp-1080033,-0.602628503888888,9
mp-7000,-3.27283134388889,9
mp-2488,-0.392482408749998,8
mp-2798,-0.169962202321427,24
mp-9996,-0.14239073156745902,24
mp-18157,-2.781827299928557,40
mp-1207095,-0.24235215432539703,3
mp-697068,-0.679503392777778,9
mp-20622,-0.6013364706249961,16
mp-696,-0.6970136237499991,8
mp-1299,-0.7792132649999951,3
mp-1103261,-0.7361546121875001,12
mp-818,-0.8408696187499981,8
mp-20418,-0.7421774966666681,12
mp-189,-0.6545326474999981,8
mp-1602,-0.7497998852083321,6
mp-11152,-0.527014355833335,24
mp-1250007,-0.5185735381249991,24
mp-1077994,-0.606985762142853,7
mp-1025324,-0.5817946607142841,7
mp-1079910,-0.520418127499997,8
mp-972810,-0.311230156249997,4
mp-29397,-0.5956044437500001,24
mp-69,0.0,4
mp-972680,-0.398434781666666,5
mp-1195763,-0.19833712608697102,46
mp-16498,-0.34961203769230803,13
mp-1104984,-0.415746018076922,13
mp-1200854,-0.45932410499999904,44
mp-1208900,-0.57203264076923,26
mp-1078787,-0.7379393630000001,10
mp-1209201,-1.7313508394791661,48
mp-1206599,-0.43664286699999905,5
mp-569657,-0.434062123000002,5
mp-6916,-0.528827930999997,10
mp-1079428,-0.741381615666671,10
mp-1188143,-0.5684854146296291,18
mp-978678,-0.45151283466666703,10
mp-1189226,-0.38543709518518504,18
mp-978569,-0.5606157396296281,18
mp-978771,-0.6046460059999981,10
mp-1204974,-0.155988935869557,46
mp-768348,-0.9900822178125,32
mp-1105798,-0.331924813157895,19
mp-4073,-0.508806614666669,5
mp-1105839,-0.47481698962963104,18
mp-4334,-0.596627511000003,5
mp-573563,-0.991340212857143,5
mp-15968,-0.7529324309999981,5
mp-13400,-0.530388595000002,5
mp-9417,-2.047060307142881,14
mp-3997,-0.638962692000001,5
mp-13283,-2.380271892999999,20
mp-1105927,-0.593549862983192,17
mp-567859,-0.6203122010000001,5
mp-1219387,-0.302892227692296,13
mp-30909,-0.7830973839999991,5
mp-1103010,-0.7429999486363631,11
mp-1079613,-0.780850043000004,10
mp-31491,-0.8287769209999981,5
mp-1092291,-0.9047713570000021,10
mp-5161,-0.895188823,5
mp-21224,-0.662306107,5
mp-625402,-2.223578186964287,14
mp-20646,-0.47885019217240704,5
mp-1104498,-0.299358916352786,13
mp-13473,-0.572027212172415,5
mp-1205147,-0.39646982289473603,38
mp-21916,-0.7995859851360531,42
mp-1104730,-0.41156916785714204,14
mp-1079033,-0.815235090999999,10
mp-1078891,-0.511477306666667,10
mp-5167,-0.699670193,5
mp-574199,-1.004136108857143,5
mp-1080567,-0.695745272999998,10
mp-1080144,-0.518767328999999,10
mp-1208698,-2.990044167994505,26
mp-1206125,-0.956997086857143,5
mp-12059,-1.027911770857142,5
mp-1104658,-0.431266115714283,14
mp-567600,-0.45913238599999806,5
mp-13466,-0.5709742010000001,5
mp-12097,-1.176475171999999,5
mp-3939,-0.807790411,5
mp-567408,-0.803066927999998,5
mp-4275,-0.981982587999999,5
mp-10298,-1.078791091999999,10
mp-3882,-1.075789157,5
mp-4072,-0.9613370640000001,5
mp-1194122,-0.62150302392857,28
mp-20208,-0.33413753681818104,11
mp-1219174,-0.48575899000000106,5
mp-15109,-0.601270169846938,14
mp-1194552,-2.444783416451613,31
mp-1208781,-0.24058349036585103,41
mp-1210793,-0.647776538571428,42
mp-1191859,-0.48379002479166405,24
mp-1201454,-0.7608718930952321,42
mp-1208799,-0.39488343632542905,32
mp-1209054,-0.433493595624998,32
mp-1209696,-0.188075314210528,19
mp-1209134,-0.20430640552631302,19
mp-1209691,-0.168308617192987,19
mp-1219381,-1.810702072555555,45
mp-1208953,-0.535517935000003,28
mp-1208899,-0.9537910164285751,28
mp-1208905,-0.825825899285711,28
mp-568498,-0.9334202065909091,11
mp-980066,-0.905126596249999,32
mp-1005789,-0.476950688749999,28
mp-1208926,-0.7653295660714271,28
mp-1208948,-0.719185199464284,28
mp-1219315,-0.464326913124999,8
mp-560690,-2.62636344235294,34
mp-570141,-0.989561086720778,22
mp-979418,-0.548888377045453,22
mp-1208980,-2.6222452636764713,34
mp-559755,-2.318048796216519,28
mp-11668,-0.409008294999999,11
mp-978545,-0.431318780624998,4
mp-867869,-0.2817299925,4
mp-1219227,-0.35201118416666505,6
mp-1206462,-0.47505670599999905,5
mp-4794,-2.465260411000001,30
mp-38593,-2.007836052890624,8
mp-1103633,-0.5784103275000001,12
mp-570421,-0.622048077857144,28
mp-14416,-3.2594550379166662,24
mp-1068843,-2.896740072000001,5
mp-1219177,-0.29080740333333205,3
mp-9499,-2.417075170714286,7
mp-569335,-0.357325423999998,20
mp-1206453,-0.264338008000001,10
mp-1095083,-0.7268057880000021,10
mp-1187051,-0.404938584166667,4
mp-1206624,-0.38160961599999804,5
mp-12975,-0.757627864,10
mp-1206219,-0.627479651000002,10
mp-1005690,-0.7564911063095231,21
mp-1105544,-0.04625543526315801,19
mp-1190439,-0.578954233,20
mp-1196408,-0.317284694537037,36
mp-540547,-0.0652793725,36
mp-1219319,-2.542865451,20
mp-1190452,-2.330413312777778,21
mp-1078035,-0.23194051357142703,7
mp-17874,-2.005956999177631,38
mp-1005792,-1.551877326428572,28
mp-675037,-2.375634292857145,14
mp-1191147,-0.671130107261904,21
mp-1219231,-0.05877911421052601,19
mp-1219197,-2.8413300590909083,22
mp-1193493,-0.405027513666667,30
mp-1219195,-0.6659421133333341,6
mp-1219222,-0.5335488030000021,10
mp-622848,-0.5646531278125011,16
mp-1207243,-0.319493135500002,5
mp-1206871,-0.5089135554999971,5
mp-772840,-3.011473042499999,44
mp-1206581,-0.899079849000001,10
mp-22044,-0.762161818000004,10
mp-983234,-0.746551768000001,20
mp-1208901,-0.735264885499999,20
mp-1190112,-0.8102894005000001,20
mp-754776,-0.6497122580000021,20
mp-31402,-0.8351848724999991,6
mp-35249,-3.9977812672727273,22
mp-1202520,-2.207648429375,32
mp-1208895,-2.976453526785715,14
mp-19816,-0.48016214499999804,6
mp-1103195,-0.55278037090909,11
mp-978891,-0.465502733749999,4
mp-1205925,-0.787879326333337,10
mp-21222,-0.7343771543333361,10
mp-1005693,-0.597539326875001,4
mp-1070631,-0.47841444333333205,5
mp-20404,-0.901900812999997,10
mp-1187003,-0.735747755000002,4
mp-867142,-0.846055597499997,4
mp-867899,-0.711750322499999,4
mp-867894,-0.25623876875,4
mp-1206905,-0.20182759499999803,10
mp-867932,-0.770147749,10
mp-1187179,-0.320705070416666,4
mp-1206247,-0.32436129499999905,10
mp-1208848,-0.663193272000002,10
mp-1005829,-0.6789688232224961,21
mp-756215,-2.817081405987458,22
mp-1079654,-0.6366312271647541,9
mp-555010,-2.807459271793104,20
mp-1219206,-2.911215762539185,22
mp-13264,-0.359176155714286,7
mp-554770,-2.8820770345454623,22
mp-17591,-3.143166101111113,36
mp-1191854,-0.532622640595238,21
mp-1190918,-0.756143925357142,21
mp-1188478,-0.33961915611111,18
mp-1208882,-0.529480403205126,26
mp-645182,-0.615576228571428,28
mp-218,-3.86195246725,40
mp-672272,-0.8893767370000031,10
mp-756148,-2.3927093822727272,22
mp-1025249,-0.57100698,7
mp-1197504,-0.543857420000006,40
mp-978850,-0.465027577500001,20
mp-17741,-3.2046630365625,32
mp-1403,-2.366729565,20
mp-29880,-2.640513156785713,14
mp-5598,-3.502992607500002,5
mp-1219180,-2.9598467880000032,5
mp-1208915,-0.872969097222219,36
mp-1205812,-0.8018107979999961,10
mp-15081,-2.198047837437499,20
mp-13972,-3.421144282468751,5
mp-1194932,-3.71401423483507,36
mp-17235,-3.637195456136363,44
mp-1219183,-0.9526313199999981,6
mp-1208894,-0.8567988325000011,20
mp-1208891,-0.946956368999996,20
mp-1208907,-0.9727625260000011,20
mp-697708,-0.8872683442500001,40
mp-1208880,-3.740110009375007,32
mp-18610,-3.393738472792969,32
mp-2883,-2.999128691818181,22
mp-554623,-3.443359100743589,13
mp-1106376,-1.700670652499997,20
mp-3073,-2.28689454715686,34
mp-16033,-3.278480227333331,5
mp-772900,-2.976674183518519,36
mp-5999,-3.293637026969698,11
mp-1219207,-0.10116521280701801,19
mp-770806,-3.823237357604167,32
mp-972536,-0.32710896125000305,4
mp-867191,-0.347928643333333,4
mp-978807,-0.426772846458337,4
mp-1219215,-3.033228952500001,20
mp-771966,-3.26699742611111,36
mp-30712,-0.262779661052629,19
mp-978973,-0.380444883125003,4
mp-1219169,-0.816204497142853,7
mp-1190396,-2.368156016111111,21
mp-4408,-3.85569428090909,22
mp-1196148,-2.199853141875003,32
mp-1198078,-1.966999839414061,32
mp-1205782,-0.6077658827272701,11
mp-1205500,-0.5318864356060601,11
mp-1208935,-0.671112887894737,38
mp-1208914,-0.714670097894737,38
mp-573541,-0.495343710909091,22
mp-1103415,-0.6207811022727271,11
mp-1205497,-0.526168290454544,11
mp-504614,-0.49321949863636405,22
mp-1209001,-0.6725471801724141,29
mp-1208959,-0.8771616924999921,28
mp-1194691,-0.65351139607143,28
mp-1208970,-0.7131276618226561,29
mp-1208981,-0.8239668731034491,29
mp-29989,-1.029550025,14
mp-1191578,-0.584689023636363,22
mp-1208977,-0.8645678817857131,28
mp-979266,-0.23774359,8
mp-7144,-0.37786016400000005,5
mp-1094052,-0.9686063877500001,5
mp-1191453,-0.41785306249999904,24
mp-10560,-3.077528223500002,10
mp-1105337,-2.9314827041666662,20
mp-561186,-3.350879025654762,28
mp-1105248,-0.7036796925000011,20
mp-980752,-0.092368299375,16
mp-1196900,-0.352728211000001,40
mp-1209031,-2.02594540625,40
mp-1188666,-0.870023949,20
mp-555978,-1.746015828541666,24
mp-570226,-1.571149619283853,24
mp-554097,-1.836235165624999,24
mp-570045,-1.61913023595052,24
mp-558042,-1.725180789375,24
mp-675396,-2.342188863571428,14
mp-1105484,-3.3350189425,20
mp-1195872,-0.6000515432500001,40
mp-1208826,-0.6882729243750011,16
mp-1105102,-0.25640086821428604,14
mp-31110,-3.503155579249986,20
mp-580126,-0.743730019374999,16
mp-980429,-0.22214254687499801,8
mp-1219190,-2.262240289999998,8
mp-21202,-0.371565270000001,4
mp-1188557,-0.6528182437500011,16
mp-19716,-1.105729227750001,5
mp-21604,-1.9907383449166631,40
mp-21562,-1.8230648976874981,40
mp-15326,-3.04480209,22
mp-867965,-1.915864724202585,24
mp-1191873,-1.8251305019109192,24
mp-705801,-3.339929460681817,44
mp-1105945,-0.193658175624999,16
mp-1209016,-0.747966185416663,24
mp-1190029,-0.207471045625005,16
mp-5447,-3.134779229090907,22
mp-1104311,-0.8891924821428581,14
mp-7423,-3.276375058541674,48
mp-1205407,-0.455069500624999,16
mp-17391,-0.6699710589999951,15
mp-1188125,-0.25602218875000204,16
mp-3154,-2.629460901000001,40
mp-1191139,-3.352076431363635,22
mp-556820,-3.2213490909375,32
mp-617312,-0.643779808333333,24
mp-555527,-1.792927005000009,28
mp-560356,-1.7399511114285722,28
mp-16995,-1.5616563718125,40
mp-863032,-1.7817815928472212,24
mp-1200898,-0.492823617249997,40
mp-680553,-0.5577006344999981,40
mp-1209813,-0.40955662475002,40
mp-1206990,-1.066682363000002,5
mp-752686,-3.79243032112121,22
mp-18082,-3.363153022792969,32
mp-1106334,-0.34198438833333805,16
mp-10606,-0.338132242666669,5
mp-1208868,-3.110908441538461,26
mp-1103573,-0.339127956785714,14
mp-1201457,-0.278351623599984,50
mp-581770,-0.5179037521212121,33
mp-1208937,-0.47006957916666803,24
mp-1208939,-0.25464616499999904,24
mp-1208955,-0.40909275166666403,24
mp-1208941,-0.555744480416668,24
mp-1219337,-0.578134486923078,13
mp-570441,-0.50987704695652,23
mp-1179485,-0.62411553228571,35
mp-571606,-0.11187452388888901,9
mp-1105656,-0.541067388529411,17
mp-1208958,-0.383973677083333,24
mp-1208976,-0.16825010541666402,24
mp-1208870,-0.474927645,24
mp-567957,-0.357029802083332,24
mp-1208945,-0.199044219583337,24
mp-3062,-2.116760882500001,9
mp-550117,-3.165801031548299,11
mp-571474,-0.744268314285718,14
mp-1209194,-0.777549657878787,22
mp-1205030,-0.721457240263157,38
mp-1188575,-0.9039338006249971,16
mp-7317,-0.09679022357142901,14
mp-1188992,-0.7402710062500001,16
mp-1506,-0.8249400563888921,36
mp-1104500,-0.648043249285714,14
mp-1199558,-0.7872794875000011,32
mp-1204042,-0.8477225027976181,36
mp-1179514,-0.7269374081250031,16
mp-1200672,-0.7717257644444411,36
mp-1196525,-0.7024024444444481,36
mp-1104159,-0.290340404999998,14
mp-980757,-1.121722890000001,16
mp-1106373,-0.6997544675,16
mp-567800,-0.794341306944444,36
mp-1189874,-0.7080045381250021,16
mp-1198128,-0.7544351155555561,36
mp-1188446,-0.31325368937500303,16
mp-1200970,-0.8303933831944451,36
mp-1219263,-0.139740275500003,40
mp-1219158,-1.79872527021739,23
mp-1219147,-1.891905452826086,23
mp-1204028,-0.115996563249998,40
mp-1198585,-0.08839952674999901,40
mp-1196326,-0.110375167249999,40
mp-1005689,-0.213676169166666,18
mp-1219159,-1.765488114782608,23
mp-1201769,-0.06824844808333301,40
mp-1219149,-1.884522267391303,23
mp-1209077,-0.6859722130128201,39
mp-1208731,-0.8918338033424891,39
mp-1196845,-0.062334888166665006,40
mp-1173414,-3.845084492499967,26
mp-1209190,-0.41255328274999903,40
mp-1188617,-0.768940188999999,20
mp-1189638,-0.536845093,20
mp-680161,-1.7043654224637672,46
mp-1219444,-0.6160509873750011,40
mp-1191458,-0.348532399375001,24
mp-561233,-2.391459268684212,38
mp-2475,-0.302441587499998,2
mp-867254,-0.583560251666669,4
mp-1206436,-0.645727611666667,9
mp-867218,-0.41475869749999805,4
mp-753226,-2.539877864166665,4
mp-570855,-0.562348181666664,6
mp-978951,-0.46962974687500003,16
mp-2358,-0.576745099999998,6
mp-1025458,-0.6044745112500001,8
mp-867870,-0.49444112125000006,8
mp-1219105,-0.516801621999999,5
mp-1208898,-0.585640099500018,20
mp-1208873,-0.6360941424999981,18
mp-11539,-0.9046129499999981,6
mp-11945,-0.5561848233333321,12
mp-16626,-0.5201712418181801,22
mp-1208872,-0.517982155000009,28
mp-1102449,-0.7636010991666651,12
mp-979972,-0.44361277888888906,9
mp-3077,-0.6646172733333341,6
mp-7405,-3.697794770499969,20
mp-1102212,-0.880286700833333,12
mp-1103450,-1.092243473333332,12
mp-12804,-0.726917778333335,6
mp-1219110,-0.448415816666668,6
mp-1738,-1.798826756249997,2
mp-1208854,-0.877319290833333,18
mp-12929,-2.81880786375,12
mp-8951,-1.320082555833333,6
mp-1103143,-1.219547994166665,12
mp-1079308,-2.032607166875,8
mp-1102762,-1.732295830000001,12
mp-1208883,-1.690274805520831,12
mp-999193,-0.8350797550000001,4
mp-30417,-0.690396818750001,8
mp-1080381,-0.6645579705555531,6
mp-567077,-0.5890774480555571,6
mp-2947,-0.6756441605555691,6
mp-8546,-0.6555117165000011,20
mp-6996,-0.5186441035714281,7
mp-1192040,-1.622246661666667,24
mp-8627,-3.488289486333333,20
mp-4982,-0.734807114833334,5
mp-1208596,-0.174135961071429,28
mp-22873,-1.151759717500006,2
mp-550111,-2.383572875,8
mp-546152,-2.431803824375001,8
mp-552292,-2.297366305000001,8
mp-768383,-2.432771191666665,12
mp-1207190,-1.060600278333334,3
mp-570890,-0.723933458333332,12
mp-27976,-2.2959937075,8
mp-29327,-3.310946965000001,6
mp-12764,-0.32605572333333505,3
mp-572,-0.300894657499998,2
mp-30495,-0.308374655,3
mp-979465,-0.26855268249999903,8
mp-867853,-0.274145252083332,4
mp-1206315,-0.640554194999997,9
mp-867882,-0.645947641249996,4
mp-1095197,-0.513057454166668,9
mp-867157,-0.389039195000002,4
mp-1219107,-0.40147772555555106,6
mp-1072586,-0.306458220833328,6
mp-1079744,-0.664382299444443,9
mp-863026,-2.428301643125001,8
mp-27823,-3.489553778333333,6
mp-336,-0.078742238333334,6
mp-1199867,-0.8783200387698401,36
mp-1201674,-0.7922494732142611,36
mp-567852,-0.44907393250000105,28
mp-1079121,-0.29641135375000005,8
mp-20777,-0.5922703925,12
mp-1078752,-0.6545451587500011,8
mp-1206649,-0.527095221999999,5
mp-20016,-2.567496454999943,20
mp-1019108,-0.6672801233333401,6
mp-13478,-0.731351906249999,8
mp-972659,-0.623150037000001,5
mp-1206312,-0.424314488333332,6
mp-1191882,-0.577934289166667,24
mp-1208812,-2.8208864578125,32
mp-1105788,-3.1710719595,20
mp-18956,-2.755208639166667,12
mp-1106360,-2.5248065729629623,18
mp-980769,-0.215817401249999,8
mp-1077154,-0.223956848333334,6
mp-867863,-0.205667627499998,6
mp-227,-0.18046810166666602,6
mp-1219064,-0.630077566666668,3
mp-13695,-2.65674744375,4
mp-770767,-2.4121013065,20
mp-20637,-0.52078586333333,6
mp-5081,-1.631051361874998,16
mp-1080116,-0.7462484062499961,8
mp-11793,-1.44437593328125,16
mp-8121,-0.7035757583333341,6
mp-12791,-0.599014081666666,6
mp-561248,-1.425976595416666,32
mp-978557,-0.572579385000004,4
mp-867159,-0.072119819166663,4
mp-978527,-0.351101210833339,4
mp-972635,-0.563145354583333,4
mp-978513,-0.06951272124999801,4
mp-1219071,-0.5451472653571441,14
mp-1190656,-1.9093446837499992,24
mp-1187040,-0.492861021250004,4
mp-7384,-4.468310304375,16
mp-1206795,-0.44827337800000006,10
mp-20416,-0.525297345277775,24
mp-20243,-2.803803629500001,20
mp-1019100,-0.5730016883333271,6
mp-1207071,-0.6681123400000001,8
mp-999177,-0.715868374999999,4
mp-477,-0.8062252700000011,3
mp-980004,-0.530065888749999,8
mp-1025423,-0.6355512212500001,8
mp-1219054,-0.5369302877777781,18
mp-867143,-0.6299913824999981,8
mp-1218984,-0.527149344999998,5
mp-1219033,-0.5795790015000001,5
mp-1219014,-0.5666935580000001,5
mp-1219031,-0.6572059719999991,5
mp-1219024,-0.6789751895,5
mp-1102499,-0.5500590241666661,12
mp-19988,-0.46409744607142805,7
mp-1104451,-0.38372105142857105,14
mp-1103079,-0.590207794166667,12
mp-1102601,-0.862868278333333,12
mp-1105746,-0.87609488875,16
mp-1102464,-1.057748152499993,12
mp-1218980,-0.7856835533333351,6
mp-1218985,-0.508370097857142,14
mp-1219295,-0.057334948684213,19
mp-1219007,-2.302930077500001,4
mp-1218995,-2.053307179531248,4
mp-972521,-0.865376732499999,4
mp-1105662,-0.8079711449999981,16
mp-1208653,-0.7930354637499991,16
mp-1005755,-0.8951970943750001,16
mp-1019101,-0.836434029999997,6
mp-1208649,-0.8689168608333301,12
mp-1208689,-0.9688854922222221,36
mp-1188088,-0.8881711787500011,16
mp-505483,-1.105550476666664,24
mp-1103463,-0.9147191550000011,12
mp-1019109,-0.6855949733333351,6
mp-24658,-0.7623552291666671,3
mp-757145,-2.408652389166666,24
mp-1192065,-0.6878702065625001,24
mp-1219040,-2.5490746601785723,28
mp-1101397,-2.9301160928125,8
mp-1005754,-2.523883141406251,32
mp-1207109,-0.507890725,3
mp-867879,-0.446874828125004,8
mp-972623,-0.589171169374998,4
mp-567912,-0.692106703611114,9
mp-1187022,-0.004344449999997,8
mp-978536,-0.5692628550000051,4
mp-978563,-0.45725126083333206,4
mp-867130,-0.068354989999998,4
mp-972653,-0.34298226416666905,4
mp-863028,-1.679602593749999,8
mp-754217,-3.059044779999999,6
mp-20298,-0.624586029999999,2
mp-1208961,-1.748904060000001,32
mp-21853,-0.679197829999999,8
mp-1191123,-0.21035383319445203,24
mp-1210938,-0.7679664302499951,40
mp-20666,-0.6019173158333331,8
mp-19977,-0.5686264375000001,4
mp-1206468,-0.42852541119047105,7
mp-568719,-0.422714734999999,4
mp-621351,-0.736517479444444,9
mp-568596,-0.694418602916669,4
mp-1179530,-0.482352538888891,9
mp-1206095,-0.278086651666666,6
mp-21379,-0.80019506777778,9
mp-1078856,-0.46932570833333204,9
mp-982004,-0.8900487922222231,9
mp-1077380,-0.795896735277768,6
mp-20789,-0.71960490611111,9
mp-867978,-0.6556337254166681,4
mp-978805,-0.5538891354166681,4
mp-1208832,-2.174970955770831,20
mp-2558,-0.084520125,2
mp-13222,-0.166958945833332,24
mp-569494,-0.25511334958333204,12
mp-30779,-0.08270753749999801,4
mp-1219044,-0.265891644166665,12
mp-1095154,-0.25206655611111,9
mp-867862,-0.29040380583333103,4
mp-1205979,-0.6557136155555551,9
mp-867867,-0.746028767499999,4
mp-867131,-0.29840517249999804,4
mp-11157,-0.48607689472222304,9
mp-867181,-0.45963566375000203,4
mp-21456,-0.395674705555554,9
mp-1079743,-0.661357293333331,9
mp-16645,-0.908393652222216,9
mp-867240,-0.6096202499999991,4
mp-11987,-0.33660500333333504,9
mp-867871,-0.34320936499999904,4
mp-19358,-2.628535253545252,32
mp-1208950,-0.213397244814324,13
mp-22203,-2.991211237586206,20
mp-559195,-2.099794565692593,22
mp-1019102,-0.506399225977011,6
mp-1078797,-0.59771595573276,8
mp-1194049,-2.589357923928572,28
mp-558997,-2.681249134285715,14
mp-558638,-2.980700866785715,28
mp-749,-1.767472924374999,2
mp-14152,-3.537960958333332,12
mp-999145,-0.36807611,4
mp-1402,-0.36313556833333305,6
mp-9220,-0.48028308805555603,6
mp-1095619,-0.351837314583331,12
mp-1102220,-0.45085290402777706,12
mp-1075,-0.298547072499999,6
mp-16734,-1.036178380833333,3
mp-979948,-0.55687622111111,24
mp-1206682,-0.667981598333331,3
mp-999144,-0.28870613374999904,4
mp-1101817,-0.7370186483333341,12
mp-980760,-0.73651204,8
mp-8466,-0.5978562270000001,10
mp-22495,-2.4529482349999983,20
mp-1102777,-1.178140865714288,12
mp-1206264,-0.889733718333329,6
mp-1104463,-0.6445100474999991,12
mp-9488,-4.200559043333337,6
mp-570007,-0.25412337583334,12
mp-710,-1.8091348239880922,2
mp-697974,-2.282181278258927,40
mp-542237,-2.774493913045633,36
mp-9849,-0.6452046758134901,12
mp-1102486,-3.46913106660713,12
mp-10868,-1.248998623214286,6
mp-10738,-1.341192546547616,3
mp-1079697,-0.659930385928571,10
mp-1191565,-1.7296383761309522,24
mp-3897,-1.385817718898809,48
mp-1173297,-4.139033795,12
mp-867238,-0.43647870249999704,4
mp-867985,-0.610085793749997,4
mp-31380,-0.8843563675,4
mp-357,-0.853875532499998,4
mp-1106349,-1.156423548124999,16
mp-1079245,-0.819969532222223,9
mp-1025431,-1.192881412499998,8
mp-1127,-1.06664426666667,6
mp-30845,-0.8953327887499991,4
mp-17569,-2.914746472500001,36
mp-1102035,-0.113328665833336,12
mp-1208888,-0.5847312158333341,24
mp-436,-0.728297282499998,2
mp-840,-0.690795644999995,6
mp-1191108,-0.530854718749997,24
mp-7167,-0.432206347999999,5
mp-3317,-2.528890301999999,20
mp-1102438,-0.236342795833337,12
mp-1269,-2.27385046625,2
mp-1232280,-2.071065281666665,12
mp-1208844,-2.3499272525,12
mp-3931,-3.317725045833334,6
mp-541073,-2.102573354166666,6
mp-2281,-1.418242280000001,2
mp-1079703,-0.7844288874999991,8
mp-11160,-1.01647506416667,12
mp-13196,-2.825157747500001,24
mp-1208838,-1.196833001666666,6
mp-1208896,-1.060131104166667,12
mp-1103612,-1.647593506666664,12
mp-1019138,-1.363295573888887,6
mp-31118,-3.921264459499999,20
mp-1188840,-2.297826114999998,20
mp-1447,-2.08223308953125,2
mp-554063,-2.462941755390624,24
mp-1025489,-0.8628560725000011,8
mp-1025420,-0.8385500400000001,8
mp-1191393,-0.475490591666666,24
mp-568555,-1.017576474166665,6
mp-1068639,-0.860587320999999,5
mp-1068782,-0.6634360410000021,5
mp-1069765,-0.7954136650000011,5
mp-972524,-0.6166301522222191,9
mp-1070955,-0.575361415833332,6
mp-1208992,-1.012754614722221,36
mp-1190170,-0.975096195624999,16
mp-1077109,-1.122316878333335,6
mp-1207210,-1.065603344999996,5
mp-8655,-0.8532271883333351,6
mp-1077593,-0.610048371666665,6
mp-2484,-0.46060433499999703,4
mp-1201411,-0.46586909599999804,40
mp-13305,-0.855774013333331,3
mp-972526,-0.6988432050000021,4
mp-17418,-3.562214694722223,36
mp-1206857,-0.811898178888895,9
mp-571581,-0.917127909999999,12
mp-21007,-1.066925606666668,9
mp-1080129,-0.8699913033333311,9
mp-12931,-3.699751929555555,12
mp-342,-1.614376085,2
mp-9399,-1.1174111887500011,8
mp-1208842,-1.405974312500002,12
mp-555184,-3.510568672222222,12
mp-5919,-0.653654049444445,6
mp-2541,-0.37951780416667,4
mp-19480,-2.370648509444445,48
mp-1105449,-0.924625335168155,20
mp-18041,-2.494713035277778,24
mp-1195564,-1.044161377371032,48
mp-11569,-0.269146718750008,4
mp-972542,-0.5651232795833361,4
mp-569047,-0.650092461666664,9
mp-999138,-1.714360570833327,4
mp-999137,-1.6138808707552,4
mp-999132,-1.279318877916662,4
mp-978529,-0.562760513749999,4
mp-978512,-0.063507713750002,4
mp-1218978,-2.228142130000002,4
mp-972541,-0.32781408041667204,4
mp-1219038,-0.9806708356250051,8
mp-1188225,-3.249731109500001,20
mp-19323,-3.189556127500001,12
mp-1219106,-0.47944614767241306,10
mp-1219047,-0.059269819210525,19
mp-1187026,-0.578897393749997,4
mp-867861,-0.08080288624999901,4
mp-1218913,-2.045016442031251,4
mp-978564,-0.36472041041666703,4
mp-2165,-0.32971875249999805,2
mp-30870,-0.193443477307692,13
mp-962,-0.378332965,6
mp-1106231,-0.35755612874999904,16
mp-867860,-0.6066496987500001,4
mp-1218982,-0.669901328000001,5
mp-1019257,-0.5628913708333341,6
mp-1208849,-0.693451870833335,12
mp-981699,-0.447659898888887,6
mp-1078641,-0.41561385388888805,9
mp-550820,-2.022121642410714,8
mp-1080449,-0.7194172438888851,9
mp-13376,-0.6844561275000011,12
mp-1218957,-0.622181821666663,3
mp-570159,-0.633121054999996,12
mp-117,0.0,2
mp-38605,-0.273701861428573,7
mp-10955,-0.31907022732143003,7
mp-36381,-0.35465750364748705,9
mp-22467,-1.779286491428569,28
mp-557101,-0.5444626404761951,42
mp-27947,-0.42160194595237904,7
mp-556672,-1.512886412465277,36
mp-28456,-1.4458759235937482,32
mp-1198561,-1.502136467968749,32
mp-1218977,-0.465342979999995,8
mp-768950,-1.83974065838235,34
mp-27430,-2.847382213166667,40
mp-29252,-2.072818181666669,24
mp-2083,-0.310802113333333,3
mp-27480,-2.205263268999999,10
mp-29590,-2.635444859375,16
mp-554022,-2.369121292207792,44
mp-555836,-2.139350682455357,16
mp-1218970,-0.33103981250000203,4
mp-19962,-0.45046744666666405,3
mp-1103044,-0.414567360833332,12
mp-1078054,-0.635096793571423,7
mp-1509,-0.47389199418749905,20
mp-1219056,-1.87758550595238,21
mp-1203382,-0.9728654794736851,38
mp-570377,-0.064334008571429,7
mp-1443,-2.537928646818182,22
mp-1194504,-0.5366352543359411,32
mp-546757,-2.412105847694805,11
mp-30846,-0.520766143999998,10
mp-680677,-0.1499195775,20
mp-1219089,-1.813841691269841,21
mp-12531,-0.050459851071427,7
mp-28999,-0.313935090178574,28
mp-30061,-0.488198604015151,22
mp-1188303,-0.270286399499999,20
mp-28998,-0.312056717307698,13
mp-30060,-0.45170721871794706,13
mp-560715,-2.145685457899159,34
mp-978114,-1.762198781818187,22
mp-22344,-0.165497293500001,20
mp-1775,-0.143542680000003,4
mp-13252,-2.6146258118055563,24
mp-1101917,-0.274179998333333,12
mp-29862,-1.173346578333331,12
mp-23216,-1.117422941499999,20
mp-29179,-1.055039141666666,24
mp-29866,-1.025306462999999,20
mp-27373,-1.746298670833333,12
mp-2843,-2.375956695416668,24
mp-2706,-2.5714796239999993,5
mp-1218953,-0.38636515540104005,10
mp-5045,-0.684868667,20
mp-643902,-1.155173741111111,9
mp-863000,-1.465524604423077,26
mp-23763,-0.984600160882353,17
mp-24113,-1.598461974999999,17
mp-36508,-2.2485275246875,8
mp-27194,-0.7447498127777771,9
mp-23182,-0.6773522655,40
mp-571146,-1.074587249999999,12
mp-20033,-0.274733545000003,4
mp-1195050,-0.471809929414064,16
mp-2097,-1.629702402499999,4
mp-856,-2.107482005,6
mp-560891,-1.68112488637755,28
mp-757192,-2.52654159542857,20
mp-22821,-2.449247168482141,48
mp-7541,-0.006844442232141001,8
mp-3245,-0.13375594962121,22
mp-28293,-0.8789706541341991,22
mp-690702,-2.147675433341836,28
mp-775543,-2.230909291361608,16
mp-555838,-2.502231003273809,24
mp-1007694,-2.532968440306123,28
mp-1025296,-0.54337621137755,7
mp-13923,-0.40723959178273605,20
mp-2369,-0.501837157500002,8
mp-1851,-0.519858699166666,12
mp-718,-0.4929071675,4
mp-19856,-0.6177887774999961,4
mp-20971,-0.401705384999999,4
mp-1218931,-0.6541440259374981,12
mp-1218926,-0.639586363854164,12
mp-317,-0.462899801249999,8
mp-636334,-0.36264119999999705,12
mp-2231,-0.47208111515625006,8
mp-1170,-0.473969728541665,3
mp-691,-0.45354630828125003,8
mp-665,-0.42389676937500004,3
mp-560193,-1.155435821129807,26
mp-1883,-0.265049880000002,2
mp-12231,-1.651832557916665,48
mp-1218898,-0.5678468683333331,12
mp-139,0.0,2
mp-1077980,-0.356080660952379,7
mp-27352,-0.8542381654545431,44
mp-7879,-0.359259511999999,5
mp-7366,-0.37273311200000003,5
mp-1079278,-0.6513960159999991,10
mp-1207102,-0.427401027999999,5
mp-1070483,-0.39380389399999904,5
mp-8422,-1.473838570178571,14
mp-6931,-0.35023813399999904,5
mp-37091,-0.9968879585714281,7
mp-14500,-0.77549654818182,22
mp-983061,-2.230286086666667,18
mp-4370,-0.7698684410000011,5
mp-569006,-0.8846263909999971,5
mp-4404,-0.7642250210000011,5
mp-9298,-1.477021438571423,14
mp-1218890,-0.49169484727272805,11
mp-1200414,-0.38351267779999904,50
mp-6939,-0.7234118350000011,10
mp-9749,-3.123118884404775,28
mp-7348,-0.6386998189999981,10
mp-8947,-1.234003620476189,28
mp-11919,-1.197968177,10
mp-29048,-2.111014762857145,14
mp-567114,-0.5991461920000001,10
mp-504910,-1.149098946111112,18
mp-1104117,-0.432956165714286,14
mp-7771,-0.604969456999997,5
mp-12783,-0.33262087699999704,5
mp-8277,-0.5721131518571381,5
mp-7432,-0.5677388000000001,5
mp-36819,-2.161931339196427,14
mp-28477,-1.233083114444444,18
mp-571203,-0.618833319,5
mp-7361,-0.36121922,5
mp-5671,-0.8369478311904751,5
mp-1069057,-0.45703401800000004,5
mp-4861,-0.589742415,5
mp-3241,-0.36623066799999704,5
mp-13900,-1.662393840999998,10
mp-505515,-0.514049587,10
mp-7877,-0.321944324,5
mp-1068891,-0.345071726,5
mp-980666,-2.439082478392856,28
mp-862729,-2.26222997910714,28
mp-1193662,-2.437206626488093,28
mp-1193520,-2.250829536488091,28
mp-4488,-0.529254678999993,5
mp-3299,-0.822323491857144,5
mp-1188542,-0.307214928823527,17
mp-972120,-0.7780492049999991,20
mp-12780,-0.601445783999999,10
mp-978854,-0.475335449499997,5
mp-1078231,-0.7002659209999991,10
mp-1104062,-1.227702357321429,14
mp-6987,-0.884241162857145,14
mp-13918,-0.5135345099999991,5
mp-978853,-0.7354772099999991,5
mp-978986,-0.7128949359999991,5
mp-10697,-0.846292407999996,5
mp-19787,-0.5439238500000011,5
mp-643905,-0.651188023571428,28
mp-1179405,-1.3791756,22
mp-27425,-2.114612977499999,20
mp-1194314,-2.439235399821427,28
mp-754521,-1.5432830833333342,18
mp-1194987,-0.251367694393938,44
mp-21756,-0.34003756689394404,44
mp-1205860,-0.598397750666663,10
mp-570556,-0.536262627666666,20
mp-581716,-0.467596316428572,14
mp-1078973,-0.5831194435238101,10
mp-20397,-0.966013380000003,14
mp-34141,-2.492040600892857,14
mp-33569,-2.358940671607143,14
mp-570097,-0.9617530475170071,7
mp-1192751,-2.434813495297616,28
mp-1194337,-2.235004940654761,28
mp-863260,-1.146270626999999,5
mp-1069695,-0.562005396000002,5
mp-9566,-0.8155411680000001,5
mp-8736,-1.033711656833334,15
mp-4157,-1.571446753333333,36
mp-39033,-2.242733372321428,14
mp-16830,-0.343101589210526,19
mp-18127,-0.31611737142857305,14
mp-4316,-0.7208339249999991,5
mp-3207,-0.50936324,5
mp-2755266,-1.388828599230768,26
mp-1103788,-0.7070769052721091,14
mp-569881,-0.596464901999993,5
mp-8507,-0.91996202525974,22
mp-15074,-1.02326143052381,15
mp-569310,-0.750524373190478,5
mp-3385,-0.8248441598571411,5
mp-1194990,-0.7457303928835961,36
mp-8581,-0.9348614638571541,5
mp-3804,-1.021881211190475,5
mp-38240,-2.3860417106547622,14
mp-37859,-2.246160954226188,14
mp-766173,-1.7513486389285582,28
mp-1079784,-1.912093657222223,18
mp-22775,-0.44211844705882203,17
mp-9126,-2.3862711166666672,9
mp-8468,-0.855555668999997,10
mp-17678,-2.282851445535714,28
mp-567278,-1.330957356000001,15
mp-7880,-0.3030315,5
mp-7365,-0.5201371719999991,5
mp-568402,-0.7186036160000011,5
mp-1218917,-0.5959118126923081,26
mp-9379,-0.6243184570000011,5
mp-1078411,-0.558447864000004,10
mp-1078257,-0.338039202999999,10
mp-1193989,-2.436977071964286,28
mp-1193917,-2.215435640744049,28
mp-1194307,-2.442503043035716,28
mp-29035,-2.439627174821428,28
mp-1193100,-2.267338949107142,28
mp-7770,-0.6637263550000001,5
mp-7363,-0.40939314600000004,5
mp-8276,-0.810472131190476,5
mp-7431,-0.55789577,5
mp-1080049,-0.39149912700000006,10
mp-1218906,-2.910924030499999,50
mp-1218905,-2.886149864099999,50
mp-1218894,-3.317368760069687,41
mp-17447,-3.299625168179442,41
mp-30305,-1.009788362857139,42
mp-642418,-0.352614419722219,36
mp-578752,-1.084600449603174,42
mp-16475,-1.066274681904761,42
mp-758049,-2.432952483510637,47
mp-1218874,-0.735519225592108,19
mp-581263,-0.5826641416071421,28
mp-1192393,-1.202118908620691,29
mp-571416,-0.3293090832,50
mp-641775,-0.58595343377451,34
mp-1218875,-0.28379291708333204,12
mp-1191197,-0.559684214772727,22
mp-649419,-0.90701995392857,32
mp-1190711,-0.550100250454545,22
mp-705522,-0.28272872034188,39
mp-1218879,-3.472123711666666,24
mp-1195613,-0.739721863636362,44
mp-555467,-3.505704666458333,48
mp-697977,-0.499846102124999,40
mp-5401,-3.207617671759231,36
mp-649084,-0.42372459500000004,34
mp-1077553,-1.623451044027778,6
mp-569810,-1.4835856786111101,24
mp-23131,-1.70797250986111,24
mp-10234,-2.023247366944444,24
mp-760510,-2.353507547222223,18
mp-1986938,-1.831536419670139,9
mp-31150,-0.812347422499999,20
mp-23056,-1.514354432499999,4
mp-567655,-1.857765472142857,7
mp-15002,-2.5457749655,20
mp-19116,-2.9194941195,20
mp-1188807,-2.920525596750001,20
mp-1208881,-2.740657546,20
mp-11982,-2.803740488666666,20
mp-14551,-3.5751812629999993,20
mp-1105247,-3.049108923,20
mp-863261,-0.9412298870000021,10
mp-862720,-0.379173486666666,4
mp-862721,-0.48391350999999805,4
mp-1068157,-0.7361440019999921,5
mp-867149,-0.5273631212499991,4
mp-19014,-2.618560415,20
mp-6603,-2.841448410500001,20
mp-15743,-3.49213323142857,14
mp-23114,-2.344424367857143,28
mp-23130,-2.51143146,14
mp-17540,-1.9913650231354172,30
mp-556076,-2.138443608333333,18
mp-1191317,-2.5111542958333333,24
mp-510546,-2.475307321000001,20
mp-1275355,-2.348026246071429,28
mp-1079403,-2.240684457000001,10
mp-1208846,-3.092014428541667,48
mp-561642,-2.332021244166666,20
mp-1274308,-2.605262132499999,20
mp-766492,-3.2367591925,48
mp-693892,-2.7407924281250002,32
mp-1078354,-2.492751817999999,10
mp-1084823,-2.673530843999999,10
mp-1207052,-2.7655281984999993,20
mp-546898,-2.286592217142856,7
mp-23102,-2.448147261428572,7
mp-549487,-2.040133024285713,7
mp-10950,-2.883831950714285,13
mp-21129,-1.942848560555556,18
mp-1104000,-0.44560612332417504,13
mp-552537,-2.411228150833334,6
mp-561243,-2.505375169444444,18
mp-1147709,-0.44778546694444404,18
mp-5456,-2.436278400833332,6
mp-754322,-2.185755024285735,7
mp-546295,-2.148619267999999,10
mp-1208858,-2.8561096071666663,20
mp-1105402,-3.092955365166665,20
mp-1188108,-2.857345851166667,20
mp-561072,-3.110212678666666,20
mp-1208889,-3.6002561944,20
mp-1208875,-2.871816628499999,20
mp-18744,-3.113661218499999,20
mp-6294,-2.877480758499999,20
mp-1208927,-3.620099640233333,20
mp-556507,-2.565466526071428,28
mp-766474,-3.094187293541666,48
mp-630641,-2.6517125075,28
mp-1191264,-1.991029511249999,24
mp-505312,-2.1175037396875,16
mp-1078746,-0.618383489722221,9
mp-1208946,-2.221845612999995,10
mp-1071505,-2.563631265,24
mp-1218828,-2.890080845357141,28
mp-19102,-2.51180644,7
mp-1095170,-2.332112187499999,20
mp-552162,-2.542482665,40
mp-1218831,-2.291433211,10
mp-1218824,-2.523769741499999,20
mp-19266,-2.663015328,20
mp-867219,-0.7310471115,10
mp-1218812,-0.516267526250002,4
mp-1208851,-2.826859505,20
mp-1218849,-2.291955524285714,14
mp-1105454,-3.055254508000001,20
mp-16796,-2.828292794,20
mp-1523375,-3.051663482249999,40
mp-1209102,-3.563219399233332,20
mp-2576,-0.6204755550000011,12
mp-1068167,-0.6224361180000011,5
mp-18112,-1.325382537413196,36
mp-29089,-0.8044763772500041,40
mp-4578,-1.684846761428569,14
mp-30293,-1.570705549196435,14
mp-1095649,-1.914324592395833,12
mp-35152,-0.6570266854687501,8
mp-1078677,-0.6854521869444451,9
mp-1208839,-0.662981073611111,18
mp-24292,-0.6912334919444441,9
mp-1202747,-1.696701248947368,38
mp-690794,-0.758281971875,4
mp-867207,-0.597141415625003,4
mp-1208845,-2.862831637999999,20
mp-6676,-2.866980289999999,20
mp-558039,-3.118504510499999,20
mp-1189408,-3.609102822733333,20
mp-551203,-2.4442030669999992,10
mp-569677,-1.273546459999999,4
mp-31294,-0.48096543,7
mp-1209343,-0.53603515018518,36
mp-21718,-0.6854482060185191,36
mp-14283,-3.681989192416663,40
mp-1187240,-0.479376847291668,4
mp-1105283,-2.361496278666666,20
mp-20843,-0.664488183333331,10
mp-20393,-0.8109965143333281,10
mp-22355,-2.581770948666666,20
mp-4998,-2.3651623007142852,28
mp-1218729,-2.59513443225,20
mp-1518084,-2.8063323015000012,20
mp-1189102,-3.044758090499999,20
mp-541568,-0.9972889995,40
mp-541569,-1.058175710483333,40
mp-1218762,-0.522848028095238,14
mp-569782,-1.719934015370371,36
mp-569001,-0.639223902222222,12
mp-8923,-0.6645102297916661,16
mp-571617,-0.5268599433333321,24
mp-1218749,-0.364837629047618,14
mp-1205568,-2.442533314333333,10
mp-10556,-1.002574297604167,16
mp-1080625,-2.749342723583333,10
mp-15551,-0.404995565138891,24
mp-862746,-0.282441951666669,4
mp-23100,-2.891695009166667,20
mp-22726,-2.827100211166667,20
mp-1188959,-3.523785789166666,20
mp-20687,-2.9030109491666662,20
mp-1205553,-3.602819626399999,10
mp-13541,-3.184874278484848,11
mp-1116,-0.03953583236842,38
mp-972387,-2.8108475683333323,24
mp-16307,-2.473373895500001,10
mp-1078539,-2.860713332499999,10
mp-1078180,-2.6314451725,10
mp-1078868,-2.86752002375,10
mp-6564,-3.398849896666666,24
mp-1078995,-2.716259643166666,10
mp-1187092,-0.241655769583333,4
mp-19420,-2.9851568834999993,10
mp-18798,-2.571303136206898,18
mp-1201675,-2.403454284800647,36
mp-1173263,-2.290264262766458,44
mp-542187,-2.732661370418719,14
mp-21302,-2.675951816159004,36
mp-555929,-2.648809522793103,20
mp-1285223,-2.994861893793104,40
mp-1218769,-2.359067221793104,10
mp-1218763,-2.587189905793104,10
mp-1191740,-3.209908774827586,24
mp-1208762,-2.511738971959771,20
mp-19315,-2.767879497793102,20
mp-1245,-0.671966406250002,3
mp-23033,-1.640572135312501,4
mp-3870,-3.300364764999999,22
mp-1206057,-3.366576727999999,10
mp-1205690,-3.10404197775,40
mp-1218741,-2.9239574249999993,20
mp-20222,-2.982250818166667,20
mp-17701,-1.221069149583333,24
mp-1218798,-2.410243684166666,30
mp-23093,-2.78517597775,20
mp-1516795,-3.000048384999999,40
mp-1208759,-3.5142024269833323,20
mp-1078518,-2.082495822,10
mp-18940,-2.480371825499999,20
mp-1078758,-2.142298130499999,20
mp-18908,-2.314806014666666,40
mp-20794,-2.597509709999999,20
mp-5616,-3.236136655616882,44
mp-27583,-2.8504518415142712,50
mp-669387,-0.8867449481904731,30
mp-1195664,-0.7776184609999971,40
mp-1195270,-0.7073302407499991,40
mp-1218725,-0.808988099642855,21
mp-2748559,-0.8805163059920651,21
mp-1202046,-3.102737244955357,32
mp-30828,-0.6891520008333311,12
mp-20944,-2.4660533835714302,14
mp-1102131,-0.43869585999999905,12
mp-4359,-2.394458980833334,6
mp-1218794,-2.4067169184444452,30
mp-1218716,-2.449613268854167,16
mp-1516990,-2.7672128346666662,20
mp-1519896,-2.978839951916666,40
mp-1218708,-0.8582161249999981,4
mp-1029872,-0.8631539999999991,24
mp-541114,-3.25599896425,40
mp-757102,-2.365510500357143,28
mp-4596,-2.472956615714286,7
mp-4103,-2.570062335909088,22
mp-1105180,-1.8283337318923611,18
mp-16897,-0.9137296557499991,40
mp-14926,-4.241399934749999,40
mp-1105158,-3.198679545277778,18
mp-10301,-2.806069953499994,10
mp-1208760,-3.500113502,20
mp-1205575,-2.894027930499999,10
mp-1106218,-3.113772652999999,20
mp-1208776,-3.621000172733333,20
mp-1106,-0.433073036666667,12
mp-9710,-1.419367493999999,30
mp-18510,-3.422024718214281,28
mp-1104926,-1.792467805178572,14
mp-1208755,-2.811095234000001,20
mp-972216,-3.0583942715,20
mp-978,-0.727466508333333,12
mp-1198515,-1.870703171578947,38
mp-867169,-0.647137641875002,4
mp-4287,-2.785275042142856,28
mp-17676,-2.467599055312499,32
mp-30294,-1.600842348749998,14
mp-1218773,-1.423567932695313,32
mp-13664,-3.499453334060604,22
mp-1205594,-3.485361415733332,10
mp-1283831,-2.892238627733334,40
mp-1539400,-3.225134689733333,10
mp-31760,-3.051403054733333,40
mp-12427,-3.176308581483305,10
mp-1190108,-3.0995229389,20
mp-1284552,-3.103931391526438,20
mp-17518,-1.363282355180556,24
mp-1205944,-3.272045069733333,20
mp-1520641,-2.814516085166666,40
mp-6362,-2.772697121166666,20
mp-6068,-2.848211676666666,20
mp-1517293,-3.080657464916666,40
mp-1208756,-3.590514610899999,20
mp-1077918,-2.670482956428571,7
mp-1079747,-2.546133841851851,9
mp-1078216,-2.291211857962963,9
mp-1079717,-2.447743253518519,9
mp-1206645,-3.027922375126438,20
mp-5532,-3.443433267619047,7
mp-1218526,-2.037060929629634,18
mp-862740,-0.377497783333335,4
mp-1187099,-0.48176035645833604,4
mp-1208751,-2.881461053000001,20
mp-542767,-2.8894845945,20
mp-16605,-3.6324212707333343,20
mp-1078269,-1.5959342237499992,10
mp-18471,-3.614562601875001,32
mp-19368,-2.915350878409091,44
mp-1218693,-2.432863025681817,44
mp-1192478,-2.712760765083334,30
mp-1208766,-2.9779222721875,32
mp-759772,-3.278130180416667,48
mp-558952,-3.051905209374999,32
mp-17012,-1.347565398125001,24
mp-1522480,-2.8070986182500013,40
mp-15887,-2.765954254999999,20
mp-6019,-3.46656378,20
mp-1105147,-2.871980555999999,20
mp-14430,-2.842278018,20
mp-12878,-3.095266208000001,20
mp-12355,-3.5869652552333333,20
mp-13941,-2.915716727,10
mp-1194862,-2.432398993157349,46
mp-1218375,-0.35018169000000204,10
mp-17392,-2.601126258333332,24
mp-1208502,-1.567097049166665,24
mp-9306,-0.7217466805,5
mp-1191240,-3.181093632083333,24
mp-770419,-3.76013187,25
mp-1189305,-1.154644779999999,18
mp-10671,-0.49444188142857104,7
mp-571216,-0.500196733333332,9
mp-17129,-1.232596961666667,36
mp-9843,-1.163182541878307,18
mp-7068,-0.46661771285714304,7
mp-7376,-0.601883492857144,7
mp-755082,-2.698925470384615,13
mp-568771,-0.622559889705883,17
mp-1218347,-1.295603176666666,27
mp-16432,-3.24476437712121,22
mp-30239,-1.667987425757575,22
mp-1192011,-2.316033964545454,22
mp-18924,-2.514771984545455,11
mp-1189054,-1.040903057222222,18
mp-1095369,-0.640119710000001,11
mp-16945,-0.7975283000000011,36
mp-1106227,-1.022278914100529,18
mp-17504,-0.9451046286111091,36
mp-29088,-0.7668531057142841,14
mp-18351,-0.9205362554894181,36
mp-28324,-0.804655888544974,18
mp-540803,-0.9413176103030301,11
mp-4632,-3.3192211222527472,13
mp-11677,-0.9870344161111101,18
mp-1195093,-0.962214381388889,36
mp-22418,-0.5869383472727291,11
mp-559224,-3.302407071875,48
mp-1029733,-1.316455246249999,22
mp-1192533,-1.2562482685714271,28
mp-17667,-0.9581619842857141,28
mp-15339,-1.132461913571429,14
mp-1013555,-1.052059000250003,5
mp-30421,-0.681544805999999,15
mp-1201690,-2.900514172395834,48
mp-1202821,-3.228435161590909,44
mp-616577,-1.517474101458333,32
mp-9702,-2.587786172976191,16
mp-558642,-2.74067482675,40
mp-570008,-1.04296567675,5
mp-1208816,-0.900171119166667,36
mp-559635,-2.712270573636364,22
mp-15269,-2.355794370000001,22
mp-10392,-2.338376244999998,22
mp-862670,-0.7141370705,20
mp-1284324,-2.378638113181819,22
mp-12906,-0.979941014464285,14
mp-504867,-2.265716756818182,22
mp-6595,-2.237133783636364,22
mp-18651,-2.92729821469697,22
mp-17149,-2.9435446254545443,22
mp-557020,-1.9263293628348221,14
mp-18820,-2.392676926249999,12
mp-1246649,-0.615540109545455,22
mp-1208802,-2.815143378750001,48
mp-570971,-0.776397881704547,22
mp-30158,-2.722258815937498,32
mp-7191,-0.8072489794642881,14
mp-6509,-3.112585204722221,18
mp-17355,-2.8963966077272802,22
mp-30950,-1.5590189605,20
mp-13427,-0.442384969000001,10
mp-18652,-2.934729701818182,22
mp-567822,-0.28463788238095,14
mp-1304797,-2.412428160151515,44
mp-616026,-0.9374520961564631,28
mp-669389,-2.485689400151514,22
mp-1029741,-0.6584271466071441,14
mp-1218450,-2.435817362500001,14
mp-568322,-0.609684302857142,14
mp-567371,-0.720522134888888,15
mp-1104857,-1.040308551555555,15
mp-1208770,-2.8386460363636363,44
mp-1208758,-2.938368584984847,44
mp-1192357,-1.013985053511904,28
mp-1218428,-2.526498112121212,22
mp-6071,-2.511016590757576,22
mp-1190404,-3.100887808030302,22
mp-6721,-2.5817301612121213,22
mp-1190151,-2.777010612121212,22
mp-1190486,-3.207133913242424,22
mp-567398,-0.8223308725,36
mp-9454,-2.638658644999999,22
mp-6064,-2.623797067727272,22
mp-16984,-2.638171944545454,22
mp-1103508,-3.430443482311112,15
mp-9325,-0.8703543947044341,14
mp-570046,-1.099099332916666,48
mp-1208777,-3.04479787097826,23
mp-1218352,-2.8688906402401493,14
mp-19166,-2.27420212340909,44
mp-1029686,-0.729365388750001,14
mp-32635,-1.216971497190476,40
mp-14288,-1.107893037414965,14
mp-557650,-1.882163874254657,23
mp-1013554,-0.95271940134524,5
mp-19944,-1.586021312999998,5
mp-1218560,-1.9912902374999981,8
mp-1104074,-0.788311620666668,15
mp-1029531,-0.828368318214286,14
mp-680654,-0.36320394125000305,40
mp-1245993,-0.619139701607143,14
mp-559909,-2.360164598750026,24
mp-1029750,-0.7226307673214291,14
mp-1208807,-1.7145667235714281,28
mp-7752,-1.027945077000001,5
mp-17562,-3.329377847031251,32
mp-17557,-2.855798381818182,22
mp-18247,-2.944295234090908,22
mp-1218418,-2.470808039591345,13
mp-30949,-1.443864567499999,20
mp-17829,-2.879632841363637,22
mp-1196422,-0.46183823800000706,40
mp-30517,-0.5149543454999921,40
mp-1194481,-0.562878019642856,28
mp-1208727,-0.6751781493750031,16
mp-18192,-0.6167930687499991,16
mp-7961,-1.6425350619999999,5
mp-18199,-1.547699824979167,32
mp-16136,-3.098988449992753,23
mp-18705,-2.919433923333332,22
mp-30026,-2.255353783981483,36
mp-768941,-2.7485819631666653,20
mp-3349,-3.4925284151388603,12
mp-555451,-2.5250999173484843,44
mp-3956,-3.533912545000001,20
mp-22391,-2.96719737041667,12
mp-19386,-3.01776698923077,13
mp-755326,-3.009926146499997,20
mp-18498,-2.912882952727273,22
mp-1190181,-2.63813170721532,23
mp-1298662,-2.389107049090908,44
mp-6723,-2.405621740454546,22
mp-6730,-2.387038907272727,22
mp-18330,-2.4057078927272713,22
mp-759747,-2.0802538103125,48
mp-28201,-0.9451931148724491,28
mp-8877,-3.374863685108694,23
mp-1208447,-3.370967043580163,23
mp-9392,-3.351497833333332,23
mp-8299,-1.701555782857144,7
mp-1218382,-1.5647277949999991,7
mp-1218632,-3.116010739710885,42
mp-556049,-2.649926838181826,22
mp-567601,-0.84473969111111,36
mp-23321,-2.967104865909093,22
mp-1218568,-2.0570949345,20
mp-766217,-2.341121934615382,26
mp-1218745,-2.200795143229166,48
mp-1218333,-2.7056727235714293,14
mp-1208805,-2.313339266562499,48
mp-1218399,-2.557285502142856,14
mp-1218379,-0.521709564375001,8
mp-29910,-2.185332644090906,22
mp-570807,-0.454885349871792,26
mp-19915,-0.5339774569047601,14
mp-9039,-2.6421329136363623,22
mp-1218562,-3.590103387466667,25
mp-9723,-1.251986870059524,14
mp-1020592,-1.4946958492982452,38
mp-753353,-2.526757375185186,18
mp-35769,-4.392000015208334,48
mp-1218681,-2.496094741512214,48
mp-23597,-2.617217696105475,17
mp-1218516,-2.611270219137931,14
mp-2212246,-3.106558519583332,30
mp-28940,-3.286674739666667,30
mp-8298,-1.633793929183673,7
mp-29775,-2.581484783181816,22
mp-556331,-1.963278883749999,40
mp-4598,-2.623776220454545,22
mp-557481,-2.641628772727273,22
mp-36836,-2.449992044333344,45
mp-755293,-1.7247621721428552,7
mp-2205489,-3.26336753022778,30
mp-769271,-3.424987994977778,30
mp-1218412,-3.065108938380952,14
mp-1218587,-2.435052639999999,38
mp-1029799,-1.143129557962963,18
mp-1218552,-2.381200595416668,16
mp-1218464,-2.349747808645833,16
mp-1218538,-2.094111872,20
mp-1029580,-1.138080537222224,18
mp-28796,-2.343511762000006,15
mp-28706,-0.6153631870689671,29
mp-33444,-2.3815041635,20
mp-1195596,-0.652043274772727,44
mp-571046,-0.79377964,26
mp-640825,-0.660296807179481,26
mp-649033,-0.8882113314102561,26
mp-1029868,-1.2047322567307701,26
mp-1194401,-1.0676996430769221,26
mp-1109,-0.283871463571427,14
mp-15698,-1.2492793440625,16
mp-559965,-2.757308327976191,42
mp-24338,-1.236794137361111,18
mp-17777,-2.850925213928571,42
mp-2751389,-2.670256220119049,42
mp-555203,-3.222358900416667,36
mp-1197242,-1.042486696562498,32
mp-867155,-1.282951104999999,26
mp-542484,-0.229375212499999,16
mp-1179227,-2.690973759761904,42
mp-18859,-2.785607708571428,42
mp-1197892,-0.37689723902777705,36
mp-1218639,-2.59928304616192,23
mp-31231,-1.086088278214286,28
mp-761057,-3.298532114583332,48
mp-10577,-1.0419662175,44
mp-23141,-3.294308662806123,42
mp-23121,-3.33052458090136,42
mp-6669,-3.429256185663264,42
mp-1208610,-3.245583698044218,42
mp-1188272,-1.2885106950000011,18
mp-2585,-1.067041795625,16
mp-769582,-3.477598544763891,48
mp-675076,-3.727729963214284,28
mp-1195674,-3.021515788809523,42
mp-556224,-3.052969022857143,42
mp-1218711,-2.957354805056818,44
mp-40674,-3.144516391428572,42
mp-1218652,-2.963833913333334,42
mp-19235,-2.17962530826923,26
mp-1218595,-3.283709219680849,47
mp-721246,-0.8546266015625,32
mp-29136,-0.6192317234821441,28
mp-18290,-0.573896999062502,24
mp-601326,-0.70106821346154,26
mp-30782,-0.07009129706896501,29
mp-989592,-1.20738671,10
mp-989540,-1.158692742,10
mp-18043,-3.339772416562501,32
mp-23828,-0.933460226904761,21
mp-23827,-0.9898529445238081,21
mp-30422,-0.517273361500002,20
mp-541049,-3.268391995441207,34
mp-30843,-0.6392939375000021,40
mp-1218554,-4.315672524659092,44
mp-1030752,-0.6690220615789481,19
mp-573523,-0.769955628421052,19
mp-571541,-0.5929313110833331,20
mp-569961,-0.843027991887477,19
mp-1218503,-2.405361412142857,28
mp-30447,-0.708730272272729,44
mp-555609,-2.492094681034483,29
mp-1187153,-0.308483430624999,4
mp-867925,-0.5236201743750021,4
mp-1187374,-0.40803126645833204,4
mp-978953,-0.48993082687499606,4
mp-978929,-0.214775271874998,4
mp-568716,-0.273446333999999,40
mp-30356,-0.279196581666665,6
mp-1218349,-0.32218655416666603,6
mp-2410,-0.17491912583333402,6
mp-6954,-0.911668334166667,6
mp-31018,-0.696440603333333,6
mp-2014274,-1.839856336666665,8
mp-10667,-0.86540930765873,6
mp-1080438,-2.160155414583333,8
mp-22318,-0.285075443333332,6
mp-1218484,-3.442896293461538,26
mp-1190136,-0.642451484999999,24
mp-558669,-3.264373068194444,24
mp-3094,-3.458835004642857,28
mp-1218359,-0.29725167699999905,5
mp-2775,-0.258510972,5
mp-3788,-3.4642884175,24
mp-16491,-0.40754275583333405,12
mp-1218356,-0.44738484333333406,3
mp-13311,-0.469414841666666,3
mp-980057,-0.5452036390625,4
mp-568450,-0.407391335178571,28
mp-3698,-0.455122275,3
mp-570485,-0.4586405203125,4
mp-1049,-1.268243582083336,12
mp-1208723,-2.089634457083333,48
mp-9907,-0.720469139375001,8
mp-1206525,-1.057655779166665,6
mp-9743,-0.9610618408333351,6
mp-8456,-1.155768352499999,6
mp-30420,-0.8102438095000021,40
mp-434,-0.791557604999998,6
mp-1197529,-1.746705066086956,46
mp-1831,-0.484339630000003,6
mp-242,-0.519013227857144,7
mp-6486,-3.121286575267857,24
mp-1191090,-0.5350359277777771,24
mp-2080,-0.050535872142858006,28
mp-27791,-3.112535916875,16
mp-1020654,-3.126296300092594,36
mp-9726,-3.9188805175,24
mp-559364,-2.643128214215686,34
mp-561005,-2.402349752857144,31
mp-552234,-2.337092985000001,10
mp-547244,-2.416585643,10
mp-552547,-2.196828430000001,10
mp-1218578,-1.830783008125001,16
mp-29164,-2.260618635000001,20
mp-32711,-2.505356606166666,30
mp-23024,-3.392943195,6
mp-10497,-0.12732163499999802,6
mp-1208630,-0.076523534999998,14
mp-9167,-0.992018326875001,16
mp-3822,-2.6989622775,20
mp-1218409,-1.4492687850000001,12
mp-1208686,-3.7707881975,40
mp-1520532,-2.8320906721666663,10
mp-1520732,-2.82190444,20
mp-12418,-0.708072101666665,12
mp-1101340,-1.9294492833333332,6
mp-1519157,-2.841161119,20
mp-1218509,-3.0963486145,20
mp-21166,-0.58163957583333,12
mp-1218699,-0.308462464999997,8
mp-7084,-0.526279950833333,12
mp-1523104,-2.806261998,20
mp-20726,-0.6744703091666651,12
mp-1520398,-2.844511043666667,20
mp-1521109,-2.837715795500001,20
mp-30496,-0.30431180499999905,2
mp-677,-0.32033000500000003,6
mp-1078825,-0.46942737375000004,8
mp-1190367,-2.101297096363635,22
mp-1095513,-0.590600186666666,12
mp-1195626,-2.72994762870371,36
mp-568501,-0.445717193749998,8
mp-1101809,-0.463864559166668,12
mp-17693,-2.802720797662336,44
mp-1218620,-0.39492900166666606,6
mp-1102073,-0.664173500833327,12
mp-1218342,-0.48099434166666705,6
mp-11178,-1.424325386874997,4
mp-23209,-2.7500931783333353,3
mp-22957,-3.541261810833333,6
mp-1193940,-1.956984372692308,26
mp-18659,-2.570866743406594,26
mp-1196626,-2.51015336538961,44
mp-18381,-1.4789317005555531,36
mp-1194871,-2.070111971527777,36
mp-17107,-2.762650104707792,44
mp-540583,-2.667741410714283,28
mp-558281,-3.543301309999999,12
mp-554332,-3.22940873,8
mp-1218324,-2.09021523425,10
mp-510607,-2.448814325416667,24
mp-1179211,-2.896869574935065,44
mp-560855,-2.74750680799603,36
mp-1025402,-0.059502690000000004,8
mp-9640,-1.731845364968749,20
mp-18685,-1.043014072708333,24
mp-556868,-1.649155009871794,26
mp-2726,-0.035421975,6
mp-11144,-0.155742497142857,28
mp-11142,-0.199613096428571,28
mp-1192662,-0.136937272142856,28
mp-12557,-0.9286288908333321,6
mp-12265,-3.033043213333332,12
mp-21609,-0.555102644861111,36
mp-37514,-2.077688422499998,4
mp-16321,-0.8173132265476171,6
mp-14931,-2.6564611267532463,44
mp-12444,-2.279969743203125,8
mp-10749,-0.7653390883333341,6
mp-1206169,-0.31478268333333403,6
mp-30598,-0.42304246500000003,8
mp-560445,-3.7788546217857153,28
mp-2898735,-2.5513991584375,24
mp-1187174,-0.5306997787499981,4
mp-981,-4.20881278,3
mp-556067,-2.629738262312924,21
mp-560149,-1.66005141680921,38
mp-18215,-2.608150599025974,44
mp-555399,-2.5664998925751883,38
mp-557942,-2.516399376696429,40
mp-1195488,-2.490221441522555,38
mp-510624,-2.222982896999998,5
mp-17881,-2.823731287889609,44
mp-182,-0.5920677066666661,3
mp-556046,-2.769148537777777,24
mp-1080133,-0.6143002545,10
mp-1827,-0.47237165200000103,5
mp-18253,-2.502236169583332,24
mp-30580,-0.2710796025,4
mp-1102705,-0.624916266666666,12
mp-978847,-0.5194814759375,4
mp-1192424,-0.33849220517857104,28
mp-1218262,-0.539096104999998,3
mp-8914,-0.622364492500002,12
mp-978852,-0.48947939093749904,4
mp-1192362,-1.939770980416665,24
mp-1190889,-1.7935364674218741,24
mp-2147,-0.7035404000000011,4
mp-1020628,-2.793862971190475,24
mp-7390,-0.5580997133333311,3
mp-1068235,-0.581427054000002,5
mp-978987,-0.552342466999999,5
mp-1068239,-0.6580639499999991,5
mp-1078860,-0.559157473999999,10
mp-17464,-2.743115335333333,30
mp-1192743,-2.383506149999999,28
mp-21164,-0.9961831241666631,12
mp-10341,-2.273197172407407,9
mp-23714,-0.647579579999999,12
mp-1207079,-0.515080370749999,5
mp-757723,-1.893720170875,40
mp-24423,-1.625272778749996,6
mp-1080045,-2.3211875803125,8
mp-23860,-1.8175602137499962,6
mp-24066,-2.458535836562499,8
mp-24205,-1.358753585416662,6
mp-643385,-2.1186444984375,16
mp-1187172,-0.822524347499999,12
mp-1029396,-1.670932361874999,8
mp-3378,-3.812364923999999,20
mp-1208643,-2.074540924687499,20
mp-542,-0.525794336250005,2
mp-568526,-0.48636248833333406,6
mp-554351,-1.6434904782142872,28
mp-1187216,-0.40378177625000505,4
mp-1080552,-0.42049729312500406,8
mp-665922,-2.040084700625002,4
mp-1019277,-0.46311798750000105,6
mp-568284,-1.961197940833329,12
mp-23046,-3.123103805000002,6
mp-608072,-0.42007057770833206,16
mp-20074,-0.44104034277777504,6
mp-20497,-0.40315717708333304,8
mp-540688,-2.354714595476186,28
mp-21024,-0.5923117370833321,8
mp-20533,-0.659990643333332,8
mp-542537,-0.491120102083331,8
mp-1218236,-0.41411597200000005,5
mp-21901,-0.34101049861111205,12
mp-19991,-0.44093887111111,12
mp-21124,-0.47832751861111306,12
mp-22529,-0.64560662638889,12
mp-1218230,-0.445289648095231,7
mp-867173,-0.403129535416669,4
mp-1095684,-0.649460014722221,12
mp-22284,-0.761655913055555,12
mp-318,-0.33007115833333,6
mp-1218249,-3.7257383626190492,42
mp-567419,-1.6316133575,20
mp-1218220,-3.581151387083333,24
mp-1218188,-0.57900378392857,14
mp-1274449,-2.763861028571429,14
mp-1218223,-1.9670567658333322,24
mp-1187186,-0.5234006925000071,4
mp-1218208,-2.775059609,20
mp-1218203,-3.530157758733333,20
mp-1218213,-3.203141398543104,40
mp-1218155,-2.668460153571428,7
mp-684742,-3.316988782276438,40
mp-685195,-2.511914951025641,39
mp-1272417,-3.232452870357143,28
mp-558219,-1.177593710984848,22
mp-867174,-0.39514992666666504,4
mp-1191141,-3.02176319125,24
mp-867171,-0.47317474291666606,4
mp-558054,-3.2097863259444432,24
mp-570931,-0.752861739741379,16
mp-15845,-0.5568225598809531,14
mp-1020627,-1.3178914003703701,36
mp-6591,-3.876253812592592,18
mp-1101989,-1.199801943055556,12
mp-10814,-2.999272073333333,24
mp-30456,-0.9816191580555551,12
mp-1208634,-3.510632277037036,18
mp-559277,-3.319276114537037,36
mp-1208619,-3.469972376203703,18
mp-568385,-0.727548946833332,30
mp-13139,-0.530728705208333,16
mp-29754,-0.6219861818055551,6
mp-559663,-2.990113115925926,18
mp-13276,-1.134869963214286,6
mp-7756,-1.018784152777778,12
mp-1208625,-3.57263433537037,18
mp-1218231,-3.330961614114583,48
mp-772820,-3.834088167261906,28
mp-13189,-1.93318916236111,12
mp-568191,-1.764532271449653,12
mp-2572,-0.090161266666666,12
mp-1218201,-0.7922364850000011,9
mp-643004,-0.48547279083333306,12
mp-10550,-0.826653964,5
mp-1079853,-0.446534559999999,8
mp-1020634,-3.118267839537037,36
mp-15643,-0.524246304999999,12
mp-643009,-0.49046991583333305,12
mp-643293,-0.515139569999999,28
mp-18469,-3.1184218451623362,44
mp-1020629,-1.623117393244046,48
mp-1103314,-0.44358268666666506,12
mp-1103033,-0.7463579824999981,12
mp-15642,-0.358533394166666,12
mp-29002,-0.306889258125,32
mp-30780,-0.551921839166668,12
mp-867172,-0.271429610416669,4
mp-1208680,-2.445525668793104,40
mp-559818,-1.998965398261854,40
mp-1201132,-2.720868041459035,38
mp-1029878,-0.8575947501077591,16
mp-559975,-2.499284377086207,20
mp-1208769,-2.9191447613378863,44
mp-1200408,-1.9363447849804691,32
mp-1542758,-2.596938715999999,10
mp-18834,-2.664873142499999,12
mp-29973,-0.668827469375001,8
mp-10564,-0.623243369166668,3
mp-23614,-2.6803581721428573,28
mp-768342,-2.988177580714285,28
mp-4591,-3.237719354444443,36
mp-3790,-2.8541914530434793,46
mp-1218195,-3.670529781904762,42
mp-1218172,-3.555335341874999,24
mp-1190834,-1.909333639166665,24
mp-1218129,-2.77524732075,20
mp-1217981,-2.628828339642856,7
mp-12520,-0.41832857375000104,8
mp-19211,-2.498386486071429,44
mp-12521,-0.445394130833329,12
mp-17396,-0.54547824861111,18
mp-18632,-0.7448029043253961,18
mp-541294,-0.6838875356587281,30
mp-555718,-2.702901423750001,8
mp-1102589,-0.513567523333332,12
mp-13513,-0.5188153912499981,8
mp-21524,-0.645344202361112,36
mp-17551,-2.74567095970779,44
mp-862750,-0.48099039624999906,8
mp-30805,-0.43511277900000206,5
mp-1200095,-3.198804514627975,48
mp-2472,-3.075623527499999,2
mp-2697,-2.204479133333331,3
mp-7931,-1.210426868988094,12
mp-1105302,-0.9206095508730161,18
mp-24297,-1.81841722538961,22
mp-560352,-2.319229918928571,48
mp-1208663,-2.606022524253245,44
mp-569867,-0.7546754528571421,16
mp-1206849,-1.032215819325396,6
mp-12923,-1.113283179325397,12
mp-1217967,-1.223448895992064,3
mp-9788,-1.309044782282737,20
mp-7198,-1.1281384455327381,20
mp-21093,-0.701182394999996,4
mp-21162,-0.42401861249999906,4
mp-20489,-2.155550595499999,20
mp-999143,-0.605112284999998,4
mp-1558,-0.634736306666662,6
mp-7561,-1.4788879599999991,16
mp-1260,-0.37346798833333406,6
mp-12622,-2.864338633333332,12
mp-1187217,-0.9847467943750061,4
mp-1218069,-2.495576067666667,20
mp-1218264,-2.804271900141762,30
mp-1218104,-2.628860465749999,20
mp-1218014,-3.550316002222221,24
mp-17660,-1.766424609366319,24
mp-1218109,-2.385984028166666,10
mp-1218050,-2.8274062003472222,24
mp-1218058,-2.7658952386666673,20
mp-1349,-0.9349319516666641,6
mp-756374,-1.377228348124995,16
mp-570832,-0.6072094099999951,6
mp-8146,-3.139326443124989,6
mp-989623,-0.726170780000001,20
mp-1328,-0.255013673333332,6
mp-9926,-2.66345302375,8
mp-22390,-2.190611637000002,20
mp-1087,-2.42499030140625,2
mp-5285,-2.682634480833333,24
mp-10636,-0.7955539666666661,6
mp-16903,-3.3650974460714282,28
mp-8605,-0.9505581366666671,3
mp-770771,-3.737810427499999,28
mp-2758,-2.35255396453125,2
mp-28346,-1.9201661280859421,32
mp-3395,-2.31565746346875,10
mp-4092,-2.150680372890625,24
mp-2661,-0.5268471175,4
mp-496,-0.40771882666666903,12
mp-1069139,-0.43434290499999906,5
mp-4549,-1.40951232125,16
mp-3978,-3.441226473,30
mp-8843,-0.731894328333333,12
mp-971914,-1.090511119166668,12
mp-1218016,-3.560721565833332,24
mp-1217758,-0.5308569835714291,14
mp-1698,-0.779094372500001,4
mp-8000,-2.832876895333332,10
mp-862718,-2.818662848690475,24
mp-30834,-0.5791159990000041,5
mp-866805,-0.36728344625000103,32
mp-31281,-0.740117963333333,36
mp-1019259,-0.548813182500001,6
mp-2879,-2.6373586375,20
mp-8539,-0.8504571709920631,6
mp-20001,-0.853353861666665,12
mp-1205419,-1.2687797256875,20
mp-23089,-2.837897215333334,28
mp-17715,-3.487587180518501,36
mp-541462,-3.431262843708332,32
mp-555119,-3.778625073037037,18
mp-2583419,-2.7503927944666673,20
mp-989627,-0.584453189749999,20
mp-1188414,-2.454968539500001,20
mp-1958,-2.0176923,2
mp-1200674,-1.979751452708333,32
mp-972117,-2.381025315,20
mp-4274,-2.273476966527777,24
mp-1194714,-1.3919987018154751,48
mp-17282,-2.139048075351564,32
mp-1191111,-3.180023392301587,24
mp-17298,-3.104235324319727,35
mp-559957,-3.044169573229167,32
mp-9517,-1.608530592291666,8
mp-4651,-3.551662291666667,10
mp-2434,-0.49406602999999905,2
mp-30877,-0.43185497166666603,6
mp-1208595,-2.615299761854649,19
mp-4655,-1.719419101666666,28
mp-1079862,-0.43466468166667205,8
mp-1206544,-0.5303676874999961,8
mp-981311,-0.37609535208333905,4
mp-17090,-1.2149554225680261,28
mp-560156,-2.520933969404763,28
mp-3446,-3.805543114285714,28
mp-1208685,-2.438480872727273,44
mp-1195526,-1.224032178065474,48
mp-556481,-2.499418134140624,24
mp-1195141,-2.008570032382813,32
mp-1208662,-1.466064550624999,16
mp-36329,-3.690641247083333,6
mp-505345,-2.847431070884353,21
mp-555885,-2.211843805964912,38
mp-553895,-2.185147325483872,31
mp-558871,-2.737379994583333,24
mp-17502,-2.874451254404762,36
mp-19163,-2.7457271574999993,12
mp-12724,-0.18493558000000102,8
mp-555691,-1.92458627646875,40
mp-672707,-0.20171576107143002,28
mp-569426,-0.22804347333333402,6
mp-1435,-0.244903154999999,24
mp-1080135,-2.003755168125,8
mp-1195266,-2.168857660694444,36
mp-23034,-2.02666814,12
mp-1217763,-0.5853795916666671,3
mp-707866,-1.682974977115384,26
mp-1217777,-0.290728675999999,5
mp-5637,-2.43478201625,16
mp-558616,-2.8457895049350643,44
mp-12275,-0.659695359374999,16
mp-9556,-0.5025965600000001,6
mp-1019279,-0.606022678333336,6
mp-1202083,-2.574786395285715,35
mp-555580,-3.2585601770816313,35
mp-1208602,-4.141602573125,16
mp-1029275,-1.5902214531249999,8
mp-4387,-3.661658828500002,20
mp-558760,-2.084204747999996,20
mp-569794,0.0,30
mp-653697,-0.476531130633331,40
mp-28683,-1.3011900074666651,10
mp-1077930,-0.624314770899837,7
mp-21656,-0.726053365924598,42
mp-22744,-0.746391374019842,42
mp-1208587,-0.8516865975912711,42
mp-1217952,-1.018462433859999,50
mp-1217800,-3.235356202891303,46
mp-676854,-1.301147123479672,41
mp-1193985,-0.26285159171264705,29
mp-1192512,-0.318502784816091,29
mp-28375,-2.9984202086444443,15
mp-1193531,-0.29570217388888903,30
mp-1194495,-0.07043042655555601,30
mp-11278,-0.15419187822222202,6
mp-1189402,-0.18140817945614002,19
mp-29680,-2.406476838215685,34
mp-7088,-0.679055604888887,3
mp-559976,-1.133026158933333,5
mp-5548,-2.681269108606061,22
mp-1208442,-2.942445414685185,36
mp-574,-0.234795238222217,6
mp-1217775,-0.470072852444443,12
mp-31517,-2.908913289962972,36
mp-1080757,-0.704514467933333,10
mp-31629,-3.044736343851851,36
mp-867774,-0.309741643666669,4
mp-977425,-0.254652972416664,4
mp-979267,-0.164796696166664,4
mp-31755,-2.9764097588518883,36
mp-1025427,-0.5644170686666671,8
mp-24082,-0.176831254472219,3
mp-541094,-2.651575597483334,40
mp-1218110,-1.252377140190476,7
mp-17993,-2.680466133092722,30
mp-540716,-3.097177090844208,36
mp-1186761,-0.324181165412362,4
mp-1217985,-0.199126219858238,6
mp-1186878,-2.609210000644432,15
mp-1186766,-0.44066656866667103,4
mp-864770,-0.455647456166666,4
mp-864782,-0.40721984741666906,4
mp-1186763,-0.13659217616667202,4
mp-1079438,-1.027914502250003,9
mp-864640,-0.38402082116667,4
mp-864639,-0.353501543666673,4
mp-1186767,-0.27409064929166504,4
mp-979288,-0.255578943666666,4
mp-864651,-0.283485304916673,4
mp-1867,-0.23848323988888803,6
mp-562537,-1.044846476512819,26
mp-541509,-0.880332752185895,26
mp-1208475,-0.5947272800499981,40
mp-32308,-2.890584630518518,18
mp-28308,-1.237286124645831,16
mp-541070,-1.024910418923164,16
mp-10390,-3.346563131380951,14
mp-864650,-0.346737053666664,4
mp-22477,-0.787161591714291,36
mp-755663,-2.724673954060605,22
mp-771957,-2.998794063574076,36
mp-18010,-0.7112176590128191,26
mp-8435,-1.172326195518518,9
mp-8436,-0.7847910432268521,9
mp-560046,-1.050387212666663,26
mp-4425,-0.923180312570511,26
mp-977353,-0.38493699429167005,4
mp-1187213,-0.43558332679167205,4
mp-977357,-0.43794802304167,4
mp-1187212,-0.5435337892916651,4
mp-1187208,-0.314714616791668,4
mp-1187211,-0.30832274741666704,4
mp-8732,-0.512051232909721,6
mp-2748369,-0.586661470424244,22
mp-30531,-0.9030733607651511,22
mp-2783,-0.594204636555555,6
mp-2014940,-2.745629157462963,18
mp-556489,-2.9833550249629632,18
mp-977363,-0.37510820366666303,4
mp-1187210,-0.484535433666664,4
mp-542634,-0.606275635933332,10
mp-554994,-0.9094283984166671,16
mp-18344,-0.8923897741470591,34
mp-542140,-0.5799663702561281,34
mp-1218004,-0.244350085777774,12
mp-21860,-3.121902237185185,36
mp-864670,-0.384749546166666,4
mp-977382,-0.313998332416666,4
mp-28251,-2.63218461228205,26
mp-554389,-1.169109435181818,22
mp-1218053,-1.171006981999999,22
mp-1218117,-1.199615820030304,11
mp-1194177,-0.37038333093103504,29
mp-29589,-1.107774456220588,34
mp-510486,-0.5666687724285701,28
mp-569568,-0.634631386166664,12
mp-1198134,-0.38438517800000205,32
mp-569249,-0.054570624250004,8
mp-13415,-0.722262897399997,10
mp-1188194,-0.575070497199999,20
mp-10142,-0.8041928760000011,7
mp-1078957,-0.173273956399998,10
mp-29412,-1.2651413172,40
mp-1208409,-1.267153491699996,20
mp-1193113,-0.499363014214286,28
mp-1189011,-1.3585782166999971,20
mp-1189616,-1.286854416199997,20
mp-16756,-0.35587218140000204,10
mp-639805,-0.319006845187502,32
mp-23238,-0.7386289999500051,40
mp-662572,-1.537544011095234,28
mp-1187196,-0.35776946549999805,4
mp-1218087,-0.24002732795402001,12
mp-27488,-1.286734426343752,16
mp-1193678,-3.023652777033335,30
mp-753747,-3.37351299018182,11
mp-1187197,-0.30315800800000403,4
mp-1218177,-0.37061441606667,30
mp-504502,-0.64077666624405,32
mp-20784,-1.3428270577,20
mp-1189957,-1.282530612699997,20
mp-977390,-0.22867657175000003,4
mp-1218044,-0.30993650840000503,10
mp-1826,-0.952723329399997,20
mp-541,-0.147627039250004,8
mp-1218132,-2.8660427170546363,34
mp-568646,-0.469426434250003,32
mp-505206,-0.6301831464499951,40
mp-30871,-0.07652924300000301,8
mp-9132,-1.316093814699995,20
mp-505132,-0.628555874266667,40
mp-1217975,-0.887585517333334,8
mp-1208444,-1.608810623119044,28
mp-1190092,-1.438025441199998,20
mp-1188354,-0.9955493551374981,20
mp-1187206,-0.027936240500004,4
mp-677597,-1.276828668923074,26
mp-505499,-0.670550465910253,26
mp-1193305,-0.5977610741904761,28
mp-505133,-0.991925550918859,19
mp-1192706,-0.592107078622223,30
mp-1217989,-0.233644413222223,6
mp-1199549,-0.562543118166664,36
mp-1208377,-1.067925504467951,26
mp-1197597,-0.5340268370555551,36
mp-1193899,-0.530069513622222,30
mp-554416,-1.315657393410258,26
mp-28964,-0.5707468667777781,36
mp-1104454,-0.856462165605767,13
mp-3581,-1.368887532481872,26
mp-1218028,-1.34909577162222,15
mp-1218047,-0.8960955839972211,15
mp-867754,-0.45103399883333,28
mp-1192944,-0.667574670976189,28
mp-1197091,-0.5319043034444441,36
mp-28509,-0.698959981499999,36
mp-1104139,-0.8148565898901111,13
mp-8312,-0.583565058518521,9
mp-669370,-0.38767955202380505,28
mp-28629,-0.827731799242428,11
mp-1208348,-0.48887925768518503,18
mp-17593,-0.40993436708333003,16
mp-1105309,-0.641214438333328,16
mp-1545240,-1.354810599743589,13
mp-2598,-0.192132802962962,9
mp-1989,-0.655007507083333,16
mp-30439,-0.199455715827586,29
mp-1208343,-0.406762036172415,29
mp-672652,-0.300249959275862,29
mp-570661,-0.5477768749655161,29
mp-542996,-0.44379364944827304,29
mp-1104956,-0.18939963338461502,13
mp-4502,-0.615635850655174,29
mp-1218083,-0.5183363444837911,18
mp-1218099,-3.126852769407409,27
mp-1218094,-0.38052709778571203,28
mp-1218112,-0.38951652778571305,28
mp-1105040,-0.13839837838461802,13
mp-1191981,-0.6928440662539691,21
mp-1103826,-0.177742847025639,13
mp-1218055,-1.380009600070174,19
mp-676937,-2.850816496247865,39
mp-29580,-0.9225974977058791,34
mp-3652,-0.9189770565294091,34
mp-3824,-0.9168304130000001,17
mp-770481,-3.300723760161223,35
mp-17857,-3.259644298314285,35
mp-29993,-2.9137138465416683,16
mp-5821,-0.9555403932999991,10
mp-1218003,-0.41376438477777505,12
mp-869,-0.37362651433333105,4
mp-3340,-0.46454584183332703,4
mp-1218096,-0.293247576611108,12
mp-867249,-0.45033847183333103,4
mp-1218041,-0.39768059779166604,16
mp-8898,-3.411296655805555,24
mp-862445,-0.680675936833338,4
mp-862446,-0.832035074333337,4
mp-1217995,-0.317994796611112,12
mp-1936,-0.6207010699166701,4
mp-12561,-0.531900830777781,6
mp-1208608,-2.524299438904761,28
mp-672248,-1.436664849029762,32
mp-1097,-0.863821164916668,4
mp-1108,-0.66259926411111,3
mp-1217965,-0.6972673705833331,4
mp-4624,-3.143846406916657,12
mp-1195237,-0.671268881055558,36
mp-567842,-0.13860669825641,13
mp-1102049,-0.23624920808333202,12
mp-1217960,-0.6744396971666651,3
mp-867114,-0.37161906058332705,4
mp-1218131,-2.705841241545221,40
mp-30900,-2.704939912888891,24
mp-568846,-1.386689973513888,48
mp-1086,-0.659460603666666,2
mp-1208583,-2.282241472466665,20
mp-27854,-2.218254436222221,24
mp-29831,-1.8545025495555572,36
mp-28185,-2.542517350233333,40
mp-11358,-0.24016614599999903,4
mp-1208576,-0.404673179944444,12
mp-1193187,-0.6059369055,30
mp-1189690,-0.6237687001666671,16
mp-1095502,-0.41111185911111203,12
mp-1218015,-0.32247887558333205,8
mp-1095553,-0.8123119639920661,12
mp-1102650,-0.687917955777777,12
mp-1239167,-0.997331535880951,28
mp-753467,-2.945962722055546,12
mp-1218032,-0.8109799696276041,8
mp-10748,-0.8680332296666661,8
mp-1217996,-0.7809892127330721,8
mp-4081,-0.5959828879479191,8
mp-9295,-0.47451112924999705,8
mp-867771,-0.48641174683333305,4
mp-3102,-1.065123988466663,20
mp-561197,-3.404466658305554,24
mp-1218218,-0.186261669435894,26
mp-568077,-0.19293761577777901,12
mp-1217935,-0.10904160288889,12
mp-1095668,-0.38295785077777506,12
mp-1080089,-0.6173558788333331,9
mp-1103196,-0.30702168161111004,12
mp-761390,-2.673982990388886,24
mp-21336,-0.835946959825398,12
mp-867216,-0.193612876833331,4
mp-1101943,-0.58832076161111,12
mp-11416,-0.20079970933333502,4
mp-30555,-0.345240171208333,4
mp-867507,-0.312452746208333,4
mp-1217921,-0.33520105591666605,8
mp-867788,-0.415546201833329,4
mp-867781,-0.6504562893333341,4
mp-972224,-0.5842121999444411,12
mp-24723,-0.09981760494444301,3
mp-1192701,-0.8753631858118051,30
mp-1207124,-2.365212771983334,10
mp-29027,-1.681656821833334,8
mp-570679,-0.7686997330972211,48
mp-8979,-2.809075625666668,12
mp-867958,-0.42126822433333505,4
mp-22332,-1.104730417249999,4
mp-999136,-0.7381845813645811,4
mp-571499,-0.6471931228333381,12
mp-265,-0.757641904333333,4
mp-12678,-0.131316660432953,12
mp-867120,-0.301139298298851,4
mp-1079643,-0.261350436754791,9
mp-1217948,-2.984529658918264,36
mp-21066,-0.764780168302408,12
mp-867811,-0.42801105295402303,4
mp-1105570,-0.5445036945325681,18
mp-1217895,-0.10420425366666501,2
mp-1279,-1.3587061480416671,6
mp-4165,-2.2641036474444443,12
mp-1217925,-0.8580247160833321,16
mp-1217893,-0.43484521091666606,8
mp-1187242,-0.42086833808333,4
mp-972323,-0.47445536933333005,4
mp-9391,-0.569353499555553,12
mp-622009,-0.642832238268748,20
mp-569776,-0.32708908495833405,16
mp-1217923,-0.192122470916668,8
mp-22709,-0.6587034712083331,16
mp-22636,-0.44462663244444406,12
mp-1102041,-0.7815127509365091,12
mp-19810,-0.592638418916668,16
mp-8998,-0.595825511523809,14
mp-1187243,-0.16302064933333302,4
mp-1067587,-0.995565067654762,4
mp-669508,-1.40031957728869,32
mp-27788,-1.518135313081349,24
mp-541740,-3.107759103496598,28
mp-1103180,-0.8185391551031761,12
mp-557163,-3.202671064703701,18
mp-20985,-1.120059625583333,8
mp-567736,-0.7593216713645811,4
mp-999133,-0.36691171366666,4
mp-30835,-0.45240659244444204,3
mp-30836,-0.47368206683333003,4
mp-30849,-0.7437694224444371,6
mp-567638,-0.7071258774583331,48
mp-1188590,-0.47348182938888905,18
mp-1103212,-0.607759117444445,12
mp-1020,-0.638781819333335,4
mp-10014,-1.381073649111107,3
mp-30527,-1.173654325375001,24
mp-560884,-1.547922680233333,40
mp-11697,-0.16808569077777702,6
mp-1205391,-2.707046960388896,24
mp-31454,-0.46037054744444106,3
mp-1019276,-0.932053956819444,6
mp-29652,-0.74295523113021,16
mp-11192,-0.44631669022222303,9
mp-5031,-0.539291161611108,6
mp-21316,-0.87922093577778,12
mp-1208557,-0.702460570777778,12
mp-1208554,-0.7046382007777771,12
mp-20436,-0.8799665616111121,12
mp-1189212,-0.6714424763333361,18
mp-1100408,-0.44028700411110805,3
mp-11572,-0.567750153666672,2
mp-1967,-0.641113326518515,27
mp-28691,-0.626391921499993,12
mp-17287,-0.6464112956666691,24
mp-1190784,-0.517353039416666,24
mp-1190788,-0.691439190666666,24
mp-14815,-0.667831930095237,14
mp-29716,-1.12973077627273,22
mp-1043735,-3.038387667623249,34
mp-1217891,-0.40487872299999905,8
mp-1217909,-0.618764197666665,8
mp-1217898,-0.9068990790000011,6
mp-1217904,-0.8762087610000001,4
mp-867821,-0.27812618413218304,4
mp-867123,-0.5868449210000081,4
mp-867846,-0.525172387250002,4
mp-861908,-0.6045244860000021,4
mp-861912,-0.571864508499999,4
mp-1103621,-2.758035863329365,12
mp-558241,-0.8669619891458351,32
mp-7562,-0.9307974334166691,8
mp-10644,-0.714410679197918,8
mp-1208560,-1.7437597257083342,16
mp-676262,-2.684087633883337,40
mp-1194680,-2.529017008597222,48
mp-1217830,-2.516774327296297,18
mp-1217849,-0.8623881510833331,16
mp-567276,-0.11093404577778102,6
mp-755190,-3.039436780388889,12
mp-18137,-2.889145934976198,28
mp-1208564,-0.8817473567698401,12
mp-979289,-0.07589145683333201,4
mp-862679,-0.143206917861112,24
mp-1029387,-0.7046725380972221,12
mp-865805,-0.21700233183332002,4
mp-865804,-0.5910538055833351,4
mp-865234,-0.344226414333334,4
mp-18,0.0,2
mp-1104741,-0.35005307769230604,13
mp-3546,-0.429442835128214,13
mp-1193564,-0.356524340897433,26
mp-1208361,-0.519319874743583,26
mp-1078833,-0.715287821333335,10
mp-972049,-0.43824162928571303,14
mp-1217840,-0.38329290282050904,13
mp-7157,-0.49558742799999805,5
mp-10436,-0.42367822599999905,5
mp-10854,-0.549091697,10
mp-1079255,-0.744524817999985,10
mp-978921,-0.5648572709259281,18
mp-1199943,-0.494268126759259,36
mp-1208575,-0.9719217869791711,32
mp-1188842,-0.33366465166666603,19
mp-3893,-0.5466502789999991,5
mp-1106036,-0.485079515925925,18
mp-3709,-0.6051093833333331,5
mp-3292,-0.7871840993333321,5
mp-4521,-0.564549662000001,5
mp-1217848,-1.010130214062499,14
mp-3456,-0.6412724780000011,5
mp-12075,-0.43130138699999904,5
mp-21565,-0.276174607435895,26
mp-21041,-0.590375650140054,17
mp-5399,-0.646343855333331,5
mp-645166,-0.300562223974358,13
mp-5351,-0.80720837133333,5
mp-1079166,-0.8671851433333321,10
mp-2017836,-0.9616008360000021,10
mp-2881,-0.8883981313333311,5
mp-21079,-0.655830899333335,5
mp-1104796,-0.341443626799293,13
mp-22486,-0.48646110650574004,5
mp-22012,-0.302014793404067,13
mp-5677,-0.674342719793102,5
mp-1103853,-1.050516298833336,15
mp-1104137,-0.31409712897435604,13
mp-1103784,-0.625718971666668,14
mp-10124,-0.39507762745613906,38
mp-505597,-0.825350599421766,14
mp-30333,-0.5528198660000221,10
mp-3329,-0.696679645333333,5
mp-5517,-1.016273493190478,5
mp-570554,-1.038548817190479,5
mp-4614,-0.36629826200000004,5
mp-569577,-0.565424515333332,5
mp-5752,-1.094001369333335,5
mp-4466,-0.8275502453333331,5
mp-21601,-0.43810382512820306,26
mp-5429,-0.818289616000004,5
mp-4250,-0.922091847333335,5
mp-569737,-1.113413916000001,5
mp-3097,-1.120832865333333,5
mp-3678,-0.8874222853333291,5
mp-12817,-0.13410262376811602,46
mp-1208551,-0.734376579846939,14
mp-29846,-1.837106998148146,27
mp-1197004,-0.299466386823661,41
mp-1204441,-0.654533518253966,42
mp-1204608,-0.5817679208730141,42
mp-1191293,-0.507058600138887,24
mp-1192444,-0.7977871404166641,24
mp-1201140,-0.744200812777776,42
mp-1208636,-0.33832842827047305,32
mp-541859,-0.49713320937500005,32
mp-1208573,-0.25703864666666204,18
mp-30967,-0.14882054236842002,38
mp-1208738,-0.364485145263152,19
mp-29954,-1.79004604135659,43
mp-1217746,-0.24127453356481302,36
mp-1208552,-0.8674888277380971,28
mp-1208540,-0.83282389380952,28
mp-1217714,-0.636202004019607,17
mp-1193699,-0.48327094077380905,28
mp-1208535,-0.6778690993452351,28
mp-1208547,-0.714295391845239,28
mp-1208714,-0.543023586845237,28
mp-568456,-0.7747045320238121,28
mp-1103391,-0.343376898333332,12
mp-3194,-0.5871108628571421,7
mp-570138,-0.6391857048148141,9
mp-11629,-0.392796674102567,13
mp-11628,-0.5920746392307681,13
mp-13432,-0.36562908466666705,5
mp-1069297,-0.5294039046666661,5
mp-1095658,-0.6198240702777741,12
mp-1025379,-0.6493043942857151,7
mp-1200538,-0.7103036608333311,36
mp-1200192,-0.651339792592591,36
mp-1068954,-2.96205582866667,5
mp-692,-0.417311696666667,3
mp-1025498,-1.104796899583334,8
mp-1207197,-0.8605603770833331,8
mp-1208521,-0.285950077666666,10
mp-1206788,-0.42039452266666705,5
mp-1205561,-0.78849253866666,10
mp-1205852,-2.094997655499997,10
mp-980937,-0.7836010888492061,21
mp-1189067,-0.070512017017543,19
mp-567614,-0.6650542396666671,10
mp-1005831,-0.582742916833333,20
mp-10318,-0.7281323513333321,20
mp-2045196,-0.105381004999998,18
mp-1217704,-0.6753331142857101,7
mp-1190385,-2.339246777222221,21
mp-1025266,-0.290318111190469,7
mp-1217731,-3.044271386666665,22
mp-1217677,-0.27149971875,4
mp-1217701,-0.8651014599999981,8
mp-646337,-2.196415628601191,28
mp-1191561,-0.700764918373015,21
mp-6624,-0.6630587997619041,7
mp-22468,-0.655303686583332,40
mp-1104152,-0.27701030904761903,14
mp-1217710,-0.149804658888888,6
mp-1217694,-0.687249946666668,6
mp-1207140,-0.385565188166666,5
mp-1207034,-0.560147252166668,5
mp-14649,-3.054292356439399,44
mp-19788,-0.7944976546666651,10
mp-1188238,-0.726938071833333,20
mp-1188286,-0.791248279833333,20
mp-2911499,-0.855450036000002,20
mp-1208581,-0.8854238336111151,36
mp-1199006,-2.173636854257811,32
mp-20608,-0.48901931666666504,6
mp-1217699,-0.384315172916664,4
mp-1079501,-0.8103618609999971,10
mp-1079779,-0.444775348000001,10
mp-569996,-0.7148053979999981,10
mp-1187276,-0.5945378518749961,4
mp-1068164,-0.516132786,5
mp-21052,-0.943706961999998,10
mp-867236,-0.8857872158333311,4
mp-867282,-0.843008208333331,4
mp-570272,-0.270373952619045,7
mp-1205707,-0.22199717266666802,10
mp-867301,-0.7722746586666681,10
mp-1206554,-0.36273407766666704,10
mp-1205816,-0.680385170666666,10
mp-1191573,-0.7048076929050351,21
mp-754207,-2.882692812199581,22
mp-639228,-0.6246459048448281,40
mp-1087513,-0.618765601609194,9
mp-573037,-2.850117359626436,20
mp-1217713,-2.950563000114941,22
mp-1025326,-0.45524722714286003,7
mp-29945,-2.521284601587301,42
mp-18340,-3.183555702870368,36
mp-1202127,-0.739237845092589,36
mp-867324,-0.5353557278968251,21
mp-1190664,-0.7708196440873001,21
mp-1068217,-0.584239305666663,5
mp-1189379,-0.38667413925925803,18
mp-1079205,-1.240301060666686,10
mp-1208523,-0.5182871330769221,26
mp-1217698,-0.7464795699999991,7
mp-1217712,-0.8539365576190491,7
mp-1056,-3.9821810734166663,40
mp-1217817,-0.9229101817063531,21
mp-769211,-2.550893196212119,22
mp-31087,-0.8385197886666641,10
mp-1187263,-0.6213292383333311,4
mp-11551,-1.039773410833333,12
mp-754768,-2.449571400757576,22
mp-1025189,-0.597812604761904,7
mp-1203495,-0.557963339833332,40
mp-1198929,-0.6733560188888881,36
mp-972246,-0.5551524545000001,20
mp-1187274,-0.5864059083333311,4
mp-9323,-2.3906826406875012,20
mp-12668,-3.575732090166665,5
mp-755713,-3.028075614666669,5
mp-1208563,-0.887526760555554,36
mp-30313,-2.593688187092802,44
mp-15257,-2.153581606572918,20
mp-755340,-3.4834872031354163,5
mp-1195159,-3.740112495668405,36
mp-17308,-3.657226894848484,44
mp-1205298,-0.732668469,10
mp-1208531,-0.8588202372222221,24
mp-2752072,-0.9771824220833331,24
mp-17036,-0.9011358997222221,24
mp-1190079,-0.687329497222224,18
mp-1187284,-0.9507090128333331,20
mp-15204,-0.7596858713333331,20
mp-542754,-0.8061094989999951,40
mp-16478,-0.8162573333333321,20
mp-1208518,-3.784206000416667,32
mp-17913,-3.4091315291471362,32
mp-4991,-3.026676199848483,22
mp-1189471,-0.7097738328333321,20
mp-1105684,-1.6947172220000022,20
mp-31245,-2.30415422764707,34
mp-16036,-3.3274110779999972,5
mp-1217684,-2.164107915125001,5
mp-779763,-3.785560298636429,44
mp-10960,-3.310635647272727,11
mp-21712,-0.8844586497222241,36
mp-510083,-0.8492479902777771,36
mp-752414,-3.878109022083332,32
mp-1187269,-0.41435872979166805,4
mp-1217726,-3.079295732833334,20
mp-771017,-3.318034524814814,36
mp-568012,-0.28101262657894704,19
mp-1217670,-0.336379846249997,4
mp-13535,-0.45647371066665904,5
mp-1197252,-2.189312639791669,32
mp-1208548,-0.6851077910526321,38
mp-1195573,-0.66457157973684,38
mp-1191827,-0.551967774090909,22
mp-3852,-0.702769079090909,11
mp-571223,-0.517121778181817,11
mp-1192010,-0.5439125531818171,22
mp-1208569,-0.917320642142854,28
mp-28827,-0.274213749623823,22
mp-1208495,-0.7276208485467991,29
mp-570822,-0.5037076540000011,5
mp-1018638,-1.07354821175,5
mp-1208474,-0.635254049772728,22
mp-1191743,-0.56289234492424,22
mp-1208486,-1.516435012738095,28
mp-1208487,-1.731518790357142,28
mp-557110,-3.382038129583333,28
mp-1188994,-0.133015399999998,16
mp-1201880,-0.33220781400000404,40
mp-1208516,-2.0335942574999972,40
mp-1188547,-0.8436492455000001,20
mp-557517,-1.732246598541665,24
mp-567428,-1.545870863867187,24
mp-560501,-1.821600580624999,24
mp-568779,-1.593316914283856,24
mp-1217691,-0.5898927620833351,12
mp-972235,-0.567345597651512,22
mp-1197692,-0.6425194445000011,40
mp-1206878,-0.5723961980000011,5
mp-1104279,-0.32588191464285704,14
mp-31112,-3.579312696749999,20
mp-1188472,-0.9169299568749981,16
mp-1188258,-0.7663148468749991,16
mp-1208462,-0.8818637385714311,14
mp-2321,-0.7968948006250011,16
mp-1188416,-0.621954416249998,16
mp-19769,-1.190359023749999,5
mp-2760596,-1.981796282687497,40
mp-1106276,-0.5630431543749971,16
mp-1190660,-0.5781893279179721,22
mp-623751,-0.23453660812499702,16
mp-1191556,-0.49396677527777005,24
mp-1191273,-0.7819041724999991,24
mp-1189565,-0.29983844812500104,16
mp-1191300,-3.188683825454544,22
mp-569431,-0.998392362040814,14
mp-1104088,-0.9608774950000011,14
mp-1187308,-0.000210759375001,8
mp-1208453,-0.786432913749997,16
mp-972380,-0.6626999727272721,22
mp-1105609,-0.505379636249999,16
mp-1189033,-0.30369048124999704,16
mp-1191047,-3.17857323772727,22
mp-1208503,-2.660699630999998,40
mp-1191378,-3.417252454999999,22
mp-1217634,-2.310499528307291,12
mp-555097,-3.231703675,32
mp-1190904,-0.7024201804166651,24
mp-30232,-1.62798025,28
mp-1187319,-0.002753501250001,8
mp-1079704,-0.5517514845,10
mp-1101314,-3.853775353393938,22
mp-1192600,-1.79381197767857,28
mp-1189902,-0.292778992708337,16
mp-1104325,-0.37770526107142804,14
mp-1194575,-0.794396480555551,36
mp-1208456,-0.7650290627027021,37
mp-1208449,-1.013384432432432,37
mp-29847,-1.818444819621213,44
mp-1208505,-1.333102814074075,36
mp-15237,-0.478776262777778,18
mp-570592,-0.229900901527778,24
mp-1208463,-0.509928401944446,24
mp-1208455,-0.28152589236111203,24
mp-1208476,-0.43375291111110603,24
mp-1208468,-0.5893934844444431,24
mp-568366,-0.47575773611111205,24
mp-1217627,-1.139227755,8
mp-571331,-0.663477595882354,17
mp-568053,-0.637492918039216,17
mp-1203178,-0.5093068944047601,35
mp-1188834,-0.8656256409803921,17
mp-1105260,-0.8461975433333321,20
mp-604378,-0.5707537543055571,24
mp-582119,-0.537537530972221,24
mp-569343,-0.13964566574074,9
mp-1208464,-0.134089594027779,24
mp-567351,-0.41724964944444404,24
mp-1208458,-0.187942350694441,24
mp-1208478,-0.38418920111110805,24
mp-1208484,-0.23077356736111101,24
mp-1191040,-0.339671684126983,21
mp-30291,-2.057414417077544,9
mp-30283,-1.896257421515152,22
mp-1201395,-1.848107357222223,36
mp-1200835,-0.781257716228069,38
mp-1197617,-0.80982156359649,38
mp-1191784,-0.5142941377272711,22
mp-1192980,-0.807971700454541,22
mp-1208691,-0.9631710390909071,22
mp-1208421,-3.345005715701756,19
mp-677244,-3.128271257017484,19
mp-1208405,-0.747171897666667,30
mp-1208415,-1.070610164444442,18
mp-1189848,-0.8493574500000061,16
mp-1208603,-0.5501605447916661,32
mp-510592,-0.7510403735416661,32
mp-1208445,-0.49535324037036804,18
mp-2610,-0.917368340625,16
mp-1673,-0.9935722341666661,36
mp-1103978,-0.6385937890476181,14
mp-1201266,-0.7873600635416641,32
mp-640444,-0.528054605925928,18
mp-1198536,-0.860678353306877,36
mp-1105825,-0.540934363541662,16
mp-1198033,-0.5399642017592581,36
mp-1104420,-0.33699615190476,14
mp-1095641,-2.386663819973959,12
mp-16230,-1.088051921249999,16
mp-555909,-3.029098746401041,20
mp-1217661,-3.714724967976191,42
mp-206,-0.7691735312500001,16
mp-1106357,-0.7198736172916671,16
mp-1198576,-0.7428661345370411,36
mp-1188772,-0.303515446666668,16
mp-1201911,-0.8312513295370371,36
mp-1188309,-1.8843842076470612,17
mp-1105586,-2.210081001176471,17
mp-1079253,-0.7531148048148141,9
mp-1188624,-0.266745396388887,18
mp-1208520,-0.24160738796296102,18
mp-1189524,-1.959635547058826,17
mp-1105727,-1.506828735294115,17
mp-1217642,-1.8736645256521722,23
mp-1189005,-1.8955217652941152,17
mp-1205323,-1.429003549999997,17
mp-1188684,-1.8847369123529432,17
mp-1208387,-0.41142831893518206,36
mp-1105706,-1.449075854833332,20
mp-1105605,-1.419582160833332,20
mp-2760734,-1.381500777500002,20
mp-1189771,-1.844005422229885,20
mp-1190033,-1.3798900847298912,20
mp-1106228,-1.44531427633333,20
mp-1205326,-1.525778407333335,20
mp-1106174,-0.5993336891666671,20
mp-1189645,-1.942068646833335,20
mp-1190279,-1.484895873833325,20
mp-1188900,-1.448856397833334,20
mp-1191472,-0.389340534652777,24
mp-556920,-2.423901925526319,38
mp-2268,-0.30377725916666304,2
mp-30358,-0.313665986666666,3
mp-977387,-0.339733660833332,4
mp-31447,-0.412660744444443,6
mp-2210265,-1.5487409829687482,32
mp-31422,-0.599214716111108,6
mp-3551,-1.128376059166666,8
mp-11225,-0.48557350312499903,16
mp-756,-0.5907180399999981,6
mp-16516,-0.634603844166665,8
mp-867232,-0.48873532374999906,8
mp-1208292,-0.49504437333333307,6
mp-1208327,-0.655207317222221,18
mp-4353,-0.555881647777775,12
mp-11033,-0.5144454565151511,22
mp-1095572,-0.789351933888886,12
mp-1079357,-0.49283987666666706,9
mp-1206233,-0.734905894999999,6
mp-11538,-0.589970818888888,9
mp-1217581,-0.520720659444439,6
mp-12722,-0.927291009999997,12
mp-1102944,-1.259474879999994,12
mp-2640,-1.819632861250003,2
mp-3248,-2.844339936527786,12
mp-1101946,-1.3185136091666672,12
mp-1101828,-1.7279079088888891,12
mp-2013341,-1.8056171751041692,12
mp-1102476,-1.597437550503471,12
mp-999141,-0.8731497208333301,4
mp-570179,-0.8575134788888891,3
mp-1025478,-0.7136540329166641,8
mp-1104066,-0.263792412307692,13
mp-15707,-0.616146412499999,32
mp-1025075,-0.691070704166662,6
mp-1189495,-0.6337754281250021,16
mp-1188601,-0.58728119375,16
mp-3186,-0.4672984075,6
mp-568225,-0.6738813725,20
mp-1191349,-0.676575606666669,24
mp-1192125,-0.6390669733333331,24
mp-867230,-0.6256490463888861,24
mp-1191902,-0.588980947222227,24
mp-1217607,-3.466789145166666,10
mp-3869,-0.7850072811666661,5
mp-12615,-0.18499040619047602,28
mp-22921,-1.1017431275,2
mp-549475,-2.412139328958334,8
mp-547125,-2.462889460833334,8
mp-552857,-2.323286912708334,8
mp-1207177,-1.059290718333334,3
mp-1206989,-1.188158791666666,3
mp-1205981,-0.745555035555558,9
mp-863746,-2.253170766666668,8
mp-2119,-0.36907816999999904,3
mp-1025023,-1.264163453888891,6
mp-721,-0.29982172833333104,2
mp-30497,-0.291713982222216,3
mp-570403,-0.252897010416665,8
mp-977398,-0.27177375999999803,4
mp-1205950,-0.645446068888887,9
mp-977376,-0.661868024166665,4
mp-1100768,-0.363862655416667,4
mp-1077082,-0.34196680111111105,6
mp-1208303,-0.672608308888887,9
mp-977397,-0.7158241566666651,4
mp-23293,-2.539397689374999,8
mp-2265,-0.164759055555557,6
mp-1095562,-0.14058048916666602,12
mp-1545138,-0.10863823416666601,12
mp-3040,-0.470916637499999,6
mp-1203453,-0.918673334603173,36
mp-2028749,-0.09284975333333201,6
mp-1196894,-0.8236739095105821,36
mp-1208336,-0.57363728138889,24
mp-22158,-0.28963638388889,6
mp-5106,-0.32990507166666705,4
mp-21144,-0.6417682788888871,12
mp-1079936,-0.639504691666666,8
mp-19802,-2.622154927833276,20
mp-21203,-0.7088008505555561,6
mp-4969,-0.746604975416667,8
mp-1069044,-0.6233964993333321,5
mp-1190703,-0.649388743888888,24
mp-756124,-3.214648261833333,20
mp-19272,-2.778189815277777,12
mp-1105332,-2.5412185181481473,18
mp-1837,-0.25356538499999803,2
mp-1527,-0.26697835333333303,6
mp-1217570,-0.286165471111111,6
mp-1072264,-0.23125080305554901,6
mp-1077752,-0.33870220111111105,6
mp-1206691,-0.367803625,6
mp-11363,-0.20235930666666702,6
mp-7194,-0.9461431987500001,8
mp-9387,-0.7749101499999991,6
mp-1217589,-0.308017847777776,6
mp-20290,-0.396143643888885,6
mp-1217605,-1.349183927361108,12
mp-601286,-1.241465798949651,24
mp-5737,-1.60526750890625,16
mp-22485,-0.707840799999999,8
mp-12984,-1.45312432783854,16
mp-5514,-0.7364028166666661,6
mp-1206421,-0.6046856122222211,6
mp-1217572,-0.5879630504166661,12
mp-1187327,-0.5863101125000011,4
mp-1187329,-0.8126317795833311,4
mp-1187333,-0.577425312083335,4
mp-1187336,-0.580089440833333,4
mp-11347,-4.50274268625,16
mp-589,-0.056237100555556,6
mp-1205543,-0.500675173333334,10
mp-2584,-0.0535225625,12
mp-1203752,-0.733678798399469,36
mp-1208346,-0.6000022163888881,24
mp-999122,-0.254087259166666,4
mp-21363,-0.6066693172222131,6
mp-1207018,-0.6856053816666671,8
mp-11417,-0.751093177499999,4
mp-2684,-0.7846199033333341,3
mp-1208317,-0.5163901227083311,16
mp-568687,-0.37003990861110503,6
mp-1079552,-0.6447625904166601,8
mp-1217547,-0.555019671944443,18
mp-972423,-0.863886184999998,8
mp-867246,-0.6064072112500011,8
mp-1217529,-0.6423872340000001,5
mp-1104461,-0.587124742499995,15
mp-1102206,-0.542364674444444,12
mp-1025288,-0.46915940916666604,7
mp-1104458,-0.36131348499999805,14
mp-1217530,-0.78973157138889,6
mp-1103095,-0.456744253888885,12
mp-1208354,-0.242321716250006,18
mp-1025099,-1.175011946388885,6
mp-1103670,-0.630571898055553,12
mp-1208350,-0.44871984958333805,18
mp-12704,-0.955135205,12
mp-1188749,-0.9352521412500001,16
mp-22251,-1.095143878888887,12
mp-977421,-0.7944247385416641,4
mp-1217618,-0.47269884374999904,8
mp-1187524,-0.772605531666666,4
mp-1405,-0.9846508600000021,4
mp-18667,-0.805792002291666,16
mp-31436,-0.773099209791666,16
mp-20054,-0.8773795754166651,16
mp-1019278,-0.8342304022222221,6
mp-22755,-0.9252124772222151,12
mp-1189420,-0.9847587088888871,18
mp-1208316,-0.9104641047916661,16
mp-22324,-1.127136826388891,12
mp-22816,-0.9703058813888871,12
mp-21310,-0.7128208705555561,12
mp-1194953,-2.054707894810606,44
mp-24724,-0.8003036291666681,3
mp-642807,-1.298964439791661,8
mp-1102075,-2.423914251527777,12
mp-982384,-0.7222324707291671,24
mp-1079758,-2.993879853229166,8
mp-1207080,-1.660982260086806,3
mp-2054,-0.5812790587500061,2
mp-867288,-0.42120493562500605,8
mp-1217468,-0.011893992499999001,2
mp-1187344,-0.5831264300000001,4
mp-1187346,-0.448214126249998,4
mp-863264,-1.661328500416667,8
mp-672325,-0.42607325499999604,8
mp-1208470,-0.7727248912499961,40
mp-20920,-0.5382134275,4
mp-20635,-0.40651753857142503,7
mp-22382,-0.363992091666665,4
mp-22718,-0.741065467777777,9
mp-567210,-0.7040339158333341,4
mp-19782,-0.5064858,9
mp-22229,-0.312193425000001,6
mp-22032,-0.698292834444441,9
mp-582293,-0.493433655555556,9
mp-21308,-0.9118470233333331,9
mp-864808,-0.871790045,4
mp-567413,-1.144207848888887,9
mp-1092248,-1.09429678,8
mp-20875,-0.7443161044444391,9
mp-864876,-0.7320021133333301,4
mp-2725,-0.8175618772222211,6
mp-979287,-0.568053120416671,4
mp-1635,-0.06860487083333301,2
mp-542933,-0.170708103472221,24
mp-7381,-0.056084945416665005,4
mp-567690,-0.096382321944445,24
mp-1205829,-0.258791063333334,9
mp-1205820,-0.672193160555556,9
mp-866068,-0.768527832916666,4
mp-862767,-0.28371526541666403,4
mp-1070837,-0.11919355694444501,6
mp-1205835,-0.48380849861110903,9
mp-867234,-0.45184054916667105,4
mp-1205951,-0.37982430833332903,9
mp-1207014,-0.678609817222219,9
mp-977396,-0.688818790416665,4
mp-1071468,-0.568746577222218,6
mp-1206540,-0.31801789611111303,9
mp-1187349,-0.34128748291666505,4
mp-18525,-2.650917842503562,32
mp-1208494,-0.224814548788683,13
mp-1191670,-0.6412610931273921,24
mp-22055,-3.03061692641954,20
mp-20822,-0.638380974827588,6
mp-1193567,-2.595382681309524,28
mp-558223,-2.689001050952381,14
mp-2117,-1.9769477293750022,2
mp-12647,-3.566975817777776,12
mp-1217497,-0.7276273430208331,8
mp-672240,-0.435965549166666,24
mp-276,-0.43123975722222,6
mp-6092,-0.5109415083333331,6
mp-1102054,-0.402314844166666,12
mp-1077552,-0.37928236944444405,6
mp-12964,-0.493307362638887,12
mp-30808,-0.32419588444444203,6
mp-1206716,-1.048442181388889,3
mp-972467,-0.579255219722221,24
mp-1206686,-0.674196568888888,3
mp-3061,-0.32845014916666704,4
mp-21424,-0.7889508647222201,12
mp-4288,-0.7103402991666671,8
mp-1087235,-0.579707564333333,10
mp-755865,-2.493387772333331,20
mp-1208320,-1.213128120436508,12
mp-3716,-0.9653757055555541,3
mp-22299,-0.669246038055553,12
mp-1198844,-0.583369277916665,48
mp-14093,-4.262664965555556,6
mp-1095666,-0.3687225975,12
mp-645,-1.857639228988098,2
mp-4340,-3.500272270218253,12
mp-1208300,-1.262699907103171,12
mp-7168,-1.526961322658735,3
mp-1080794,-0.677339108261904,10
mp-1190952,-1.8033040840128982,24
mp-4672,-1.222408961746031,48
mp-1173104,-4.179962538611112,12
mp-21156,-0.29645188166666503,4
mp-30413,-0.685950168888892,3
mp-1080451,-0.9533850462499981,8
mp-2747,-0.9164910849999971,4
mp-1187370,-0.6991896885416701,4
mp-980059,-0.7574044885416661,4
mp-1079305,-1.400026603749999,8
mp-1549,-1.090901282500006,4
mp-1208369,-2.818473307499999,36
mp-1102249,-0.250718444999999,12
mp-569505,-0.46488190433333404,10
mp-1192121,-0.6416628525000001,24
mp-11561,-0.8508432933333301,2
mp-1310,-0.7357086955555551,6
mp-542103,-0.49176561033333205,5
mp-5692,-2.575770184833334,20
mp-1101970,-0.305337141388886,12
mp-1610,-2.27145201640625,2
mp-1103226,-1.996898287708333,12
mp-1208299,-2.336142777222209,12
mp-10930,-3.3604610242708333,6
mp-2724,-1.38852095,2
mp-1095192,-0.897952395416665,8
mp-1208460,-2.861850808611112,24
mp-1206527,-1.081712342222218,6
mp-16313,-1.381467409999999,3
mp-22115,-1.069665752222223,12
mp-4395,-0.842730058333332,6
mp-1188262,-2.2846173261874982,20
mp-1071036,-0.9971791749999991,6
mp-1561,-1.9973161245052091,2
mp-554903,-2.486382203168402,24
mp-1924,-0.903717596249999,8
mp-1217476,-1.111317509333332,5
mp-4993,-0.8067504016666671,8
mp-754875,-1.021624016111112,6
mp-1217478,-1.008521537333332,5
mp-1068588,-0.794774811333332,5
mp-1068827,-0.778442423333331,5
mp-1217512,-0.20816508694444202,48
mp-20383,-1.048637917222224,12
mp-1208359,-0.764355161388889,12
mp-1070859,-0.6076736044444431,6
mp-1208374,-0.973434810555556,36
mp-1208310,-0.9776711154166621,16
mp-7124,-1.291662352499997,12
mp-1208318,-1.263805278124998,16
mp-20645,-0.793282764722221,12
mp-971921,-0.5736269887500001,4
mp-1072922,-0.603541178888885,6
mp-31413,-0.8258439038888901,6
mp-864599,-0.698085210416664,4
mp-1077556,-0.6375559405555541,6
mp-1205755,-0.8422700272222181,9
mp-21401,-0.9220374080555521,12
mp-5385,-0.8678104079166731,4
mp-1079790,-1.087910731666666,9
mp-1078626,-0.9968021866666631,8
mp-1084759,-0.8938189683333331,9
mp-864600,-0.7767526179166651,4
mp-12932,-3.73093175483333,12
mp-1187381,-0.324069898499999,4
mp-1217522,-3.657415306092592,36
mp-1102233,-0.17804867000000002,12
mp-867290,-1.549852165,2
mp-1084847,-1.071144312499999,8
mp-1208319,-3.536463339999999,12
mp-21433,-0.806892828888888,6
mp-22532,-0.7271139322222241,6
mp-30878,-0.340500640000003,2
mp-1208393,-2.377716833958333,48
mp-1105141,-0.9136218943348191,20
mp-1208360,-2.505724759583334,24
mp-1886,-0.242862734166672,4
mp-30837,-0.658099057777775,9
mp-999119,-1.7328392637499932,4
mp-569507,-1.6180324311718661,4
mp-999121,-1.266899713333328,4
mp-978988,-0.577128541249997,4
mp-1217656,-0.48220878633333203,20
mp-1217458,-0.9556180306249971,8
mp-867309,-0.7616603420833361,24
mp-554811,-3.291628755333334,20
mp-19121,-3.20938931361111,12
mp-1190096,-0.385446593124999,16
mp-978911,-0.590041426250003,4
mp-978975,-0.34817149083333904,4
mp-1187393,-0.011290565000003002,8
mp-865254,-0.577637395000003,4
mp-836,-0.385203347500002,2
mp-1104493,-0.21066344230769302,13
mp-2338,-0.44699698333333504,6
mp-1188983,-0.40449842562500005,16
mp-1208296,-0.788768200000002,12
mp-13536,-0.454986832222221,9
mp-1079386,-0.749624558888888,9
mp-13378,-0.7273594388888871,12
mp-1217402,-0.727965939999999,3
mp-13163,-0.602462343055556,12
mp-4075,-0.9347930216666681,6
mp-113,0.0,2
mp-8886,-0.324703084500001,20
mp-1019316,-0.23295873624999702,6
mp-556442,-2.06860917409091,44
mp-27485,-1.799278561388888,36
mp-9895,-0.591620003785712,20
mp-1087495,-0.298798336874998,8
mp-862770,-0.25385454499999505,8
mp-1017987,-0.22337149218749902,4
mp-867357,-0.11539726999999901,8
mp-862779,-0.068445983750002,8
mp-17449,-0.37390108074404405,16
mp-861610,-0.08970053374999701,8
mp-867281,-0.310300714999996,8
mp-861626,-0.18140168749999902,8
mp-861630,-0.056913681249998,8
mp-1202969,-0.586256420546875,32
mp-978989,-0.34875773925000103,20
mp-7206,-1.525970481111109,12
mp-1019317,-0.472480345000001,6
mp-568753,-0.788738578124999,16
mp-570480,-0.7141581335,40
mp-1190915,-0.8464455577083331,24
mp-27780,-0.885796349,40
mp-1203061,-2.269207849999999,40
mp-1208328,-2.118926539285714,28
mp-1203591,-0.295391453,40
mp-867345,-0.17894248874999602,8
mp-33137,-1.883364699166667,12
mp-28804,-2.161698139791667,48
mp-27477,-2.317763470555554,36
mp-867212,-0.09121243749999701,8
mp-28029,-0.511002482857142,16
mp-28026,-0.476278763130952,40
mp-972326,-0.127022225000004,4
mp-867352,-0.09063705249999901,8
mp-1217363,-0.0712581075,2
mp-867356,-0.071404015000002,8
mp-9481,-0.726010757708332,12
mp-561392,-1.803509564722221,36
mp-555059,-2.402040733124999,48
mp-19,0.0,3
mp-1217447,-0.438260704705883,34
mp-1217440,-0.33384054767857,28
mp-1217429,-0.44575562080000003,25
mp-766504,-2.131232904838935,34
mp-20123,-0.090904143333337,24
mp-27490,-0.30498063687500104,8
mp-27527,-0.40614709208333105,8
mp-27648,-0.345932209861111,24
mp-1191341,-1.8933934709848481,22
mp-27655,-0.18489281527777301,24
mp-569388,-0.36651967958333304,24
mp-602,-0.30737176666666705,6
mp-645663,-0.8835714365790721,44
mp-19453,-1.667758174333332,40
mp-29185,-1.865477781904763,14
mp-12177,-1.417868102619037,14
mp-2142,-0.15907392166667,12
mp-1193939,-2.120900973663007,26
mp-1193128,-1.52799022102564,26
mp-554952,-1.587321612179486,26
mp-782,-0.34445980000000503,3
mp-613,-0.3376539,10
mp-605028,-0.402809845714285,14
mp-399,-0.44249040333333206,3
mp-228,-0.43984005000000004,3
mp-267,-0.406118763333338,6
mp-4906,-1.642124450583332,20
mp-22693,-0.116551468333336,12
mp-638749,-0.697410387727271,22
mp-484,-0.001508734,10
mp-1196688,-1.557994230937499,32
mp-27628,-0.33295714550000005,20
mp-2767093,-0.732589912,40
mp-638586,-0.21280938468749902,32
mp-541180,-0.43693187000000006,10
mp-1217418,-0.33823320714285704,14
mp-8601,-0.30248188428571304,14
mp-8628,-0.43302517714285405,7
mp-1025159,-0.435488722857144,7
mp-1105647,-0.40427173125000304,20
mp-979264,-0.42940389524999806,20
mp-29639,-0.280321600370366,27
mp-1217357,-0.304145084545459,11
mp-7273,-0.39801768818181804,11
mp-557570,-1.903273080606057,44
mp-556325,-2.000311659015151,44
mp-1217272,-0.523510534166665,12
mp-1095634,-0.48208006749999704,12
mp-28330,-0.515433388055557,18
mp-27741,-0.405502547222223,12
mp-1208424,-0.812674219083331,40
mp-554523,-1.561555379416667,40
mp-569561,-0.639768098499999,40
mp-561664,-2.216336207,20
mp-1875,-2.162264906071428,28
mp-707276,-1.368435419781746,42
mp-1195796,-1.384043778583333,40
mp-569766,-0.271386257083333,8
mp-725294,-0.267606461458333,16
mp-8377,-1.4950600038888862,12
mp-1101301,-1.341681144166666,16
mp-558387,-2.116769906666666,16
mp-644827,-0.6861796870887451,44
mp-19717,-0.503829899999999,2
mp-1105700,-1.567598920833333,16
mp-1217453,-1.5241822546666661,10
mp-1217378,-1.602860696666665,10
mp-29178,-2.3783610934375012,32
mp-564,-0.353706705,4
mp-29748,-0.5872695705555581,12
mp-2458827,-0.547655257916666,8
mp-11693,-0.40101709500000005,4
mp-1217437,-0.43007944999999304,12
mp-22945,-0.6520302558333331,6
mp-1201162,-0.551103265666658,40
mp-672186,-0.16951334571875,40
mp-1217322,-0.010930726197914001,6
mp-1217269,-0.010185599374999,3
mp-29299,-1.348510737335068,12
mp-37,0.0,1
mp-1194657,-0.227836684999997,46
mp-1104798,-0.281995213076914,13
mp-4703,-0.408202123846154,13
mp-568030,-0.349005878076923,26
mp-1078533,-0.709222360000003,10
mp-15123,-0.35121894555555505,9
mp-1189150,-0.46007457352941206,17
mp-1106302,-0.635162060555551,18
mp-1079803,-0.5184760096666651,10
mp-1179056,-0.44131868129629404,18
mp-1080672,-0.584960164666667,10
mp-1203781,-0.5525853796296281,36
mp-1080800,-0.7890950879999991,10
mp-3605,-0.5875198459999971,5
mp-1079824,-1.039404355190476,10
mp-7072,-0.754706964000001,5
mp-9357,-0.5500446827777771,9
mp-4911,-0.483107099999996,5
mp-9581,-0.7709506778571351,5
mp-5948,-0.5496728859999991,5
mp-980084,-0.34569670500000105,10
mp-20238,-0.48670523599999105,5
mp-9619,-0.6552373268067211,17
mp-7600,-0.680184234,5
mp-1079959,-0.9111452229999991,10
mp-571000,-0.522505843999999,5
mp-4147,-0.8140985039999971,5
mp-1078793,-1.002198164000003,10
mp-3011,-0.9263488079999941,5
mp-672310,-0.749938176,5
mp-617543,-1.625695282592591,18
mp-21281,-0.46912768517240505,5
mp-4458,-0.636671789793103,5
mp-3264,-0.7062082980000011,5
mp-18036,-1.04754203885714,20
mp-980110,-0.5230223189999941,10
mp-1208278,-0.7631981403361341,17
mp-17364,-1.127684629190474,20
mp-14249,-0.9971788647585961,18
mp-505429,-0.483742805714285,28
mp-1195659,-2.3089583096874993,36
mp-16250,-0.552545454000005,5
mp-1080037,-1.181183707999997,10
mp-5682,-0.8282889399999971,5
mp-3166,-0.850743800000003,5
mp-5508,-0.965063709999998,5
mp-1079221,-1.201743125000001,10
mp-4413,-1.143618434000001,5
mp-5165,-0.9927285760000011,5
mp-8375,-0.697577453999997,5
mp-542180,-1.343993580666666,10
mp-541285,-2.465903043425929,36
mp-2868,-0.39454502463414204,41
mp-1217463,-0.45345900875000206,8
mp-1651,-0.26241455999998603,6
mp-569564,-0.469433602142856,14
mp-1208226,-0.674321373636362,11
mp-1217281,-2.487483489499999,5
mp-1629,-0.420564369999998,6
mp-29890,-3.5900266949999953,28
mp-27469,-1.658092117999997,5
mp-865224,-0.947280731666664,4
mp-1217332,-1.131254944687498,4
mp-22548,-0.643832884230767,26
mp-12584,-1.5985465060416622,6
mp-6698,-3.167140958551586,36
mp-1217294,-0.6585380750000001,6
mp-1101139,-1.154600238888889,9
mp-2037025,-1.154600238888889,9
mp-1025382,-0.608535660714285,7
mp-30639,-0.062678944166664,36
mp-21902,-0.610755259743587,26
mp-568411,-0.41488558499999806,6
mp-16370,-0.6408838399999961,6
mp-30723,-0.203606812499998,6
mp-21428,-0.27992816666665904,6
mp-1217454,-0.141079850295563,21
mp-3923,-1.6092589417887901,6
mp-867004,-0.43411192416666405,36
mp-20109,-0.5974298585897461,26
mp-1206327,-0.37984761999999606,5
mp-556017,-3.557437455329672,26
mp-1217271,-2.528609156928572,5
mp-1666,-1.9893850255803571,28
mp-7769,-2.296756592062496,5
mp-7522,-1.765673437499998,5
mp-1208224,-0.596099689583332,12
mp-1105994,-1.962003702437499,20
mp-2392,-1.7808861118303572,28
mp-7768,-2.2334680133125002,5
mp-1217309,-0.804311667499997,6
mp-1217279,-0.9857225408333311,6
mp-1217278,-1.052147630833332,6
mp-1217296,-0.9671342758333311,6
mp-7523,-2.107963813499998,5
mp-2387,-0.16844641499999502,6
mp-540743,-0.25183450973684,19
mp-382,-1.557892197142848,14
mp-865377,-0.6677042071428531,14
mp-23270,-0.622308513571429,14
mp-314,-0.754729276999995,10
mp-1187064,-0.21753013999998602,4
mp-1189532,-0.48989580937499205,16
mp-467,-1.8844950049999951,7
mp-1189639,-0.631599873499997,20
mp-1347,-1.613487723129253,14
mp-1105083,-0.83230533928571,14
mp-552,-1.103433054285712,14
mp-1079146,-0.6874808749999941,10
mp-30516,-0.523812147249999,40
mp-1194755,-4.169862054117643,34
mp-1217395,-0.387404339999997,7
mp-24202,-0.563003075592103,38
mp-1217448,-3.30804156565306,35
mp-1106314,-0.413399355624998,16
mp-1106365,-0.5008256922222161,18
mp-30874,-0.6680491844444411,18
mp-28168,-1.9174193680952332,42
mp-28167,-1.943900936590909,22
mp-649213,-1.933803347045453,22
mp-1208365,-1.910017016951411,22
mp-1208385,-1.9117363565909082,22
mp-30565,-0.152962933999992,20
mp-18014,-0.123428199499994,20
mp-571094,-0.728711456500002,20
mp-30809,-0.278086436999998,20
mp-569819,-0.37607980100000304,20
mp-569074,-0.8122725660000011,20
mp-1107,-0.6155273784999961,20
mp-573601,-0.423836497499996,20
mp-1217388,-2.272468649144738,19
mp-1217439,-2.02113720730263,19
mp-9521,-1.45078965684211,19
mp-309,-0.16585972444444003,3
mp-669,-0.509280889999999,3
mp-1217300,-0.29912739999999904,6
mp-1306,-0.43703121999999706,8
mp-30182,-0.6543779616666661,6
mp-1206017,-0.432036334444439,9
mp-1079846,-1.050253446666665,9
mp-1078581,-0.608231055555555,9
mp-1078527,-0.8356938877777731,9
mp-1078902,-1.172592551111108,9
mp-1080785,-0.9546313511111051,9
mp-1753,-1.608917741250003,2
mp-7097,-1.215635171666666,6
mp-1018175,-0.61527127,4
mp-1025,-0.719212409999992,3
mp-2997,-0.591609773749998,12
mp-10115,-0.756167947500003,6
mp-28641,-3.414352945104166,32
mp-3223,-0.5140223647222201,6
mp-542573,-0.6502088425000011,20
mp-5557,-0.598870855833335,12
mp-1102822,-0.550564070833331,12
mp-1756,-0.526870689285715,7
mp-570254,-0.587055869999995,24
mp-1206772,-0.9264942364999961,5
mp-1562,-0.15703950785714102,28
mp-571335,-0.5219068866666751,6
mp-1019362,-1.043686603888884,6
mp-570229,-2.171205707999996,10
mp-28066,-2.263707746666666,6
mp-1164,-0.43073766499999505,2
mp-7224,-0.393996306666664,6
mp-561023,-2.364138134705882,34
mp-1204208,-0.11651580722222,36
mp-1210,-0.216780359999996,3
mp-1025443,-0.187694853749995,8
mp-867372,-0.14431108583333002,4
mp-867353,-0.5885393400000011,4
mp-867346,-0.28458472625000303,4
mp-861646,-0.6453965649999981,4
mp-567431,-2.419985290999997,10
mp-30564,-0.189535937499996,4
mp-999088,-0.338206619999997,4
mp-1206887,-0.653489762499997,8
mp-1102484,-0.49655123500000004,12
mp-1206216,-0.776504499999997,8
mp-1068664,-0.6382942770000001,5
mp-22339,-0.5246538094444411,9
mp-22528,-0.5649598474999991,24
mp-1377,-0.20136215666666601,3
mp-13413,-0.232852196785713,28
mp-12834,-0.140867712857141,28
mp-1087483,-2.170959519910713,8
mp-31034,-4.425086677666665,30
mp-569748,-0.48362853399999806,10
mp-2689,-0.054154229999998006,6
mp-21623,-0.713500568492062,36
mp-30669,-0.609086468749999,16
mp-2067,-0.7449632983333311,6
mp-865450,-0.5706963837499971,8
mp-22767,-0.47452015499999806,12
mp-1079844,-1.007620856666663,9
mp-1079601,-0.639901275833328,9
mp-1079168,-1.06137717138889,9
mp-1078694,-0.9092500824999941,9
mp-1093,-0.9144355199999901,2
mp-16371,-0.67823442833333,6
mp-6979,-1.587962394166664,6
mp-1071889,-1.44784388078125,6
mp-1077349,-1.137307476666663,6
mp-24291,-0.56397526583333,3
mp-1203348,-2.469107066249999,40
mp-2215,-0.350545596666667,6
mp-30724,-0.301461461875,8
mp-540904,-1.491974959374995,32
mp-27697,-1.5396167125,20
mp-28067,-2.034840126666667,6
mp-20206,-0.45190849250000303,4
mp-862932,-0.218022792499997,4
mp-622041,-0.642016716666663,4
mp-1187455,-0.24693180916666702,4
mp-21670,-0.20713471595238,28
mp-1078804,-0.473063032222222,9
mp-12774,-1.122721079999991,4
mp-1187,-0.89023817333333,6
mp-312,-0.47705074166666805,6
mp-1187438,-0.6667310187499951,4
mp-1187426,-0.292746047499999,4
mp-11778,-1.616431631334045,10
mp-834,-1.771323434374998,2
mp-28065,-2.420877790416663,6
mp-8226,-3.109788090000002,6
mp-623836,-0.431550689374999,16
mp-220,-0.43362542999998904,3
mp-1025034,-0.49333541222222105,6
mp-1567,-0.40837344166666606,6
mp-1206093,-0.7329408874999971,8
mp-22786,-0.6893862349999951,3
mp-643,-4.36779017333333,3
mp-1828,-0.282302261666671,6
mp-931,-1.731013593988088,2
mp-5156,-3.278453477178571,40
mp-21381,-0.32055606750000004,4
mp-2017654,-0.544064527499998,4
mp-30838,-0.778747793749992,8
mp-570184,-0.9486101906250041,16
mp-12754,-1.330774292500002,4
mp-1070844,-1.3453911049999951,6
mp-865400,-1.155745651249994,8
mp-1659,-0.105720185833339,12
mp-1101769,-0.555989160694443,12
mp-12755,-1.008240007499992,4
mp-568337,-0.839633994999999,6
mp-2509,-0.733108499999999,4
mp-12775,-0.5480345550000011,4
mp-22394,-0.311079107,5
mp-503,-2.02748447640625,2
mp-1146,-2.284807075208329,12
mp-8136,-3.4304611374999983,6
mp-1751,-1.082992919999995,2
mp-7568,-0.923205481666665,6
mp-10623,-1.1780022699999981,3
mp-1019361,-1.247597982222224,6
mp-2183,-1.722145739531242,2
mp-7951,-2.023257866874994,12
mp-560863,-2.1523238229687482,40
mp-1079673,-1.585264253046872,8
mp-7950,-3.304229294114581,6
mp-21238,-0.7197681062499931,8
mp-7497,-0.629868999999999,3
mp-1025413,-0.8214418975000001,8
mp-1068869,-0.861921389000002,5
mp-1070572,-0.703330792999997,5
mp-1070238,-0.8305215969999971,5
mp-1068732,-0.7473108139999991,5
mp-9164,-0.775856483333332,3
mp-1206779,-1.114976744999997,6
mp-1077789,-0.8254645983333291,6
mp-5836,-3.826331624166665,12
mp-1208232,-0.521114813999999,10
mp-1025098,-1.275570446666658,6
mp-1206329,-1.05293240666666,6
mp-1077374,-1.492520957604166,6
mp-1076936,-1.335073589114581,6
mp-30872,-0.5878298616666621,6
mp-866174,-0.642506598749999,4
mp-19886,-1.192033330000005,3
mp-1095053,-0.9265330661111141,9
mp-1105961,-1.7388828067166622,20
mp-1102354,-0.13598133583333,12
mp-1921,-1.231721870000001,2
mp-1025522,-1.162119996249998,8
mp-1019363,-1.357385472500003,6
mp-3718,-2.994860575555552,6
mp-1195677,-2.542572022916665,40
mp-542382,-0.25879688916666,24
mp-2061,-0.23501580499999603,4
mp-29030,-3.07901688522727,44
mp-1102015,-1.308293750894096,12
mp-1192586,-3.752301646428569,28
mp-1217323,-0.394905336249998,4
mp-1217311,-1.875524542656251,4
mp-1217380,-2.7871411725,12
mp-7496,-0.296578929999995,3
mp-536,-0.324965814,5
mp-29062,-4.175013110999999,30
mp-72,0.0,3
mp-28481,-0.7699851751587301,42
mp-1078058,-1.231788804761901,7
mp-29091,-0.82992570925926,9
mp-1188929,-1.5402164203333322,20
mp-1192454,-1.52605598679487,26
mp-1188631,-1.259802855239583,20
mp-13666,-0.9187834819576711,18
mp-775149,-2.215100651363648,33
mp-29260,-1.9756995158912032,18
mp-540939,-0.9408262651851911,36
mp-540940,-0.8813790056712981,36
mp-1217250,-0.5106086859895821,16
mp-1208222,-1.105995420440476,40
mp-1217391,-0.500129107222221,30
mp-1193707,-0.277345332471269,29
mp-1193180,-0.36438618281609003,29
mp-675452,-1.763975527681624,39
mp-979115,-0.04510925277777501,3
mp-12990,-0.6992181366666661,8
mp-1217076,-0.462836321944442,6
mp-861627,-0.34524999583333305,4
mp-4978,-1.286378451770833,8
mp-861640,-0.510066803958334,4
mp-1217089,-0.546692739722221,6
mp-861637,-0.513734560833331,4
mp-571126,-0.674148221759258,9
mp-1201649,-0.198756861666667,38
mp-568069,-0.173736622777781,6
mp-10721,-0.7262925011111101,12
mp-2647029,-1.610986590333334,5
mp-1217142,-1.4930099730208322,4
mp-3732,-1.376848013541666,8
mp-30501,-0.078128024444443,3
mp-9961,-0.610056893333332,8
mp-867373,-0.657712749960316,21
mp-1217124,-0.395147083809524,7
mp-861639,-0.6511540691666671,4
mp-753066,-2.963518827395834,32
mp-1187422,-0.623635615833336,4
mp-861641,-0.450526278958335,4
mp-862911,-0.501579003333329,4
mp-1208248,-0.46126540484848705,22
mp-861656,-0.561369319166665,4
mp-742,-0.11303320444444301,3
mp-3951,-1.437793791666667,14
mp-861672,-0.667715469166665,4
mp-1217120,-0.644490747777776,6
mp-1187427,-0.564715619166667,4
mp-30671,-0.40278368138888904,6
mp-30673,-0.45939359083333403,10
mp-12537,-0.7580389497916671,8
mp-1025550,-1.299005834791659,8
mp-9958,-0.880546748333332,8
mp-1217074,-0.750478473020832,4
mp-20315,-0.665872649583334,8
mp-1025517,-1.154379479583333,8
mp-20339,-0.405546499666664,20
mp-972337,-0.5145119691666691,4
mp-861958,-0.203390732399426,4
mp-863690,-0.378944631149426,4
mp-861983,-0.33844832864942703,4
mp-865569,-0.702065421149425,4
mp-865712,-0.33839350364942505,4
mp-865768,-0.504274896149425,4
mp-866218,-0.572736533649425,4
mp-865469,-0.504777263649424,4
mp-865807,-0.6356605766666661,4
mp-1187417,-0.395192630833332,4
mp-865803,-0.697750280833332,4
mp-8282,-1.454285262361111,6
mp-1217093,-0.30455692833333303,8
mp-1808,-0.277328606388889,24
mp-18281,-2.882407713396826,30
mp-865529,-0.6409541466666661,4
mp-865591,-0.285534419166667,4
mp-505081,-0.750077720922618,32
mp-1025263,-1.4305159009523791,7
mp-1215,-2.035562333888889,3
mp-458,-3.303439634333334,10
mp-865842,-0.8354517870833361,4
mp-30218,-1.128354833769839,9
mp-20661,-0.662335298333331,8
mp-13164,-0.45329318444444505,3
mp-30840,-0.6144632066666671,10
mp-1018125,-0.352248595277776,3
mp-10136,-0.8309063155,10
mp-865717,-0.7583951897916651,4
mp-865728,-0.42686366229166706,4
mp-865538,-0.5250984064583331,4
mp-1217070,-0.8102393614583361,4
mp-865948,-0.6564465847916661,4
mp-972241,-0.48592693145833304,4
mp-1018124,-0.625762542222221,3
mp-616559,-1.254497415555554,36
mp-1101099,-1.706255212833332,10
mp-1206780,-0.526163157777778,6
mp-1217219,-2.264346311984127,21
mp-5244,-0.99371750157738,8
mp-620032,-0.9861238599479161,36
mp-30875,-0.366336929444443,6
mp-637255,-0.300269175166667,20
mp-3871,-0.7897175870833321,8
mp-865840,-0.8466084554166671,4
mp-865878,-0.47977720041666605,4
mp-865876,-0.7029357108333331,4
mp-865931,-0.565572565833331,4
mp-865928,-0.8098699183333301,4
mp-865649,-0.733145390416666,4
mp-865650,-0.695527502083333,4
mp-12527,-1.020435598261906,5
mp-1092281,-0.667710487083333,8
mp-771649,-2.931885007810845,36
mp-972238,-0.5512849641666651,4
mp-1187461,-0.49700734583333106,8
mp-1014229,-0.156692875555556,3
mp-1014227,-1.152884401666667,8
mp-866183,-0.31400189229166703,4
mp-866187,-0.34634031791666103,4
mp-1193912,-0.42577401775862506,29
mp-1823,-0.29721952624999803,8
mp-505538,-0.6787004642857141,28
mp-542028,-1.005304405,28
mp-3271,-0.591599556999995,5
mp-3747,-0.761240068333335,12
mp-1199934,-0.726729199687499,32
mp-1786,-0.386483803749999,8
mp-1025170,-0.9771802414285721,7
mp-1217095,-0.8717040812500011,8
mp-504617,-0.5435433698333381,20
mp-21457,-0.9360247642857141,28
mp-2643,-0.13434752285714002,7
mp-1217193,-0.9128799682142841,12
mp-30672,-0.32138453437500003,8
mp-1095505,-0.9381956091666641,12
mp-2354,-0.128662995624999,8
mp-866046,-0.12506459416666502,8
mp-11073,-0.45657269999999806,8
mp-20325,-0.542402516333332,5
mp-544,-0.5762831700000001,8
mp-1217139,-1.284549266280787,14
mp-1217102,-0.661434597500001,8
mp-1217094,-0.28120677125000104,8
mp-1208228,-0.36267744500000004,6
mp-13993,-1.4939510014999962,10
mp-2591,-1.569913962499999,16
mp-8057,-3.382133738125,16
mp-865899,-0.440499652499998,4
mp-31214,-0.9066476298065461,32
mp-775198,-2.878812087584031,34
mp-866184,-0.10175365749999701,8
mp-760414,-1.454954431000001,10
mp-2339,-0.684364118749999,8
mp-30851,-1.026515769999996,16
mp-17413,-0.775880198749991,16
mp-1412,-0.432556269999999,8
mp-9227,-1.483433699910714,14
mp-5659,-0.911486296666666,12
mp-1079460,-0.319054466250001,8
mp-21023,-0.878380308333333,12
mp-644483,-0.433976837749997,5
mp-15669,-0.856451345714284,7
mp-865900,-0.033874629999999004,4
mp-1101282,-2.860577134662698,36
mp-1217138,-0.7815716312499991,16
mp-1217226,-0.5473145827272681,22
mp-766224,-2.810669209940476,36
mp-697076,-0.441767579642857,28
mp-697075,-0.7666176467857141,28
mp-1014257,-0.9711554270000001,10
mp-766093,-1.8515370491472871,43
mp-1217144,-0.44684737819444403,12
mp-568934,-1.638582450364582,16
mp-1217103,-1.237826980677081,8
mp-1194438,-0.505029659555556,30
mp-1193657,-0.705438495444445,30
mp-1188792,-0.500636644313725,17
mp-567883,-0.31085077238095304,14
mp-1217247,-0.287449128888891,24
mp-1105097,-1.519265624871795,13
mp-1192266,-0.48185905575757504,22
mp-1208257,-0.206176556666666,14
mp-22432,-0.973988638333333,28
mp-1217098,-0.08017979527777601,6
mp-570271,-0.288368466190479,14
mp-1217125,-0.8052742969791671,16
mp-19383,-2.991900896832042,35
mp-1217201,-0.23214369858237402,12
mp-569743,-0.267303283037766,14
mp-571457,-0.282625217619045,14
mp-1104366,-1.521895754871795,13
mp-554218,-2.975456780605443,35
mp-558135,-1.739123310964912,38
mp-18583,-0.677794710222222,30
mp-582657,-1.114547609351855,36
mp-1079706,-0.7375664191666671,10
mp-1208283,-0.371469090185208,18
mp-1208323,-0.199371068148151,18
mp-1188172,-0.535953844814817,18
mp-1208239,-0.37753231370370405,18
mp-1188153,-0.42565715802083304,16
mp-568151,-0.7418544810416651,16
mp-1198692,-0.7315525723148141,36
mp-1094043,-1.585953308095231,14
mp-1208261,-0.463217378699711,16
mp-518,-0.26211301045976804,29
mp-1208223,-1.696053202820513,13
mp-22033,-0.546713381666666,32
mp-11765,-1.269583419560184,9
mp-2108,-0.789528400416667,16
mp-995201,-0.8566720775925931,18
mp-505527,-0.808110990370371,36
mp-1208204,-0.6829321166666641,16
mp-20847,-0.381651281666666,16
mp-7498,-0.757783390370368,9
mp-1208221,-0.8498283341025661,13
mp-1101049,-1.598985662142851,14
mp-8244,-1.375937897053571,14
mp-675920,-1.5291136653508821,19
mp-1193121,-0.761984236206896,29
mp-865235,-0.5638814393103441,29
mp-1208242,-0.227755846379309,29
mp-28913,-2.011288246190477,42
mp-1080829,-0.6677853580555531,9
mp-554098,-0.9166954207142841,14
mp-1217052,-1.388788056031745,9
mp-11750,-0.6854489058333301,9
mp-3337,-0.686153449999999,29
mp-20382,-0.39302460727272703,22
mp-540672,-1.530996540144928,46
mp-540671,-1.746946720289854,46
mp-1191079,-1.199295311233766,22
mp-673657,-1.672311393333331,38
mp-1217136,-0.7718418018888871,30
mp-640045,-0.210500001078431,34
mp-27919,-0.8287010371794871,13
mp-1217065,-0.16076476138889,12
mp-1017985,-0.054529908333332,4
mp-1953,-0.44695741333333305,2
mp-567705,-0.47273808805555406,12
mp-1217009,-0.38783133833333305,4
mp-542915,-0.43388963166666605,4
mp-1217017,-0.40432835458333205,8
mp-16481,-0.558657072222222,6
mp-5407,-0.6043146191666661,4
mp-4771,-0.335837534166666,4
mp-31187,-0.45416650083333204,4
mp-998980,-0.574893555833333,4
mp-7187,-0.623069183333332,4
mp-1217044,-0.473768206666666,8
mp-865441,-0.7750691391666641,4
mp-570713,-0.9877609472222221,6
mp-866153,-0.983009850833333,4
mp-866155,-0.830631444166666,4
mp-1822,-1.053863845833333,8
mp-17196,-2.189625841083333,40
mp-505540,-0.8726296427777781,12
mp-1208217,-0.7846650552777761,18
mp-998972,-0.47590774083333104,4
mp-1018123,-0.48334265888888606,3
mp-12635,-0.311209871333329,5
mp-7857,-0.877513585833332,8
mp-1145,-1.099568030555556,3
mp-1217028,-0.853483290416667,4
mp-1104067,-0.147714827948718,13
mp-2749,-0.19378267611111102,6
mp-866139,-0.5618180808333341,4
mp-1103465,-0.204800896249999,12
mp-866152,-0.422010977083334,4
mp-866154,-0.8116055345833341,4
mp-866143,-0.791811782083327,4
mp-752676,-2.371655990416668,16
mp-28214,-1.624886069583334,8
mp-569814,-1.658768930916667,40
mp-27849,-1.677342069444446,6
mp-631,-0.965351713333333,2
mp-30500,-0.072274210833331,4
mp-623024,-3.277109955416666,8
mp-695054,-2.6273583806812173,36
mp-13641,-2.671460970666666,10
mp-2017901,-1.807181748541666,16
mp-30092,-1.725360933333334,20
mp-823,-0.407105993333333,2
mp-4612,-0.499881817083333,4
mp-3657,-0.6928583329166661,4
mp-21467,-0.371400094583333,4
mp-22769,-0.587672052777777,9
mp-1102138,-1.122444915714287,12
mp-5967,-0.658718782222221,3
mp-21306,-0.7580421472222221,12
mp-1216972,-1.186376183333333,14
mp-11580,-0.9103525437698401,9
mp-2078,-0.138510230833333,4
mp-1077023,-0.11994215388888801,6
mp-541754,-0.488242698611112,12
mp-1188441,-0.08592577333333301,20
mp-1025502,-2.995819661666666,8
mp-1102042,-0.45810644805555706,12
mp-1216850,-0.30937436777777805,3
mp-20255,-0.564432879722223,12
mp-246,-3.669544359583334,8
mp-305,-0.42083015166666504,2
mp-2454,-0.283385237777777,12
mp-866375,-0.479640722083333,4
mp-866141,-0.6748571133333341,4
mp-19963,-0.269572492083334,4
mp-1095148,-0.669403793611113,9
mp-1208403,-0.5413344494444441,18
mp-1199430,-0.421329295416666,48
mp-1277107,-2.729712792666666,20
mp-1101870,-1.062793230992062,12
mp-10755,-0.431601187777778,3
mp-2766627,-0.6388502472222221,18
mp-8648,-0.7120907655555551,18
mp-21662,-0.645168550625,48
mp-961673,-0.650884536666657,3
mp-2767,-0.47163571541666605,4
mp-571342,-0.44140580027777704,12
mp-2731,-0.37412842645833305,4
mp-20145,-0.515181305208333,4
mp-1187459,-0.23654066770833201,4
mp-636320,-0.36047026270833205,4
mp-998964,-0.47178935270833305,4
mp-30656,-0.549284703611111,9
mp-30657,-0.5410241252083321,4
mp-1216876,-0.40348692635416505,8
mp-1025045,-0.647722110277776,6
mp-866140,-0.6581097702083271,4
mp-22662,-0.8136282252777791,6
mp-866157,-0.843888940208326,4
mp-865448,-0.620254325208332,4
mp-1103158,-0.718786286944444,12
mp-1208195,-0.593652570000001,18
mp-20268,-0.7103129894444441,12
mp-1008680,-0.9806829755555521,3
mp-1208205,-0.7800290711111091,18
mp-865640,-0.764102924166667,4
mp-1105715,-1.181045385166666,20
mp-574169,-0.334789833958332,16
mp-696940,-1.316578157345679,27
mp-24726,-0.53385849472222,3
mp-1189965,-1.868352776666666,17
mp-1205304,-1.588837904833334,20
mp-23264,-1.089017867083334,16
mp-541013,-1.031189425666664,10
mp-27848,-1.396928674444446,6
mp-1216825,-0.13931268999999902,4
mp-865548,-0.22475766500000002,4
mp-22725,-0.107351714999998,4
mp-866168,-0.5699135724999991,4
mp-866170,-0.6416888299999971,4
mp-1235,-0.8576200016666671,4
mp-1089,-0.7329219958333311,4
mp-1949,-0.272158438898467,12
mp-865531,-0.33561966979885105,4
mp-865652,-0.5069638372988511,4
mp-865678,-0.276929562298851,4
mp-865656,-0.24186066979885001,4
mp-1205741,-0.6500703595881221,9
mp-865537,-0.28086934531609303,4
mp-1216946,-0.189963339588122,12
mp-725932,-2.784313409455164,36
mp-1106030,-0.49917704042145605,18
mp-1204392,-0.42111617844109106,48
mp-19082,-2.9546040562528733,10
mp-1206854,-1.019088297524631,9
mp-865523,-0.570469517816091,4
mp-21606,-0.611703208232759,48
mp-1017983,-0.134486429166667,4
mp-492,-1.9426672827083311,2
mp-27850,-1.772338020972223,6
mp-1216943,-2.964467245427171,34
mp-1216715,-0.564487655416668,8
mp-774535,-2.9065197497408963,34
mp-29699,-2.903543185833335,20
mp-1216944,-2.889843011851853,27
mp-1216709,-0.8533943204166671,4
mp-1216692,-0.912196011111111,6
mp-1216707,-0.7829835516666651,4
mp-865653,-0.43279193791666104,4
mp-865655,-0.487201369166665,4
mp-1216909,-2.863743589895834,32
mp-1048,-0.39585502666666605,4
mp-1409,-0.482795142708333,16
mp-1216682,-1.940748564880951,14
mp-1102086,-0.7698371327777781,12
mp-16356,-0.6761965602777771,12
mp-18732,-2.596717666666666,10
mp-1102188,-1.065870581825397,12
mp-20952,-0.557564111111111,3
mp-924130,-0.529422349444445,3
mp-1071163,-2.907956279166666,6
mp-390,-3.5080554519444442,6
mp-291,-0.8292994383333291,2
mp-739,-1.288060888571429,8
mp-761010,-2.961131424511889,40
mp-1191155,-2.808509416051586,24
mp-1044343,-2.764524700721287,34
mp-27664,-1.547784684816025,22
mp-554704,-2.762470305840774,32
mp-989624,-1.057049672678572,20
mp-1541018,-3.166999982568028,14
mp-1095128,-0.9086597015476181,9
mp-10739,-1.079705236547618,9
mp-1193369,-2.001392863430059,28
mp-20459,-2.7305897856666643,5
mp-1061861,-0.6493621622222201,3
mp-1105911,-0.654274433541662,16
mp-998949,-1.003696203333333,4
mp-569708,-0.9275554123809441,28
mp-30852,-0.49484625518518505,9
mp-2179,-0.448716374583327,2
mp-1187511,-0.352883280416662,4
mp-865664,-0.40707848291666604,4
mp-1095145,-0.71234729194445,9
mp-2583,-0.7413721266666661,4
mp-1152,-0.6179574708333321,4
mp-592,-0.8397397358333331,2
mp-1018028,-1.719362965416666,2
mp-2156,-1.607513912777776,9
mp-9920,-1.341742255208332,8
mp-505270,-2.545002442083333,28
mp-2187,-0.553936993333334,4
mp-1043703,-2.678442103662465,34
mp-568,-0.40897059555555404,6
mp-2194,-1.426344962673612,3
mp-1216698,-1.524067237725696,3
mp-7092,-0.785364454583332,8
mp-1077503,-0.538035765555555,6
mp-1103248,-1.003030645277777,12
mp-510409,-0.821395529444443,12
mp-1105654,-0.853188988888891,18
mp-865680,-0.722548200416667,4
mp-1103162,-0.865217339722221,12
mp-1102195,-1.070705545555554,12
mp-672645,-0.9466052852777751,12
mp-11560,-0.9180728555555561,18
mp-865681,-0.9612671704166681,4
mp-865669,-0.582430327916668,4
mp-505113,-2.83530745557971,46
mp-961682,-0.6324236455555551,3
mp-30847,-0.938612322222217,3
mp-865707,-0.656580962083332,4
mp-865888,-0.6434530166666651,4
mp-11573,-0.518699978333334,2
mp-1187489,-0.40573391416666704,4
mp-866213,-0.395030951666662,4
mp-865809,-0.40152703916666604,4
mp-1187492,-0.267453366666664,4
mp-865810,-0.44598740166666606,4
mp-1907,-0.8244433122222241,3
mp-1216680,-1.319109275833335,3
mp-1216648,-1.21246843078125,3
mp-1216797,-1.7613155944444432,18
mp-10402,-3.054385301111113,9
mp-17986,-2.254204047916664,24
mp-1101020,-2.629262392000004,30
mp-9344,-0.6743097169444441,12
mp-1542940,-1.031747428601191,16
mp-690560,-2.586697433518519,18
mp-752445,-2.691691609333334,40
mp-1216763,-3.029616557666668,10
mp-1208170,-1.157058317380953,12
mp-865916,-0.46495339041666706,4
mp-865914,-0.49707345916666706,4
mp-1014230,-0.19293132666666601,2
mp-2327,-0.064307154901959,34
mp-1187531,-0.20619162583333,8
mp-865730,-0.35065394333333405,4
mp-865898,-0.34412606583333305,4
mp-865930,-0.166646768333333,4
mp-1403065,-3.323033731666666,8
mp-1216640,-0.374533804583333,4
mp-685281,-1.91753701301282,26
mp-865048,-0.7074610533333321,4
mp-1016108,-1.028000667083334,16
mp-865093,-0.401892963333332,4
mp-865079,-0.581745330833332,4
mp-861961,-0.7726216583333261,4
mp-82,0.0,2
mp-23691,-0.239929671730768,26
mp-28235,-0.8302822606666691,10
mp-8676,-0.45361788966666805,5
mp-5000,-0.31575110962499703,5
mp-569204,-0.326141221333334,5
mp-972032,-0.8475369471795051,26
mp-3411,-0.580913359598217,14
mp-766046,-2.07528514756411,13
mp-33436,-2.143019246133336,25
mp-758418,-1.576508002569448,48
mp-29741,-0.11461817125000001,16
mp-978990,-0.9380550697619111,28
mp-1199667,-0.780970229924243,44
mp-616190,-0.502335278125,44
mp-30571,-0.045777170000008006,6
mp-29898,-0.40882017379629804,18
mp-16183,-0.28725675440341003,22
mp-559093,-0.671671080079365,48
mp-543045,-1.492499028611114,12
mp-1208175,-0.6239641009523841,14
mp-557143,-1.4833446901515162,44
mp-558944,-1.150262691749282,29
mp-1025338,-1.887073892857143,7
mp-12307,-0.6816438457407381,36
mp-540818,-0.610636712598382,36
mp-1208162,-2.432599606666665,9
mp-653561,-0.700754508958334,32
mp-7277,-0.6634929456944351,12
mp-14242,-0.611030478949656,12
mp-29034,-0.418645059444446,48
mp-28639,-0.4114027853125,32
mp-569675,-1.100098677051284,13
mp-1188364,-0.42495339935186105,18
mp-1105692,-0.329950313194444,18
mp-989555,-2.381190492083334,10
mp-1201686,-1.726116859945024,36
mp-29562,-1.374365319629633,9
mp-18938,-1.659020907380958,14
mp-1206532,-2.058970368571429,7
mp-1203479,-1.9462261959754221,31
mp-27484,-0.8140924155555621,6
mp-1658,-1.100437307333334,40
mp-1194963,-1.996893419575592,46
mp-9510,-0.604043033288692,16
mp-28394,-0.40310797731894804,48
mp-570896,-0.15898911666666501,6
mp-1077950,-0.490430658809526,7
mp-1077903,-0.39388890401785404,7
mp-29889,-1.177903445238097,7
mp-28954,-0.446582548624996,10
mp-571160,-0.10629864666666801,6
mp-13801,-1.149196037878786,22
mp-30853,-0.16002005000000202,20
mp-28805,-0.660501517435897,26
mp-27834,-1.186853145185187,9
mp-1208181,-0.6365736812962931,18
mp-1077922,-0.45224912595238304,7
mp-22094,-1.304436474696969,22
mp-556516,-0.505116372129634,27
mp-30520,-0.498485183452379,28
mp-4112,-1.6714632416666682,28
mp-1208164,-2.389703741458336,16
mp-559961,-1.233286400215776,28
mp-5033,-2.836305280555557,9
mp-8190,-0.8455239856944421,12
mp-14241,-0.7155503406163201,12
mp-6023,-0.5746093356060611,11
mp-28011,-0.617530947738095,14
mp-27832,-1.431323001296296,9
mp-10401,-2.431131305555555,9
mp-540586,-1.497404127777778,24
mp-29237,-0.633619698324656,48
mp-28843,-0.45936764750000103,16
mp-29690,-1.365297354166664,36
mp-29711,-0.44422730733333504,10
mp-31076,-0.981408941481483,18
mp-27833,-1.2225430959259231,9
mp-31077,-0.641614162037035,18
mp-543028,-1.273872056180558,48
mp-18191,-1.289525664074077,27
mp-1208174,-2.137632212435899,26
mp-1208154,-2.614846212222223,9
mp-29556,-1.337106920740742,9
mp-19341,-1.698710534523813,14
mp-30532,-0.8696858452380951,14
mp-650442,-0.395670876250001,24
mp-15573,-1.426263464062504,16
mp-5704,-0.5420058321875011,32
mp-7684,-0.5120251563616111,7
mp-1201566,-0.5131132733593781,32
mp-17823,-0.6727081101562501,32
mp-4584,-1.6444112220238152,14
mp-29337,-0.632581811666666,14
mp-28490,-0.400568664241071,14
mp-1006059,-0.032464058750001,8
mp-980659,-1.3911309845,20
mp-28432,-0.8472754200000001,24
mp-27333,-1.225850265555558,18
mp-1205742,-2.447200462000004,10
mp-1205667,-2.278096453,10
mp-556717,-1.102230409814815,27
mp-1205554,-2.311866914,10
mp-17217,-0.43467413857143505,28
mp-554279,-1.560896924166667,42
mp-5709,-1.894393925580359,16
mp-16848,-0.672541053080357,32
mp-4160,-0.420518940215774,32
mp-8393,-0.549451358928571,7
mp-8378,-0.5444094793750031,16
mp-4876,-0.43585700674107103,28
mp-1133284,-2.6615656709090922,22
mp-568020,-0.450613075357142,28
mp-1192129,-2.128513405,22
mp-29047,-1.670863315000004,8
mp-5513,-0.855684195,8
mp-1025549,-0.6548193320312481,8
mp-23408,-0.6316266425757591,44
mp-1191858,-1.151453162083336,24
mp-17207,-0.63313192814815,18
mp-1196396,-0.6013629875231511,36
mp-27684,-0.9325564547619061,14
mp-1195087,-0.49371276808594106,32
mp-1201442,-2.636476214206347,42
mp-8479,-0.7548987675925951,18
mp-28334,-0.6693635839120391,36
mp-5818,-0.626693228981483,36
mp-20740,-0.48408583479166906,16
mp-541368,-1.822846709102569,13
mp-560760,-2.034218570320514,26
mp-1195546,-0.5833625858432541,48
mp-1216976,-0.546418544104167,40
mp-27220,-1.253834989924244,44
mp-28921,-0.676213200169275,16
mp-28920,-0.717589773919271,32
mp-23488,-0.610619385169277,16
mp-568380,-0.41504858683594303,32
mp-27938,-0.76957963977273,22
mp-27228,-1.901782148000005,30
mp-14410,-1.202291198771932,19
mp-8387,-1.10165522512821,13
mp-621624,-0.022725861481485,27
mp-675989,-0.456963439960937,16
mp-34361,-0.46176819375000105,16
mp-1297,-0.23575960045454503,22
mp-676274,-0.42728642277344103,16
mp-34292,-0.43960323375000604,16
mp-1216727,-0.4509001503125,16
mp-1208132,-2.121469591678572,40
mp-677611,-0.508144277249999,20
mp-997010,-0.817037913750001,8
mp-1195701,-0.301304275443949,48
mp-29238,-0.312412854687498,12
mp-5874,-0.35272851805556105,12
mp-555911,-2.296651909062499,8
mp-754214,-1.408863723472221,12
mp-11873,-0.37178084464285804,7
mp-4988,-0.511326553333333,32
mp-28368,-0.99616455138889,12
mp-1194874,-2.585224010648147,36
mp-30548,-2.786053656249999,24
mp-28244,-2.193856436875002,32
mp-8946,-0.7129788381249981,24
mp-29959,-0.297648988937498,10
mp-1208190,-1.8472414331944451,48
mp-556592,-0.640154575761904,20
mp-567864,-0.523172343418156,40
mp-1194570,-1.829850562152778,48
mp-2903109,-1.496538960052082,48
mp-1208096,-1.9791282619444441,24
mp-1189438,-1.428534986333341,20
mp-1208058,-2.529673092499998,28
mp-674849,-2.3940643525,12
mp-556665,-0.641402386374458,44
mp-554310,-0.6623738170833361,4
mp-29662,-0.5126263132812451,4
mp-27438,-0.520886999166666,4
mp-568949,-1.151021851666669,4
mp-27398,-1.00917739402778,24
mp-731800,-0.7912007239583361,16
mp-28218,-1.434297047166665,20
mp-998759,-2.230411701,40
mp-866188,-0.07693455249999501,4
mp-7379,-0.116218627499999,12
mp-571079,-1.325818244166667,4
mp-27205,-1.225642896111116,12
mp-1206058,-1.1244716308333351,8
mp-30530,-0.6997980705555561,6
mp-645568,-1.971569551736112,48
mp-1208083,-1.635725313611112,12
mp-561221,-1.7782296165277771,24
mp-542443,-0.9480949884259261,18
mp-1190043,-0.7903004255613421,18
mp-541823,-0.972783299523795,14
mp-3407,-0.8033795887202351,14
mp-1216839,-2.605742392592593,18
mp-17021,-2.489753267056277,44
mp-4638,-0.46606130916666805,4
mp-541202,-1.387891040833333,28
mp-541201,-1.919917295068028,28
mp-1190539,-0.594400572996031,24
mp-569129,-0.47757952875124104,24
mp-14090,-0.300412359531247,8
mp-720,-1.871560961250001,8
mp-2632,-1.974226001249999,16
mp-645796,-1.829072953194446,48
mp-1208045,-1.791656053194445,48
mp-29423,-1.02633816638889,24
mp-569348,-1.266562929930557,48
mp-570609,-1.563589807638889,24
mp-570306,-0.849844910972226,24
mp-4016,-0.8847134923958341,32
mp-17254,-0.6917579945312471,32
mp-3785,-0.578234344791667,8
mp-998746,-1.026766474666667,20
mp-2037716,-0.9864945005000011,10
mp-998743,-1.284060811666667,10
mp-3075,-0.640596573958334,32
mp-24375,-0.927092280333334,20
mp-696189,-1.006025180946969,44
mp-1068746,-0.27469800174999903,5
mp-11474,-0.027266808124998,4
mp-628647,-0.6809305142592621,36
mp-571582,-0.619850336481484,36
mp-1105094,-1.14219509716667,20
mp-998758,-1.700206235000001,40
mp-571102,-0.8661446141666691,2
mp-28329,-0.624703427083337,16
mp-22981,-0.968889334666667,5
mp-605771,-1.900921587500001,48
mp-19985,-0.5586050983348221,20
mp-1208155,-0.8980371879545441,22
mp-505747,-0.759767671805546,24
mp-562480,-0.7929937014743581,26
mp-557583,-1.732228381818182,44
mp-2767078,-1.159147515499998,10
mp-20042,-0.7771798081250011,8
mp-22232,-0.6729150770312481,8
mp-22791,-0.570600623333335,8
mp-17542,-2.150051524775132,36
mp-5915,-0.9875068636666691,40
mp-696762,-1.908877184304315,32
mp-1199029,-2.125657485579004,44
mp-27411,-0.044324999146825,24
mp-540850,-2.654474766622025,32
mp-27144,-2.257728706095238,40
mp-13676,-2.058387272162699,12
mp-510646,-0.725460402568026,28
mp-1025348,-0.41703609113945506,7
mp-1025383,-0.28669472542517405,7
mp-8249,-0.6252910000952391,10
mp-560133,-1.395477406969696,44
mp-1208131,-1.990072608055555,36
mp-7038,-0.458453154531251,12
mp-1079938,-0.237091308749995,8
mp-5478,-0.9432176497916661,16
mp-998786,-1.592664701999999,5
mp-9272,-0.691701527638893,12
mp-541487,-0.5280740395312521,12
mp-1208033,-0.881812971666668,16
mp-560005,-1.029938029833332,40
mp-23635,-0.8721349548379631,36
mp-1190566,-1.890005829305557,24
mp-1208021,-1.654947290138888,12
mp-1105300,-0.604686315761904,20
mp-1105142,-0.48534710316815505,20
mp-1199017,-2.51956744219697,44
mp-1208201,-0.553582197348484,44
mp-542839,-0.12485336249999501,24
mp-1208011,-1.251580176666667,16
mp-29286,-2.499807136388887,24
mp-8348,-2.626026584166668,8
mp-557787,-1.712667447666664,20
mp-28230,-0.5820723845833351,16
mp-567318,-0.38881093203124806,16
mp-4573,-0.439535854166667,4
mp-1216623,-1.9324542437037042,18
mp-1836,-0.37315311578124905,8
mp-676130,-2.216028051500001,40
mp-17649,-2.343756699444444,36
mp-1205533,-0.8054596336666701,10
mp-6057,-0.6800324797108841,28
mp-9251,-0.640955723055553,12
mp-29903,-2.414693193928571,28
mp-1208013,-1.9731049465277781,12
mp-18853,-1.896817975,20
mp-1198439,-1.389782752017545,38
mp-622278,-2.073954743194445,48
mp-645272,-1.8642452621122692,36
mp-1216804,-1.933473244416689,40
mp-18996,-2.191476307361112,24
mp-1208048,-1.7159095653971361,32
mp-639714,-1.82178352375,32
mp-18578,-1.683771338333335,28
mp-998745,-2.328041165000002,5
mp-18168,-2.22510710185374,28
mp-23146,-1.771604434166667,32
mp-143,0.0,2
mp-865864,-0.335504194615385,13
mp-1104873,-0.428509419230768,13
mp-1208007,-0.348328116923076,26
mp-979041,-0.490421312857141,14
mp-1216745,-0.38750917461538403,13
mp-1216757,-0.39317704307692203,13
mp-1206602,-0.37989074600000106,5
mp-10857,-0.534900606000002,10
mp-1178924,-0.510415907962962,18
mp-1197448,-0.500633156296296,36
mp-772186,-0.9807336078125001,32
mp-1205300,-0.32827201447368504,19
mp-1190291,-0.5111135646296291,18
mp-5983,-0.5863840020000041,5
mp-3262,-0.793586902,5
mp-567808,-0.45825915800000105,5
mp-754220,-2.098162528571428,14
mp-1216740,-1.001287381919642,14
mp-4903,-0.609068221999999,5
mp-2514049,-0.6240276321428591,28
mp-12076,-0.45197801166667,5
mp-4660,-0.44005815599999903,5
mp-1197758,-0.27797960230769203,39
mp-2938,-0.6499582460000021,5
mp-1103553,-0.322895428076923,13
mp-570843,-0.853134554000002,5
mp-1192459,-0.7732981046428551,28
mp-570907,-0.6268690720000021,5
mp-1103516,-0.340914733209549,13
mp-3985,-0.46702741717240803,5
mp-5641,-0.323664321352786,13
mp-1207007,-0.603600003172415,5
mp-4298,-0.13405122673740402,13
mp-1104519,-0.6200749178571441,14
mp-1104140,-0.8355058556122451,14
mp-4195,-0.665955976,5
mp-570100,-0.9980335898571441,5
mp-4469,-0.82272551,5
mp-542391,-0.44823435269231204,26
mp-570217,-0.8005515119999981,5
mp-571485,-0.8915453320000031,5
mp-7108,-0.9986962220000011,5
mp-8528,-1.107931958000002,5
mp-568371,-0.878323264000002,5
mp-1025238,-0.527612968095241,7
mp-1204728,-0.31318557617325504,41
mp-1199158,-0.681152800000001,42
mp-1208128,-0.381079622020477,32
mp-1208126,-0.446133765750002,40
mp-1208024,-0.30573990444445004,18
mp-1208192,-0.18397933784314202,17
mp-1207988,-0.8522076760714291,28
mp-1208005,-0.818823629642863,28
mp-1205483,-0.9774283147727291,11
mp-1194327,-0.46989243839285805,28
mp-1208073,-0.649374968392859,28
mp-1208059,-0.688458111250002,28
mp-21608,-0.357758620172412,29
mp-1102968,-0.5931435159090921,11
mp-979176,-0.46825434062500104,4
mp-865279,-0.39871063374999904,4
mp-865282,-0.40883406291667,4
mp-12005,-0.565788572857142,7
mp-1069611,-0.580645606000003,5
mp-10530,-0.762101785999999,5
mp-1095690,-0.7643416283333361,12
mp-1203429,-0.702599367222223,36
mp-1208020,-0.67171365361111,36
mp-1196973,-0.7216724586111111,36
mp-1207992,-3.597782614583334,24
mp-1216546,-0.506237413333333,3
mp-13039,-2.526824120714288,7
mp-1205861,-0.29299822000000403,10
mp-1079644,-0.669781885000004,10
mp-865302,-0.36231210666667,4
mp-1207238,-0.8158370540000001,10
mp-4324,-1.9535404828571452,14
mp-979046,-0.796178721547619,21
mp-1196360,-0.086974545526317,38
mp-971855,-0.7231184285000001,20
mp-1079667,-0.744744143000002,10
mp-1205659,-0.7524101970000011,10
mp-1025181,-0.336101299285716,7
mp-865306,-0.38454446000000003,4
mp-865319,-0.403783090000001,4
mp-1190707,-0.7167914105952361,21
mp-1208084,-0.08871759090909001,44
mp-9211,-0.680584497857144,7
mp-1196684,-0.660502049249998,40
mp-7085,-0.314104984999998,14
mp-1206971,-0.6957865480000021,10
mp-647243,-0.5010531380000011,30
mp-1216524,-0.6712159700000011,6
mp-1206838,-0.442759025500004,5
mp-1207025,-0.605922799500006,5
mp-14708,-3.085245870681825,44
mp-1106240,-0.613841463500003,20
mp-770379,-3.408265423750012,32
mp-21486,-0.45745120333333406,6
mp-1216746,-0.47936551625000506,4
mp-1078625,-0.9257234940000041,10
mp-1078916,-0.460901496000002,10
mp-1068283,-0.5450784953333341,5
mp-21205,-0.8817612843333301,10
mp-865354,-0.9862579600000021,4
mp-866085,-0.9737402075000051,4
mp-865381,-0.720227205000003,4
mp-865323,-0.05522960333333501,6
mp-865356,-0.24390844875000503,4
mp-1205970,-0.262862837000002,10
mp-865403,-0.737631401000001,10
mp-865359,-0.27139650541666904,4
mp-1206769,-0.39864212600000404,10
mp-1232279,-2.175668390000003,14
mp-1206569,-0.654656977000003,10
mp-1190589,-0.716228840841543,21
mp-755041,-2.92900769007837,22
mp-505330,-0.5919053858793101,40
mp-1025369,-0.512303087142856,7
mp-1208057,-2.527332158333333,42
mp-31123,-3.208992745277777,36
mp-972759,-0.521566420595239,21
mp-541971,-0.769714850595237,21
mp-1206382,-0.5300267819999981,5
mp-1095204,-0.613359536000002,10
mp-865367,-0.47795408250000104,4
mp-1767,-4.090072903500003,40
mp-581968,-0.842583276000004,10
mp-865384,-0.7309803975000011,4
mp-1102133,-1.102332915833334,12
mp-1101257,-2.489978588181823,22
mp-1200427,-0.544836824500006,40
mp-1195760,-0.67461150388889,36
mp-1105554,-0.45637126400000305,20
mp-1187585,-0.6460549550000041,4
mp-866119,-0.876507530000002,4
mp-866122,-0.722199970000003,4
mp-18529,-2.3810565144374998,40
mp-3556,-3.622715177500004,5
mp-1216529,-1.31969964166667,4
mp-1208051,-0.87006419138889,36
mp-1189318,-2.1730045684375,20
mp-753920,-3.518511036468754,5
mp-1095467,-3.7132802795454642,11
mp-1208008,-0.860124370833335,24
mp-2766504,-0.927188632083333,24
mp-1188982,-0.7188061305555581,18
mp-1216853,-0.201851553854166,48
mp-3334,-3.032940869545466,22
mp-1188133,-1.634462023000003,20
mp-555236,-2.205418816916668,40
mp-1101266,-3.271226042333336,10
mp-780172,-3.053953418981482,36
mp-1216554,-2.136118575124999,5
mp-771323,-3.806610549924245,44
mp-752579,-3.914610188854153,32
mp-866120,-0.405420333750001,4
mp-977589,-0.291291478333342,4
mp-981381,-0.47860792437500504,4
mp-778814,-3.341016665000002,36
mp-30714,-0.252925520263159,19
mp-865351,-0.41541728000000405,4
mp-1207816,-0.67658443,38
mp-1208023,-0.6549096544736821,38
mp-1191848,-0.599010835454547,22
mp-568519,-0.613424434545454,11
mp-1102518,-0.684905152727274,11
mp-1095591,-0.47122788636363805,11
mp-1192294,-0.5823868750000021,22
mp-9694,-0.8842385700000011,11
mp-1206804,-0.362346764074075,9
mp-1208086,-0.7341946557881731,29
mp-1208056,-0.834067574482764,29
mp-1192110,-0.6911088972727291,22
mp-982635,-0.381802175000004,20
mp-1018641,-1.124935117750001,5
mp-1191016,-0.639602648106063,22
mp-1207959,-0.6655634087500021,16
mp-12838,-0.719955024285717,14
mp-1202141,-0.6461011415000031,40
mp-30677,-0.713883603437501,32
mp-1206164,-0.6629650408333371,9
mp-1105861,-0.7826875550000011,16
mp-1104486,-0.7509899571428561,14
mp-19847,-1.224040253750001,5
mp-1188237,-0.6270144081250041,16
mp-1208031,-0.270161962500003,16
mp-1005955,-0.5446391019444451,24
mp-1207975,-0.369382682500003,16
mp-22542,-0.558029175000005,5
mp-1104675,-1.008149207857144,14
mp-865404,-0.6635613746969701,22
mp-1207837,-0.367259828750006,16
mp-1188981,-0.874198408,20
mp-768450,-2.681940301249999,40
mp-2207479,-3.4628041222727273,22
mp-1207982,-0.7974794150000031,14
mp-1208006,-0.7497528991891871,37
mp-1207999,-0.9971951210810811,37
mp-1095577,-0.674896007045457,11
mp-1207978,-0.49857727909090904,22
mp-1208012,-0.5329173945833421,24
mp-1207915,-0.30265230333333604,24
mp-1208067,-0.45542952500000106,24
mp-1208037,-0.612763339166676,24
mp-1217007,-0.21136025285714802,21
mp-1188759,-0.6225072100000001,17
mp-1189923,-0.8941731500000021,17
mp-13511,-0.7584992433333351,11
mp-582278,-0.569057211944449,24
mp-1208060,-0.14895231125000602,24
mp-1208029,-0.20484837166667003,24
mp-1208049,-0.403837350416671,24
mp-1191950,-0.358732965238095,21
mp-1205529,-0.401449805909096,11
mp-16189,-0.5203643666666681,30
mp-1216821,-3.982846345789477,19
mp-1198925,-0.639259868157894,38
mp-1196159,-0.607142736086958,46
mp-1198165,-0.752762727105261,38
mp-21810,-0.780097266842105,38
mp-1207953,-0.974331026666673,18
mp-1191271,-0.516117088333335,22
mp-1191268,-0.6807017574242441,22
mp-1208203,-0.9600031213636321,22
mp-10094,-3.39353643921053,19
mp-1202399,-0.8539397786842121,38
mp-11749,-1.028847574444445,18
mp-1199949,-4.045778714924244,44
mp-1208046,-0.745004363750005,32
mp-1207987,-0.7732565018749961,16
mp-1216929,-0.8888853826587291,36
mp-1188310,-0.797719528125004,16
mp-1188096,-0.736165645000004,18
mp-1196455,-0.8368535702777811,36
mp-1208206,-0.5379580688888831,18
mp-1105081,-0.7115046914285751,14
mp-1198195,-0.8790599265625061,32
mp-1993,-0.033175157931035,29
mp-1208016,-0.46771581125000505,16
mp-1207984,-0.5756365950000051,16
mp-1216942,-0.7948602340476211,36
mp-1189518,-0.492149233749999,16
mp-1204885,-0.46992400250000205,36
mp-1207951,-0.41484466714285906,14
mp-1189245,-0.777744898125003,16
mp-1104150,-0.40419193285714805,14
mp-543052,-1.001502667500002,32
mp-1207986,-0.8597478568749991,16
mp-1189863,-0.7893272843750011,16
mp-1189210,-0.691902048125004,16
mp-1190038,-0.42228418250000005,16
mp-1195749,-0.810156870277778,36
mp-980195,-0.41825327862069106,29
mp-1208052,-0.35438516555556304,18
mp-1206935,-0.414423482222225,9
mp-11204,-0.5918239455555631,9
mp-971844,-0.31004535472222905,18
mp-1188961,-0.385536019166668,18
mp-1208240,-0.283789172962966,18
mp-1192498,-0.020262492497029,29
mp-10342,-3.681282751710513,19
mp-756123,-3.757400671578949,19
mp-540856,-0.41727942770833903,24
mp-1192642,-0.34256539625000604,24
mp-4193,-0.54590742896552,29
mp-2796,-0.35540010249999904,2
mp-13385,-0.6726817135327391,20
mp-30359,-0.35005619333333404,3
mp-1078772,-0.6274370800000051,9
mp-20522,-0.328322975000002,9
mp-2755875,-1.537189252968751,32
mp-6917,-0.5470716238888871,6
mp-16721,-0.47079037250000105,16
mp-858,-0.5705990833333341,6
mp-16517,-0.650823310000001,8
mp-979040,-0.45383418499999906,8
mp-1190028,-0.654925670000003,18
mp-16518,-0.535107126666667,12
mp-16627,-0.558152500454543,22
mp-980426,-0.353009867499999,4
mp-1102248,-0.8928906191666681,12
mp-1191390,-0.502544788194446,24
mp-865402,-0.515470264444445,9
mp-1216694,-0.330768027499999,12
mp-1216531,-0.627443443333334,3
mp-1072024,-0.6259385966666691,6
mp-1087523,-0.624757379999999,9
mp-1216573,-0.537411443333334,6
mp-1095667,-0.947572352500003,12
mp-1095579,-1.2937413383333332,12
mp-568685,-0.9473090383333371,12
mp-571506,-0.6579492866666681,6
mp-1101,-1.775536726249999,2
mp-771977,-2.858623212916666,12
mp-1102079,-1.750773764270834,12
mp-1103398,-1.543236955781253,12
mp-2011459,-1.611563001354165,12
mp-1017507,-1.006067452499998,4
mp-560,-0.9735891799999951,3
mp-568247,-0.7942506437499971,8
mp-1068348,-0.658681100000001,5
mp-1104905,-0.266125806153847,13
mp-800,-0.734535728333334,3
mp-15604,-0.6533817550000011,32
mp-1077393,-0.6948531963888911,6
mp-1188249,-0.620341858333334,16
mp-1188615,-0.650248026458334,16
mp-5620,-0.484045333055558,6
mp-568143,-0.648248198499999,20
mp-982777,-0.597919728194452,24
mp-13343,-0.627572566527779,24
mp-971813,-0.65314756861111,24
mp-1208003,-0.602067534318184,44
mp-1103146,-1.1244805872916661,12
mp-5438,-0.822294699833335,5
mp-1193090,-0.184453126428572,28
mp-23234,-0.9863939075000011,2
mp-546350,-2.428541616875002,8
mp-546082,-2.481416511250001,8
mp-552738,-2.336686201875002,8
mp-1206744,-1.015771948333333,3
mp-1207057,-1.16265573166666,3
mp-865301,-2.229875896250003,8
mp-754969,-3.361061613333336,6
mp-2502,-0.291594430000003,2
mp-11311,-0.256063600000003,3
mp-30502,-0.218507263750002,8
mp-865873,-0.26401218333333304,4
mp-1205911,-0.623908175555555,9
mp-1206022,-0.24521019500000002,6
mp-865983,-0.318185343750007,4
mp-1072553,-0.363832315,6
mp-865982,-0.7535983124999951,4
mp-865206,-0.6039427575,4
mp-28044,-2.512653630624999,8
mp-772295,-3.582121096666667,6
mp-632,-0.24495784500000303,6
mp-5714,-0.51652093138889,6
mp-1204407,-0.9363528082142881,36
mp-1195792,-0.838970944880953,36
mp-1207976,-0.6203706361111111,24
mp-19754,-0.34061066833333303,6
mp-13502,-0.35491821500000104,4
mp-1101079,-0.6760293566666621,12
mp-1102633,-0.72735799416667,12
mp-1103069,-0.47602371083333606,12
mp-1191371,-0.6923985356944451,24
mp-777295,-3.2474085135,20
mp-22647,-2.789211074166669,12
mp-1105987,-2.5521943835185192,18
mp-985,-0.300832150000001,2
mp-1077209,-0.29411704333333405,6
mp-1025116,-0.246742937500002,6
mp-30600,-0.197939671666667,6
mp-1208066,-0.24838652821428603,28
mp-10994,-0.899393981249999,8
mp-1077392,-0.664082501666667,6
mp-20663,-0.35469634833333,6
mp-1216911,-1.34976200125,12
mp-640324,-1.2287362040885421,24
mp-12455,-1.591410292656252,16
mp-8123,-0.727845513333335,6
mp-1077167,-0.5246540633333321,6
mp-865194,-4.181989037499999,4
mp-571183,-0.140893068333336,6
mp-1205538,-0.5267424930000011,10
mp-1103015,-0.112559290833335,12
mp-1102205,-0.257566533194445,12
mp-1201193,-0.7496774068253981,36
mp-1207990,-0.6498716536111121,24
mp-1065301,-0.735771057500002,4
mp-1956,-0.680468718333332,6
mp-1025504,-0.6555273137500001,8
mp-1106118,-0.552256118611111,18
mp-11392,-0.855626688749999,8
mp-1187644,-0.545792537499998,8
mp-1207932,-0.557037808000003,15
mp-17424,-0.578806804499999,15
mp-1095433,-0.5167418233333321,12
mp-1025257,-0.455751855357142,7
mp-1103824,-0.31690052928571505,14
mp-1216663,-0.882031434999997,6
mp-1101855,-0.664154690000002,12
mp-1103022,-0.9615924341666661,12
mp-1103049,-1.111987115833338,12
mp-865195,-0.881769229375001,4
mp-998911,-0.835538727500004,4
mp-13037,-0.597020813333333,6
mp-1203054,-0.529100955625001,48
mp-1072888,-0.799296619999995,6
mp-1102700,-0.9533937975000081,12
mp-980202,-0.976941646666672,18
mp-1189166,-0.9126665006250001,16
mp-1102110,-1.125458032500003,12
mp-22794,-0.9913266666666691,12
mp-20888,-0.7349439133333361,12
mp-24727,-0.7999909591666661,3
mp-1190688,-2.435831701666668,24
mp-1191179,-0.723427301562502,24
mp-1207968,-4.281529448888891,18
mp-865215,-0.629760687499999,4
mp-11475,-0.565094673750003,2
mp-865327,-0.363315783124996,8
mp-865353,-1.6199333250000012,8
mp-27439,-3.102426840000003,6
mp-20848,-0.5408335000000011,2
mp-1207945,-0.630066700583334,40
mp-21177,-0.470479222499999,4
mp-1206161,-0.36392384761905106,7
mp-569440,-0.39610014249999903,4
mp-1092318,-0.852922887777778,9
mp-1024957,-0.32792603333333104,6
mp-1101052,-0.49496045777777903,9
mp-20896,-0.40601214944444103,6
mp-1078235,-0.8061658700000011,9
mp-567348,-0.8462060066666681,4
mp-20103,-1.139411601111116,9
mp-21232,-0.749182950000002,9
mp-865211,-0.7958948091666671,4
mp-11483,-0.9546286100000051,2
mp-30743,-0.8452270983333351,6
mp-1187611,-0.35891849666666403,4
mp-980669,-0.23751595666666903,4
mp-1187606,-0.30828673166666903,4
mp-983312,-0.442904681666666,4
mp-980071,-0.268263953333342,4
mp-1505,-0.074637222500001,2
mp-1187676,-0.063338973333335,6
mp-1206263,-0.251416111111114,9
mp-971868,-0.293119659583333,4
mp-1206259,-0.668007817222225,9
mp-865225,-0.7831241212500021,4
mp-865227,-0.24973138875000203,4
mp-11156,-0.46062049416667006,9
mp-865981,-0.424158312500002,4
mp-20979,-0.336304389444448,9
mp-1205919,-0.688070258333333,9
mp-1187590,-0.8383072487500011,4
mp-978984,-1.051589876250003,4
mp-865230,-0.766771506249997,4
mp-1072345,-0.5112737350000001,6
mp-1206000,-0.270035252777785,9
mp-865233,-0.31991932125,4
mp-2751309,-0.092649795676392,13
mp-980811,-0.014119485782494001,13
mp-1207725,-2.660034671982766,32
mp-1207690,-0.22417650827586103,13
mp-1207706,-0.6875569290996181,24
mp-554211,-3.098161968586209,30
mp-1194343,-2.595650299285715,28
mp-559178,-2.685963249285715,14
mp-557086,-3.006063736785715,28
mp-1975,-2.152056234375003,2
mp-555109,-3.5836585325,12
mp-865248,-0.385074432500005,4
mp-11525,-0.49790659000000304,8
mp-1576,-0.49519799500000206,48
mp-6754,-0.5216586322222231,6
mp-1102684,-0.44610512083332404,12
mp-1077547,-0.410863023333333,6
mp-10129,-0.5115989590277781,12
mp-11526,-0.338314189999998,6
mp-1207672,-1.035815900833338,12
mp-1190739,-0.562308086944445,24
mp-568269,-0.650753763333339,3
mp-4037,-0.34481952000000005,4
mp-21157,-0.812686090000003,12
mp-1207716,-0.678224928125001,16
mp-1102558,-1.21569851071429,12
mp-4025,-0.9622721633333361,3
mp-1102179,-0.6609086283333341,12
mp-1197522,-0.537286038541668,48
mp-1207669,-4.330688134166668,12
mp-1102316,-0.44934463916666806,12
mp-7171,-1.844200528988096,2
mp-9852,-0.616732226646824,12
mp-5884,-3.519950872440477,12
mp-1207674,-1.270178868214287,12
mp-7169,-1.487898745992059,3
mp-1192180,-1.7597188231795662,24
mp-1216536,-4.201934376666671,6
mp-862776,-0.361860437499998,4
mp-862777,-0.45374785000000606,4
mp-865788,-0.243465782499995,4
mp-19820,-0.21422539249999803,4
mp-348,-0.983058719999998,2
mp-982,-0.953765537499997,4
mp-1025409,-1.4474608525000001,8
mp-2351,-1.161888827499999,4
mp-1101985,-0.28836453416667,12
mp-11564,-0.9775269550000011,2
mp-30865,-0.7626616383333351,6
mp-865787,-0.585495602499999,4
mp-10714,-0.538234423000005,5
mp-1207705,-2.607933880000002,20
mp-1101770,-0.37800711666666803,12
mp-1206773,-0.25931206100000204,5
mp-1766,-2.17894752140625,2
mp-2520,-1.292321835000002,2
mp-1207831,-2.888450341666665,24
mp-16314,-1.378186306666667,3
mp-1207702,-1.041736564166669,12
mp-1216586,-3.498891860333334,10
mp-980206,-0.47222434625000004,4
mp-2822,-1.898432479531251,2
mp-558516,-2.500065102890626,24
mp-1207668,-3.167045857187501,12
mp-557457,-2.826438744557293,24
mp-1066975,-0.885302892500003,4
mp-1025393,-0.813447255000001,8
mp-1207851,-0.6959725986110891,36
mp-1079093,-0.6339032611111131,9
mp-1207675,-1.102185167500004,12
mp-1188299,-0.992939837500002,16
mp-1095501,-1.207419566666669,12
mp-1190240,-1.177647143125001,16
mp-20308,-0.8385795433333361,12
mp-1205703,-0.591394065000001,10
mp-1077102,-0.53682306166667,6
mp-3462,-0.8328357016666691,3
mp-1025129,-0.581840008333331,6
mp-1080427,-0.8553824150000051,9
mp-1078911,-0.92147422388889,9
mp-3942,-0.8957184762499991,4
mp-1080806,-1.081900579444446,9
mp-11974,-0.903144980555552,9
mp-865252,-0.8356537712500011,4
mp-865249,-0.411949098749999,4
mp-12933,-3.748626714555557,12
mp-865270,-0.428353349333328,4
mp-865262,-0.45807925183333204,4
mp-1102890,-0.274062846666666,12
mp-1094027,-1.4075137149999999,4
mp-980648,-0.47941711749999705,4
mp-1207686,-3.5481689280555573,12
mp-15293,-0.6958948594444481,6
mp-515,-0.387422700000001,2
mp-1207819,-2.387890309444446,48
mp-1207739,-2.5121712036111132,24
mp-817,-0.23022770749999902,4
mp-865288,-0.5773008233333351,4
mp-1066791,-1.731886729583327,4
mp-1067280,-1.595562889531248,4
mp-1008561,-1.2342258841666611,4
mp-755258,-3.320021488000004,20
mp-19068,-3.216402385833336,12
mp-1178946,-0.43845394625000006,16
mp-2316,-0.40473448250000005,2
mp-1103916,-0.19085303923076902,13
mp-569406,-0.445124533333334,6
mp-1189726,-0.395408230000001,16
mp-1071694,-0.6318103516666671,6
mp-1207947,-0.624468167500002,12
mp-1103059,-0.772805517500001,12
mp-1207955,-0.7571525666666681,12
mp-865299,-0.716732584999998,4
mp-1207958,-0.5327887333333361,12
mp-1207980,-4.225493081111111,18
mp-865277,-0.5661062575000011,4
mp-567807,-0.8829349900000001,6
mp-44,0.0,2
mp-1199103,-0.131455151304346,46
mp-17188,-0.21980792695652102,46
mp-7248,-0.21009880000000902,13
mp-4606,-0.316695899230777,13
mp-20548,-0.26410529653845904,26
mp-1193796,-0.505896983846154,26
mp-2011402,-0.348283970714285,14
mp-568155,-0.17870322285714102,14
mp-15355,-0.497272020555559,36
mp-27775,-2.552848464444443,9
mp-23013,-2.890192732999995,20
mp-1079975,-0.33895544599999805,10
mp-611623,-0.898737850190474,10
mp-21429,-0.529430875999997,5
mp-2971,-0.16759126333333502,9
mp-21478,-0.7276730941904751,5
mp-22374,-0.43500546900000303,5
mp-1087505,-0.5170871638888891,9
mp-570631,-0.792370403857076,5
mp-21053,-0.5444340238655461,17
mp-20924,-0.49411735799999607,5
mp-643092,-0.22730207807692102,13
mp-30143,-1.820930397272725,22
mp-1103857,-0.5804031272871211,14
mp-20341,-0.217481785172414,5
mp-21338,-0.9948261604999971,15
mp-20048,-0.6779380948979571,14
mp-27980,-3.674992431999997,5
mp-2767094,-2.615519179229691,34
mp-20326,-0.962011071587299,18
mp-13836,-2.237327120555554,18
mp-5510,-0.23593733999999802,5
mp-22758,-0.8008096099999981,10
mp-20596,-0.547429825999996,5
mp-5786,-0.515127341999996,5
mp-4793,-0.734372137000002,5
mp-21101,-0.7479800819999951,10
mp-5556,-0.9653341109999981,5
mp-3388,-0.620301725999998,5
mp-1202337,-0.09482150326086901,46
mp-1197936,-0.050741590434782005,46
mp-1203280,-0.15746558869565902,46
mp-1202410,-0.074089104565216,46
mp-1198503,-0.184136989782608,46
mp-1199869,-0.130074176521738,46
mp-1217494,-1.4718961605443521,31
mp-37167,-1.338264491971408,47
mp-674332,-3.642409971145831,48
mp-1207966,-0.627252994285716,28
mp-1216639,-0.29528358937499904,8
mp-541853,-0.257445067068971,29
mp-1217050,-0.085578625624995,8
mp-10130,-0.31964163224138403,29
mp-1207979,-0.470882303636363,11
mp-8894,-0.16949308833333201,18
mp-3583,-1.628152047999998,5
mp-1216688,-1.479693656328123,4
mp-1173089,-0.990185982460933,8
mp-1195876,-0.568251885277776,36
mp-1203029,-0.550174378055553,36
mp-27468,-1.441595132499998,5
mp-2625,-0.29036452149999803,20
mp-1216828,-0.9425797096875,4
mp-1216673,-1.026930245703127,4
mp-27661,-2.7038389922222192,9
mp-1187852,-0.6466289683730141,21
mp-1102473,-0.35718950833333,12
mp-1102105,-0.464442074999998,12
mp-21178,-0.49896237199999804,20
mp-1217046,-0.35656752199999703,10
mp-28687,-0.358703417954544,11
mp-20276,-3.914583259999998,22
mp-865419,-0.6799405258333161,21
mp-21357,-0.15102722799999502,10
mp-20917,-0.266671070833335,12
mp-1216783,-0.37069824499999804,12
mp-1105639,-0.47229347199999805,20
mp-1216940,-0.325718136071427,14
mp-541491,-0.33908273333334005,18
mp-1095324,-0.36749810181818104,11
mp-1079584,-0.465401857333324,10
mp-1188266,-0.53994953833333,20
mp-646609,-0.5930798109999951,10
mp-6940,-0.340684823999998,5
mp-17988,-0.657587021793923,21
mp-1207954,-0.29035318896551304,12
mp-21531,-0.44155427087930604,40
mp-570800,-1.349434213821836,6
mp-22387,-1.747005365499995,40
mp-21813,-0.43653733166666203,36
mp-1208053,-0.49468790388888606,36
mp-865508,-0.39508024059523705,21
mp-504856,-0.650955542023808,21
mp-1208034,-0.15434178499999401,24
mp-1216654,-0.456697788571428,7
mp-1069004,-0.19285025600000502,5
mp-4049,-3.236731307252748,26
mp-5381,-1.6561898230952399,5
mp-37297,-1.315223298035711,8
mp-1195074,-1.486717415624998,32
mp-5335,-1.594762136607138,14
mp-1068685,-0.5339339699999981,5
mp-1025230,-0.176815039999997,7
mp-1202234,-0.566040955555553,36
mp-1069790,-0.46563634999999903,5
mp-1069160,-0.37008224100000003,5
mp-22126,-1.919878757687502,20
mp-5739,-1.9371676640624962,5
mp-1216580,-0.6194163342857121,7
mp-5268,-1.5297805714999981,5
mp-600216,-1.459530678406241,20
mp-3048,-1.7262421784687492,5
mp-1216606,-0.494002761666664,6
mp-9236,-0.493861240555563,18
mp-9278,-0.35477002222222603,18
mp-1105580,-0.47573129499999806,20
mp-1188211,-0.5714598064999971,20
mp-1095100,-0.526187730999998,10
mp-1188099,-0.595584945999995,20
mp-639876,-0.466351749999995,10
mp-20705,-0.302291176999997,10
mp-1195976,-0.346037823555552,36
mp-619501,-1.164473794999998,20
mp-5505,-1.7239247895,5
mp-12625,-2.589119901333323,5
mp-1709,-0.09785313555555701,3
mp-1078777,-1.22969497971065,9
mp-1208103,-0.282885394210522,38
mp-4242,-0.366025671363641,11
mp-630265,-0.701190033275859,29
mp-28838,-0.23282822999999703,7
mp-606,-1.092848703571438,14
mp-1103185,-0.43350259749999803,12
mp-1188905,-0.480077147999998,20
mp-20462,-0.335672987499999,14
mp-505344,-0.349121956944456,24
mp-1189121,-0.345716481666662,18
mp-619067,-1.420801893541656,24
mp-541587,-1.186467960533843,24
mp-27609,-0.40511394999999906,12
mp-972422,-0.188949811250004,4
mp-570831,-0.596612332777782,18
mp-1208030,-0.137053448499997,20
mp-504640,-0.519725932999998,20
mp-560402,-3.709680540454551,22
mp-1216742,-1.075994180271567,6
mp-787,-1.2122840667006791,14
mp-22536,-1.908874974257813,32
mp-1975094,-0.628167404999999,14
mp-1188604,-0.6080599839999971,20
mp-971830,-0.602803800499997,20
mp-1078858,-0.27035390875000304,8
mp-1217211,-0.738530253888885,18
mp-1205645,-0.126549500499997,10
mp-1207922,-0.5473493185925931,18
mp-1217243,-2.087478938194442,48
mp-541856,-0.547752477962963,18
mp-21227,-0.689568598518519,18
mp-1208070,-3.8235670105882362,34
mp-1205406,-0.38385665444444,18
mp-505683,-0.7349222970588211,17
mp-1207934,-0.266937989999997,17
mp-641564,-0.47908086411764406,17
mp-570928,-0.316541815294118,17
mp-1199505,-0.58634506942857,35
mp-1189490,-0.35581632647058503,17
mp-32590,-1.73999297125,44
mp-504442,-0.447710505147055,17
mp-20471,-0.614347797647062,17
mp-1216955,-0.32210496249999604,12
mp-541504,-0.49212765823529603,17
mp-28939,-2.498040118181815,11
mp-1216990,-3.628420470277779,36
mp-1100961,-1.090981729861602,20
mp-1216840,-1.5012244734642821,10
mp-680561,-0.177832063906249,32
mp-1193401,-0.368792054999998,28
mp-865440,-0.344502779782607,23
mp-28356,-1.552821248690472,42
mp-1217232,-0.39512608849999903,20
mp-1125186,-0.37914886827586003,29
mp-642273,-0.39972648649999704,30
mp-1217510,-0.8350850477014631,39
mp-1195848,-1.599692877499996,46
mp-1192708,-1.721097920685093,26
mp-1192855,-1.3981493265324532,26
mp-540544,-1.705546992596151,26
mp-1192655,-1.4247086142247531,26
mp-559388,-1.670813840288456,26
mp-1193584,-1.380307509993988,26
mp-2767175,-1.483321396694709,26
mp-1192848,-1.6728008071319511,26
mp-1192888,-1.666612265288455,26
mp-1192861,-1.399708009993991,26
mp-1193754,-1.76692270772436,26
mp-1192621,-1.481306283583729,26
mp-1193731,-1.7264745410576992,26
mp-1192620,-1.441938701532443,26
mp-1207868,-3.173063796249998,16
mp-569744,-0.279739967500001,24
mp-1723,-0.264968751249998,4
mp-1191305,-0.236998558749999,24
mp-1216319,-0.224851189999991,13
mp-1216345,-0.44482509333333003,6
mp-1079219,-0.662281418888885,9
mp-1079949,-0.9034104449999941,9
mp-2104,-1.145494088750005,2
mp-1657,-0.8711032616666661,6
mp-4206,-0.8021990975000001,8
mp-1077201,-0.9429428268254011,6
mp-4374,-1.4823808451041691,6
mp-22595,-1.121767541614584,6
mp-12072,-0.48725831833332706,3
mp-22319,-0.281307531923077,13
mp-1514,-0.617520190000002,3
mp-10116,-0.51198325972222,6
mp-10132,-0.32522436805554805,6
mp-10137,-0.538875150833334,6
mp-619,-0.5120273574999991,20
mp-1095488,-0.49148131027777703,12
mp-1103253,-0.5871990908333371,12
mp-1103255,-0.503430966944441,12
mp-5816,-0.5448871858333321,6
mp-5311,-1.250260483749997,6
mp-1163,-0.058345204285714006,28
mp-569858,-0.232412631666666,6
mp-972408,-0.834864838333345,6
mp-23255,-1.6926844325000001,8
mp-27153,-1.76299271,10
mp-29263,-1.69481203,12
mp-27762,-1.782573266666662,6
mp-27536,-3.16903279625,8
mp-2489,-0.25545393249999604,2
mp-1208009,-2.220085507727272,44
mp-545598,-2.9127084716666642,6
mp-640563,-2.794829883124998,48
mp-23208,-2.210535621874999,8
mp-23235,-2.074629794999998,10
mp-570989,-1.8506782829166681,24
mp-23250,-1.6416696223809542,21
mp-1080107,-0.153461822499998,8
mp-1383,-0.10901747166667,6
mp-10056,-0.429198554722222,6
mp-1191070,-0.502673117777777,24
mp-1216374,-0.37954341899999805,10
mp-2766602,-0.573934767499999,8
mp-1191170,-0.574529642361108,24
mp-1190293,-0.20426619249999803,16
mp-17151,-3.17239251833333,24
mp-558650,-2.485950907285713,15
mp-1216599,-0.42757751599999805,5
mp-18299,-3.992617684583336,24
mp-287,-4.028010356333334,30
mp-1852,-3.775879190833334,6
mp-2275,-3.482456654642856,28
mp-21050,-0.101774058333332,6
mp-1205771,-0.35380063099999803,10
mp-10065,-0.42229158972221903,6
mp-1087511,-0.517522701249999,8
mp-1191051,-0.542065206527775,24
mp-1095137,-0.143415636250001,8
mp-607816,-0.32750960499999404,12
mp-20121,-0.433807527500003,12
mp-20214,-0.38719763624999703,4
mp-4732,-0.36602410928571305,7
mp-1078098,-0.267809378214283,7
mp-623006,-0.43940189392857204,7
mp-21251,-0.325144682499998,7
mp-1077911,-0.278518313928568,7
mp-1078074,-0.442281116785715,7
mp-1078033,-0.445715202499999,7
mp-1078343,-0.42479762857142706,7
mp-1207973,-0.466255895000008,6
mp-1078586,-0.350822295000006,9
mp-1079968,-0.19788729361110902,9
mp-21320,-0.301427698055555,9
mp-1080077,-0.636939976944442,9
mp-1078870,-0.5430467302777781,9
mp-1078880,-0.47836670333333503,9
mp-1237,-0.39624812333333104,6
mp-2607,-0.30072251125000005,4
mp-20226,-0.589377499166667,12
mp-1102677,-0.46110141833333,12
mp-22065,-0.8706029916666581,6
mp-20321,-0.7452198199999971,12
mp-20913,-1.140639090833329,6
mp-3579,-0.960272645781251,6
mp-3109,-0.6460702688888861,6
mp-504970,-0.46166175062499804,32
mp-1203105,-1.90387353090909,44
mp-567543,-1.376703395486112,24
mp-23244,-1.141876349999996,8
mp-655360,-1.150008491,10
mp-27763,-1.55851378833333,6
mp-20941,-0.30253663874999803,4
mp-1105762,-0.49696431249999506,16
mp-1044,-0.660581827499997,4
mp-567695,-0.046064715287354,6
mp-1205583,-0.312205079172414,10
mp-21643,-0.6655806056759681,36
mp-1190612,-0.5883522845162811,24
mp-1207882,-0.133778046982756,16
mp-1216584,-0.08028283264367701,6
mp-1208141,-2.234180799772727,44
mp-3991,-0.38791059437500003,16
mp-1865,-1.5816823568749991,2
mp-1776,-1.642954397500001,3
mp-23019,-2.002919315416662,6
mp-1216653,-0.508671231250001,4
mp-1207913,-1.511787744375006,16
mp-1025123,-0.37933982055555404,6
mp-1217640,-0.741786482380951,36
mp-2752771,-0.825552434047621,36
mp-2838,-0.263269469999997,6
mp-21826,-0.363660864999999,36
mp-1207854,-0.557477767499998,12
mp-22159,-0.6046379924999961,8
mp-972320,-0.48350386319444505,24
mp-1102933,-0.381822906666663,12
mp-1216793,-0.8002860689880911,12
mp-1217516,-0.225835206666663,6
mp-1597,-3.75044424,3
mp-375,-3.612179313749998,4
mp-1102439,-0.091182474999996,12
mp-2011,-1.2563255114880931,2
mp-569147,-0.966161588650791,12
mp-22551,-2.768167373285713,30
mp-1200695,-3.07597940842857,40
mp-540927,-1.3345824019146821,24
mp-4450,-1.326122192380941,6
mp-9930,-1.131133512328868,6
mp-680219,-2.13496257330729,48
mp-504922,-2.967640787499997,24
mp-30841,-0.674961835624998,16
mp-1206028,-0.654855860833331,6
mp-21103,-1.100248432906249,20
mp-569752,-0.8738249849999981,4
mp-30854,-0.9425862383333291,6
mp-30855,-0.9113287825,8
mp-1077347,-0.7097542908333401,6
mp-1072444,-0.6187784941666621,6
mp-569480,-0.016571293333332,12
mp-28607,-0.5540231669999961,10
mp-1102585,-0.5385332031944471,12
mp-1105571,-0.17046421312499702,16
mp-1150,-0.7106769712500021,4
mp-1216633,-0.49261420374999404,4
mp-1263,-0.353888624999996,4
mp-2423,-1.6763183639062542,2
mp-2849,-1.78433029131945,9
mp-12406,-1.422330559609374,8
mp-3263,-2.780894070833336,6
mp-17637,-2.7364963206249993,32
mp-177,-0.576318382499998,2
mp-2707,-0.514500249999997,6
mp-510574,-0.452090536249997,8
mp-4207,-0.6399275737499931,8
mp-505019,-0.511053574999998,8
mp-10624,-0.577150163333327,3
mp-1095127,-0.520140414444445,9
mp-1071765,-1.2891638659375,6
mp-9937,-1.024726392447914,6
mp-7935,-0.7639687872222231,6
mp-2143,-1.223744236171874,2
mp-684555,-1.451706699229167,30
mp-28299,-2.16542318621875,40
mp-9429,-1.286306686757811,8
mp-3217,-2.665166589114585,6
mp-562338,-2.328941733105469,32
mp-19924,-1.619627322447912,12
mp-980,-0.388105375000004,3
mp-1216552,-0.7230940599999981,5
mp-2800,-0.297588547500001,4
mp-1068256,-0.564061219999997,5
mp-19806,-0.7042722033333341,12
mp-504984,-0.49133492999999706,12
mp-1216805,-0.6699252666666641,6
mp-1102216,-0.545637834166663,12
mp-20336,-0.124970003749996,4
mp-1071536,-0.23287591000000502,6
mp-1080803,-0.466022409444434,9
mp-20762,-0.424102601666665,6
mp-1079696,-0.45779955055555305,9
mp-504687,-0.57033779222222,6
mp-866812,-1.7084779799791652,32
mp-1216627,-0.581069108083333,4
mp-1207909,-1.521668671833332,16
mp-865409,-0.07935467124999801,4
mp-1188570,-0.299503677499998,16
mp-1191464,-2.284696672638887,24
mp-666,-1.078488628333332,6
mp-555259,-2.256445499236097,48
mp-22231,-0.8391630225000021,8
mp-560028,-2.411009155581395,43
mp-4895,-1.020022562500003,6
mp-3402,-1.488151287916669,6
mp-3037,-2.399632922222223,6
mp-19866,-1.468352446770836,12
mp-1102966,-1.217950323003473,12
mp-1025154,-2.5246934652380952,7
mp-18136,-2.03212675254386,38
mp-865322,-2.9387770976667262,5
mp-541493,-2.791035894545455,44
mp-1207879,-0.905290445436504,18
mp-7810,-0.49173687187500104,16
mp-672368,-1.5259586318749991,16
mp-652608,-0.368055154374999,16
mp-21899,-0.280642791666662,6
mp-146,0.0,1
mp-1216643,-0.656175608382352,17
mp-684675,-0.891531118201753,19
mp-1193908,-0.226812942586212,29
mp-10046,-0.605247509374999,8
mp-9208,-0.833172252499998,10
mp-20648,-0.5392330508333341,12
mp-19452,-2.60172714707483,21
mp-18740,-2.076633188636363,11
mp-18847,-2.23514351,14
mp-540685,-2.180888695555554,9
mp-18729,-2.475975886285714,30
mp-758452,-2.223847636428572,14
mp-865490,-0.1609811425,4
mp-865485,-0.324751372499999,4
mp-542860,-1.810230954545455,22
mp-1188322,-0.15163788055555502,18
mp-2234110,-1.9970684222222221,9
mp-1216977,-0.299357723749999,8
mp-1216581,-0.459187637499999,8
mp-20405,-0.26941850142857104,14
mp-1080835,-0.5695347312500001,8
mp-2646985,-0.860664420624999,8
mp-558123,-2.632902384722221,36
mp-9957,-0.483464746249999,8
mp-1217012,-1.9874401827500001,40
mp-642659,-0.170647656249999,12
mp-505236,-2.520729114812924,21
mp-540566,-1.7148465963636381,44
mp-17749,-1.939190803611111,36
mp-20983,-0.42035901499999806,8
mp-972205,-0.37199957250000104,4
mp-972204,-0.30231118375000304,4
mp-972236,-0.08955719000000001,4
mp-33090,-1.082968217361111,9
mp-554784,-2.467898457285715,30
mp-542151,-1.8717996761538451,26
mp-28162,-2.115222795000001,27
mp-21579,-2.53454769325,40
mp-25279,-2.2890218171428582,14
mp-1648259,-3.046730802916667,24
mp-1187694,-0.301050762499997,4
mp-20541,-0.8467231859920641,12
mp-8044,-0.684765243660713,8
mp-19007,-2.605111105580362,16
mp-1104916,-2.756030254615384,13
mp-22005,-2.14506765840909,44
mp-19903,-2.0668857126923,13
mp-21126,-2.213791998888889,18
mp-979259,-0.32748511812500003,4
mp-865497,-0.39830620812500606,4
mp-981365,-0.363411096875001,4
mp-981377,-0.44065592062499803,4
mp-971754,-0.28961704312499803,4
mp-972384,-1.575888708979166,30
mp-28256,-0.45850979786931906,22
mp-772047,-2.639103511071429,28
mp-1217159,-2.15451597275,40
mp-773455,-2.259000095750001,40
mp-865499,-0.42332928749999904,4
mp-865501,-0.37694657875000104,4
mp-20312,-2.426564660555556,18
mp-17458,-2.170509448636363,22
mp-1190411,-1.9347421607246371,23
mp-1048867,-2.341038290952379,42
mp-1192799,-0.308868395344826,29
mp-1102112,-0.999176045416667,12
mp-1100976,-2.074051041805555,24
mp-292,-0.5148442456249991,8
mp-540701,-0.605266699999998,20
mp-1204387,-1.8863693925000011,44
mp-839,-0.088406430000002,8
mp-2091,-0.776987983,10
mp-569270,-0.8598989871428571,7
mp-1216962,-2.110750352631578,38
mp-1585,-0.145599318750001,8
mp-1079399,-0.171136886249999,8
mp-22568,-0.22572966625000002,8
mp-1078963,-0.750254636500005,10
mp-1221,-0.3350246525,8
mp-1079313,-0.47261859799999906,10
mp-1079695,-0.7924901239999981,10
mp-729185,-2.000520792784091,44
mp-2006,-0.5584554099999971,8
mp-972071,-0.058626447500000005,4
mp-7226,-0.154015572499998,8
mp-1216708,-0.178457364333331,30
mp-866121,-0.41887903000000204,4
mp-18350,-0.7141346001190471,32
mp-775437,-2.579009747584033,34
mp-628782,-2.061256764761904,42
mp-1207903,-2.131194432857143,42
mp-1664,-0.15389148124999902,8
mp-2211,-0.427115099999999,8
mp-865385,-0.308773028124999,4
mp-1578,-0.354940871250001,8
mp-865382,-0.316691726250002,4
mp-555283,-0.6714042128125001,32
mp-1081,-1.357067588571421,7
mp-1555,-0.263251328750001,8
mp-22700,-0.91376362517857,7
mp-2567,-0.49731380000000003,8
mp-1216468,-0.5048822887500001,8
mp-21342,-0.100637091249999,8
mp-1191068,-0.608555076249999,24
mp-759536,-2.955454478750001,32
mp-2623,-0.607364221785715,14
mp-1208079,-2.046192641935484,31
mp-1216514,-2.54380585480695,37
mp-1194044,-0.568298642857142,28
mp-4474,-1.22433745980769,13
mp-21504,-0.9126503401923091,13
mp-2015720,-0.949553820288469,13
mp-1193390,-0.6062316848214271,28
mp-755181,-2.762986811874999,16
mp-29634,-0.7722759172789101,21
mp-1192783,-0.900739603061223,28
mp-559911,-1.13397431720588,34
mp-30883,-0.07320986611111001,9
mp-1206441,-0.874831544090908,11
mp-1105285,-0.370239305624999,16
mp-1106398,-0.458094894351851,18
mp-1133,-1.1369394277777771,18
mp-1087497,-0.722309207361108,9
mp-1207893,-0.9437275209615361,13
mp-568671,-0.610606585624999,16
mp-10126,-0.7416344956250001,16
mp-2026078,-0.531817333333334,9
mp-9948,-0.49330249185185204,9
mp-1207855,-0.601765306410254,13
mp-28731,-0.6353447772727261,33
mp-1216443,-0.170610111250001,8
mp-571557,-0.257915693636363,22
mp-1216453,-0.40029891187499905,8
mp-21965,-0.175336283469389,49
mp-1188283,-0.37719657319444305,18
mp-1216513,-0.22444995187500003,16
mp-1216423,-1.150673211944445,9
mp-18889,-1.242050435624999,16
mp-559736,-1.754956429833332,20
mp-1194388,-2.357788767738095,28
mp-1201897,-2.4013978359956702,44
mp-557135,-1.546204202688799,32
mp-19940,-0.5659863162499991,8
mp-1072660,-0.43055355500000003,6
mp-510763,-1.946205387857143,28
mp-1069697,-0.077751367999997,5
mp-11193,-0.9557162937499981,8
mp-9973,-0.8998122912500001,4
mp-1491,-0.7610838883333331,3
mp-18946,-2.726639265833333,10
mp-754594,-2.5151507398611113,6
mp-23044,-2.154109184999999,12
mp-560699,-2.02351889125,16
mp-971787,-1.208906696666668,3
mp-27713,-1.6076457237500001,4
mp-2757308,-1.039139354375001,8
mp-865473,-1.17951276625,8
mp-27841,-1.988522311666666,6
mp-1207861,-1.8547565015,20
mp-556857,-2.071688186000001,20
mp-22877,-1.609167691666666,3
mp-28117,-1.523692374374999,8
mp-1205372,-1.2980599385,20
mp-1101909,-1.084708117916666,12
mp-23061,-2.194772937500001,6
mp-1002109,-0.14904514000000102,2
mp-1102168,-0.18642841333333302,12
mp-1207799,-0.420437076666668,12
mp-10057,-0.6105516375000001,10
mp-1103555,-0.302978795000001,12
mp-1101982,-0.8308413676587301,12
mp-4076,-0.189397489999999,3
mp-21371,-0.544377296666669,12
mp-1216354,-0.650768273988095,8
mp-1216355,-2.260406213888888,18
mp-1216363,-0.7908617862109371,8
mp-3762,-0.8562810200000001,8
mp-21855,-0.5719401107812501,8
mp-991652,-0.45333379958333303,8
mp-979910,-0.32207532249999804,4
mp-555934,-3.0166454050000002,6
mp-559931,-3.238528048750001,8
mp-554799,-3.037462301,10
mp-27309,-2.841025762916667,48
mp-1207977,-2.217364028796297,36
mp-4595,-0.46254781000000006,4
mp-866134,-0.12830672750000002,4
mp-1063914,-0.251280766249999,4
mp-1103605,-0.813588044880952,12
mp-567636,-0.275219096666666,3
mp-22790,-0.327270957499999,4
mp-21883,-0.298421076874999,4
mp-1216351,-0.274852515,8
mp-1187713,-0.337197567499998,4
mp-865586,-0.5506506,4
mp-865471,-0.30492847249999805,4
mp-865585,-0.36422858874999803,4
mp-23749,-1.3684778579545451,44
mp-24728,-0.226861982499999,3
mp-626787,-2.078761513437499,16
mp-1018138,-0.7411700000000001,3
mp-865493,-0.662163445,8
mp-1191502,-1.71013823969618,24
mp-22443,-2.216125894444445,12
mp-569250,-0.6085838975000041,4
mp-865496,-0.558028781250001,8
mp-1216323,-0.10154795000000001,2
mp-1018027,-1.352527919374999,2
mp-11531,-0.216830600000001,3
mp-171,-0.21591902750000003,4
mp-1101976,-0.397035143333333,12
mp-1103470,-0.7619939440476191,12
mp-541404,-2.522468176666668,12
mp-764900,-2.852374580833333,18
mp-556026,-2.712652723499999,20
mp-12778,-0.33667420999999803,2
mp-1114,-0.8615036089880941,4
mp-695981,-1.993693849136904,48
mp-9923,-0.63263322531746,6
mp-26728,-2.626824050928571,20
mp-1216361,-2.521528969315476,48
mp-8251,-0.385611564380951,10
mp-27523,-0.9839660614069261,22
mp-1101197,-2.365602972924161,32
mp-18835,-2.7006946757738097,24
mp-1104878,-2.702751832806124,14
mp-763482,-2.5017754142346913,14
mp-505688,-2.379480915515872,36
mp-11549,-0.269569443333331,3
mp-568711,-0.266354059999997,4
mp-2678,-0.550341079999999,4
mp-12108,-0.543644193333335,3
mp-372,-0.45455101500000306,4
mp-1079997,-0.260165278888888,9
mp-1216229,-0.339024371249998,2
mp-29931,-2.178052431250003,24
mp-971751,-0.4316565775,4
mp-866161,-0.415959621249999,8
mp-1395,-0.306896892499999,2
mp-1013525,-1.200986238333333,6
mp-541155,-0.9510626574999991,20
mp-22092,-2.098150829285713,28
mp-1216305,-1.5407542885763892,36
mp-29146,-2.235131224999993,24
mp-694,-0.833392346041667,3
mp-10711,-0.4545473,9
mp-1207805,-0.473640636249999,16
mp-1095532,-0.5966471991666681,12
mp-865506,-0.43069470125000403,4
mp-865507,-0.6351141462500001,4
mp-865472,-0.5831301412499991,4
mp-558344,-2.456772835892857,32
mp-1187738,-0.263807669999998,4
mp-2540,-0.43849561500000006,2
mp-865482,-0.30462335125,4
mp-11687,-0.607788566666661,9
mp-1216231,-0.061452129999999,2
mp-1187702,-0.078156587499996,4
mp-1029262,-0.5782362400000001,12
mp-11578,-0.07385269875,4
mp-1187698,-0.113323123750001,4
mp-734495,-1.936224415694421,36
mp-865487,-0.47216293625000105,4
mp-865486,-0.219651397499998,4
mp-556959,-1.69861534247159,44
mp-91,0.0,1
mp-28575,-0.9142677503333311,30
mp-1216242,-0.557304915249999,10
mp-570568,-0.938161778977272,11
mp-583581,-0.922365597604167,48
mp-30295,-0.901346643199999,50
mp-29498,-0.848889397777778,36
mp-28483,-0.9345107228571431,7
mp-1894,-0.153540745,2
mp-1207828,-0.825042491111111,36
mp-980949,-0.939381027000001,10
mp-27160,-0.9445113462500001,36
mp-571518,-0.9463817178571441,7
mp-1402840,-2.625930304,10
mp-555003,-2.809382193571428,28
mp-1207889,-0.461928358333333,36
mp-1188654,-0.8578982702500011,20
mp-1524394,-2.067517555833333,12
mp-19372,-2.036666524999999,6
mp-2383161,-2.190860606562499,32
mp-753398,-2.610498713999999,20
mp-752955,-2.682990330833333,6
mp-224,-0.8835800085416661,6
mp-1201710,-1.799107989375,48
mp-561582,-0.9409181658333321,24
mp-1821,-0.603619506041667,6
mp-972256,0.0,1
mp-556244,-0.8392523713888891,36
mp-22885,-0.7818107566666681,3
mp-561153,-0.835122395625,16
mp-23185,-0.857616325999999,10
mp-27782,-1.587943056111111,18
mp-112,0.0,2
mp-11029,-0.342810726153847,13
mp-4656,-0.42928144307693106,13
mp-16744,-0.35377482576923003,26
mp-1207698,-0.5160285173076881,26
mp-1104050,-0.28039572285714803,14
mp-1216148,-0.38531596461538403,13
mp-10521,-0.40969330599999904,5
mp-10435,-0.413991692,5
mp-1078866,-0.428076212666665,10
mp-14622,-0.735122803666666,10
mp-981396,-0.5564558651851881,18
mp-10138,-0.48778546685185104,36
mp-1207720,-0.9590492315625001,32
mp-1188251,-0.33008861657895,19
mp-3515,-0.542693703666668,5
mp-1105964,-0.481801000185186,18
mp-4908,-0.597658338,5
mp-5129,-0.7844165319999991,5
mp-4520,-0.49660633399999904,5
mp-22618,-2.061175068571454,14
mp-1216184,-1.0048013190625,14
mp-3390,-0.62837814,5
mp-12077,-0.42854309966666604,5
mp-21113,-0.45121991999999406,5
mp-1194620,-0.272108088461538,26
mp-5288,-0.639976592,5
mp-1104485,-0.317431498076922,13
mp-4889,-0.878617119999992,5
mp-1192507,-0.746690471428569,28
mp-21001,-0.6461375420000021,5
mp-1216275,-0.187272943846155,13
mp-10896,-0.337732823209549,13
mp-20649,-0.479865997172407,5
mp-22267,-0.316371490583555,13
mp-3854,-0.671137937793102,5
mp-22260,-0.13877085135278502,13
mp-1104078,-1.047511128833332,15
mp-1104069,-0.6200217,14
mp-1202784,-0.392207352894736,38
mp-1104054,-0.819045511326528,14
mp-1079994,-0.5490277586666661,10
mp-5109,-0.6881894820000011,5
mp-568940,-1.000052137857142,5
mp-568832,-1.026261925857144,5
mp-15053,-1.9768296099999991,14
mp-9906,-0.456292724999999,14
mp-570452,-0.600702303999997,5
mp-4653,-1.084955781999997,5
mp-5176,-0.8234087279999981,5
mp-567749,-0.8093397199999971,5
mp-4822,-0.9437063279999991,5
mp-1080646,-1.176641097999998,10
mp-3441,-1.1148804820000011,5
mp-568673,-0.879523911999996,5
mp-639910,-0.32017464545454405,11
mp-1104337,-0.22591307307692401,13
mp-640315,-0.196025093043477,46
mp-1207692,-0.731659657704081,14
mp-1192560,-0.208919525357143,28
mp-1192484,-0.23436194392857101,28
mp-1217060,-0.318277500874999,40
mp-1197605,-0.294056674222036,41
mp-685633,-3.891439072804877,41
mp-1200167,-0.666394309999999,42
mp-1202129,-0.5953540635714271,42
mp-865689,-0.510891361249998,24
mp-1199133,-0.7515072278571291,42
mp-1207824,-0.33207971139547204,32
mp-1207812,-0.32837219171875104,32
mp-1207790,-0.46008947075000006,40
mp-1207809,-0.239281165555553,18
mp-1207989,-0.33273357561403005,19
mp-600480,-0.345831381052629,19
mp-1200338,-0.408385639361702,47
mp-1216272,-0.20291158645833202,24
mp-11486,-0.553294676071428,28
mp-1207707,-0.8650310153571431,28
mp-1207711,-0.830945849285712,28
mp-1216255,-0.626654433055553,36
mp-1216181,-0.6279080167647051,17
mp-1029920,-0.9857422668181821,22
mp-1216156,-0.26424692916666603,12
mp-21625,-0.47809104946428704,28
mp-1207736,-0.669480166607142,28
mp-1207775,-0.7073603051785711,28
mp-1207878,-0.537892478392854,28
mp-1207911,-0.7647385817857271,28
mp-1216261,-0.684258037727272,33
mp-1187701,-0.46326922812500304,4
mp-865561,-0.321750000416666,4
mp-11230,-0.336266310833335,12
mp-9177,-0.5741434414285721,7
mp-10527,-0.771901586000001,5
mp-2749383,-0.6831465639285711,21
mp-1216047,-1.90545488875,4
mp-979911,-0.7202639633333321,12
mp-29896,-0.49099177250000003,7
mp-1201886,-0.6329430141666641,36
mp-1196778,-0.65318564,36
mp-18959,-3.296999063823529,34
mp-541040,-3.264689292916665,24
mp-6655,-3.561541379999999,24
mp-1216100,-3.539448107847221,24
mp-1070510,-2.916590982000001,5
mp-1334,-0.262626155000001,3
mp-546864,-2.4484711107142862,7
mp-1206803,-1.119007284999998,5
mp-1205864,-0.276282442000001,10
mp-1079785,-0.712951697999998,10
mp-35785,-1.9366310149999992,14
mp-27678,-2.092601786499999,10
mp-1106140,-0.067291432105262,19
mp-1205726,-0.6359801140000021,10
mp-1189611,-0.5706841245000001,20
mp-1188435,-0.7211472990000011,20
mp-1025372,-0.28903128357142505,7
mp-1362204,-2.373003384411765,34
mp-1216153,-3.015071830999999,20
mp-1216201,-3.025394579090922,22
mp-865588,-0.29852865250000005,4
mp-1379819,-2.583788470454546,22
mp-1025339,-0.658054352142856,7
mp-1197725,-0.6484847035000051,40
mp-1103537,-0.271815386428572,14
mp-1216121,-2.859815067727272,22
mp-1216072,-0.5705049506944461,6
mp-1216081,-0.594998485416672,6
mp-1206356,-0.37430702949999906,5
mp-1070755,-0.541022153499999,5
mp-769396,-3.054602234090915,22
mp-1207905,-0.7959781299999991,10
mp-541609,-0.7146666109999991,20
mp-1106022,-0.778317203999999,20
mp-2911977,-0.841897745,20
mp-620812,-0.6341028914999991,20
mp-676315,-1.3709443849999992,5
mp-768814,-3.338367075000007,32
mp-10214,-0.862564885833332,6
mp-21294,-0.49457612333333106,6
mp-1079933,-0.9165704800000011,10
mp-29304,-2.22526791425,40
mp-1079508,-0.43565285000000203,10
mp-569523,-0.502710679333333,5
mp-1079112,-0.9235247700000001,10
mp-1191749,-2.499477690909091,22
mp-865600,-0.8661350749999981,4
mp-865603,-0.822826459999999,4
mp-865602,-0.270610321249998,4
mp-4901,-0.215355327999999,10
mp-865747,-0.7711210030000001,10
mp-754185,-0.34925218300000005,10
mp-1205496,-0.6812095799999991,10
mp-18831,-2.8683690523510963,22
mp-1198388,-0.616343194594827,40
mp-1189894,-2.834619458793103,20
mp-19192,-2.822945541793103,20
mp-1204562,-2.244226930390623,36
mp-2674749,-2.9379081445454562,22
mp-31124,-3.153788929999999,36
mp-28580,-2.402162087708333,12
mp-1197535,-0.7356781036111061,36
mp-1191314,-0.5279677496428571,21
mp-1191078,-0.7629944258333321,21
mp-574339,-0.37176889166666505,18
mp-1207701,-0.49832287205128106,26
mp-1216057,-0.33474699833333305,6
mp-2652,-3.953871922749999,40
mp-1207742,-0.359521554500001,20
mp-1216134,-0.9169420715476191,21
mp-1216056,-2.122971735197172,4
mp-752849,-2.52819351772727,22
mp-21508,-0.8997386459999971,10
mp-866166,-0.6018856849999991,4
mp-1102657,-1.009406129166668,12
mp-756347,-2.432750706363636,22
mp-1025205,-0.5902742328571431,7
mp-1195855,-0.548666106250004,40
mp-504560,-0.6765457636111081,36
mp-21003,-0.400386761999996,20
mp-541289,-2.382647370687501,30
mp-12894,-3.5334685075,5
mp-1105821,-2.1991457209375,20
mp-752658,-3.44194683646875,5
mp-31011,-0.9596104779999991,10
mp-1207726,-0.8822224337499991,24
mp-2766572,-0.9648428520833341,24
mp-1190773,-0.9252985541666671,24
mp-2932,-0.685602645555557,18
mp-1189012,-0.9394479214999991,20
mp-9882,-0.9659690714999981,20
mp-556661,-3.283968047272727,22
mp-3520,-3.781171346562509,32
mp-1020615,-3.17878928788961,44
mp-3370,-3.005540767272727,22
mp-30864,-0.7027724590000001,20
mp-1189791,-1.6689013615000001,20
mp-554852,-2.182128275916679,40
mp-755756,-3.275033299333331,5
mp-17066,-2.995436384074074,36
mp-1216058,-2.132454324333332,5
mp-25305,-3.288295090606061,11
mp-17559,-3.848928632604167,32
mp-865654,-0.43066110374999705,4
mp-865651,-0.34603285583333304,4
mp-1187722,-0.532747459375002,4
mp-559510,-3.277808968055557,36
mp-17639,-0.274373596052631,19
mp-865592,-0.337626422499998,4
mp-1207814,-0.68390664736842,38
mp-4577,-0.543428607272726,22
mp-1103265,-0.624807238181818,11
mp-1095575,-0.51197799,11
mp-1216267,-0.23779400388888802,18
mp-1191954,-0.531584281363635,22
mp-570801,-0.8657107703846101,26
mp-1207848,-0.909040126071421,28
mp-1207795,-0.635021798181816,22
mp-504772,-0.9331339871428561,28
mp-1216085,-0.806349250000001,9
mp-10209,-0.7345551466666661,9
mp-865990,-0.543417248333334,12
mp-4448,-0.39203290500000004,5
mp-1103810,-0.37175559214285603,14
mp-14373,-0.570428563560604,22
mp-1207808,-1.511319840952381,28
mp-1207798,-1.721062020000001,28
mp-1216138,-1.518486817142858,14
mp-1105598,-0.1059645725,16
mp-556781,-1.712041366041666,24
mp-561173,-1.801121410208332,24
mp-568638,-1.576679984283854,24
mp-14542,-0.5779453253787861,22
mp-1204352,-0.5481852152499991,40
mp-1216128,-0.47217722732143,14
mp-10601,-0.45215557450000105,5
mp-1189598,-2.019756046250001,20
mp-17381,-0.8695700285714311,14
mp-17118,-0.7753190293750051,16
mp-1216054,-1.7863658733333212,6
mp-1105835,-0.6149306550000021,16
mp-19817,-0.50450668833333,5
mp-1207785,-0.5368546843750001,16
mp-28748,-1.301610605714284,14
mp-1216224,-2.716891828902821,22
mp-1192224,-0.588600603827063,22
mp-1105633,-0.20737006437499803,16
mp-1192116,-0.47559849736111004,24
mp-1207820,-0.7894620799999981,24
mp-1188757,-0.26139001437500303,16
mp-38916,-3.532225664375,48
mp-21017,-0.5440004069999951,5
mp-1207777,-0.483205361875,16
mp-1104019,-0.9350798664285741,14
mp-7343,-0.764587470000002,16
mp-7625,-0.668080343636365,22
mp-13627,-3.281096695625,48
mp-1207780,-0.47522249937499805,16
mp-1207781,-0.2741241025,16
mp-28747,-1.146324451428571,14
mp-13654,-0.9369433720000071,20
mp-1207793,-2.6440452115,40
mp-981511,-3.391358489545456,22
mp-14244,-0.9494656849999991,16
mp-1105749,-0.9873639843749981,16
mp-1029652,-1.5697729620625012,40
mp-1216052,-1.8708191101041671,6
mp-10608,-0.631686528000001,5
mp-11321,-3.826173611575757,22
mp-1193658,-1.721961335714283,28
mp-1207757,-0.410583880625004,16
mp-9960,-0.46153104766666603,5
mp-981249,-0.0011659425000050002,8
mp-677237,-3.902526849999996,15
mp-1192654,-2.900394860583333,30
mp-1103536,-0.37311198607142904,14
mp-4847,-0.512973576666667,33
mp-38494,-2.001360928710941,8
mp-29485,-1.81574009287879,44
mp-9459,-0.304072381666668,18
mp-1200885,-0.262735675681818,44
mp-23382,-1.296937887,10
mp-1207802,-0.48393819416666606,24
mp-1207794,-0.263251794999995,24
mp-1207818,-0.42362452458333105,24
mp-1207813,-0.575112467916667,24
mp-568156,-0.29082431416665805,24
mp-510548,-0.62397040882353,17
mp-672679,-0.55437699236111,24
mp-1207998,-0.10759929333333001,24
mp-1207822,-0.39153047916666606,24
mp-1207825,-0.16934569041666803,24
mp-1207810,-0.48269295999999906,24
mp-1207807,-0.359842071249997,24
mp-1191870,-0.324707792857142,21
mp-28744,-1.508264432222224,18
mp-1246909,-2.245456909548611,9
mp-1029349,-2.128914199409722,9
mp-1207756,-0.961873745555559,36
mp-677445,-1.9808603504296882,8
mp-554376,-3.930646094242425,44
mp-1216177,-0.8502800652500011,20
mp-1194159,-0.552190318999999,30
mp-1216160,-3.9153951457894722,19
mp-1207788,-0.6376944594736831,38
mp-1207784,-0.805059644259259,18
mp-18706,-0.724851367037036,18
mp-1196414,-0.7731281692105261,38
mp-1195689,-0.615750331052634,38
mp-1198948,-0.8020404681578921,38
mp-980936,-0.799850015454544,22
mp-1207773,-0.8867989775925921,18
mp-675733,-3.317054344999999,19
mp-14686,-0.6841676836956531,46
mp-1207750,-0.7452462990000011,30
mp-1207727,-1.07125045388889,18
mp-624187,-0.8411287368749991,32
mp-1207753,-0.7534942949999991,16
mp-1216287,-0.8664197207142851,36
mp-582751,-0.26144862159091103,22
mp-17751,-0.9292755918750011,16
mp-13360,-0.9961193222222211,36
mp-1104365,-0.6121371178571431,14
mp-1198712,-0.7527327971875001,32
mp-568046,-0.14098573434782502,46
mp-1201667,-0.854689851825395,36
mp-1188292,-0.741988528124998,16
mp-1104898,-0.303035516428571,14
mp-15670,-2.3785692108072922,12
mp-1189138,-1.0839009074999981,16
mp-1207717,-0.8313900749999981,16
mp-2538,-0.7842043937500001,16
mp-1189066,-0.7267119162500001,18
mp-567412,-0.7434176368750011,16
mp-1203494,-0.7558239497222211,36
mp-1188434,-0.471177748125001,16
mp-1203300,-0.823035449166667,36
mp-642238,-0.7489502063888861,36
mp-23440,-1.249694282999998,15
mp-1205373,-1.874774198823528,17
mp-1106074,-1.413744434705881,17
mp-867628,-2.056250776097561,41
mp-1188555,-0.24670419249999903,18
mp-1207941,-0.233638320740737,18
mp-28864,-1.496737664705885,17
mp-1216090,-1.872155356254685,23
mp-1205904,-0.5804624071647501,9
mp-541124,-0.905490145393771,39
mp-1188648,-1.8884159552941062,17
mp-1188535,-1.4279494029411761,17
mp-28863,-1.4157563888235312,17
mp-1189258,-1.526444390000003,17
mp-1207685,-1.4635428700000022,17
mp-28862,-1.420980116470587,17
mp-754359,-3.531711268771929,19
mp-27698,-3.955267867894736,19
mp-19005,-3.6557847515789472,19
mp-619775,-1.536593241363636,44
mp-1198642,-0.40600160236111305,36
mp-567678,-1.4088864955,20
mp-1189474,-0.566519064499999,20
mp-1192970,-0.33507271333333205,24
mp-762369,-3.897711717857141,42
mp-2474,-0.3274124325,2
mp-1207659,-2.364985081388889,24
mp-999544,-0.32084362999999805,3
mp-561467,-0.8265402456632631,28
mp-1205828,-0.723900040555555,9
mp-865502,-0.38327322500000305,4
mp-30250,-2.600528935416664,8
mp-21505,-0.501053014999999,9
mp-2757874,-1.54542751796875,32
mp-1078739,-0.6974421150000011,8
mp-1188559,-1.42491480703125,16
mp-5729,-0.5947807188888861,6
mp-12903,-1.125885941249998,8
mp-11228,-0.468428602500001,4
mp-2322,-0.5829048933333331,6
mp-16493,-0.5264388225000001,8
mp-13094,-0.63966266625,8
mp-1078938,-0.961729569999999,8
mp-865527,-0.47452011250000004,8
mp-6062,-3.244045756333333,20
mp-4054,-0.590546874999999,20
mp-5063,-0.653710698888882,18
mp-3602,-0.5498965866666651,12
mp-1216017,-0.37947114692307804,13
mp-1102840,-0.896976113333333,12
mp-1079361,-0.48709890111111004,9
mp-29736,-0.650895626666661,6
mp-13095,-0.586773833333332,9
mp-1095464,-0.9211486749999971,12
mp-1078242,-0.9644840624999981,8
mp-1095478,-1.2543385591666691,12
mp-31080,-0.6686579583333341,6
mp-1071862,-0.515303285000001,6
mp-933,-1.818117546249999,2
mp-8058,-2.820636907916674,12
mp-15695,-1.392671519166668,12
mp-1102959,-1.7026700633333332,12
mp-2029557,-1.7854849301041682,12
mp-1095603,-1.660663580520835,12
mp-1066254,-0.9712743599999951,4
mp-1018113,-0.9331089233333311,3
mp-1079467,-0.7728957912500001,8
mp-7817,-0.259459963846154,13
mp-1542,-0.628652464999999,3
mp-9880,-0.5124293602083321,32
mp-31098,-0.680867834722216,6
mp-1106229,-0.553379046458332,16
mp-1024941,-0.690504718055553,6
mp-1188195,-0.587615680833333,16
mp-4382,-0.46067792638888905,6
mp-637,-0.6594823535000001,20
mp-7691,-0.6713338599999991,24
mp-980205,-0.562490319444453,24
mp-13341,-0.595662411527777,24
mp-1190832,-0.6168068586111111,24
mp-1190755,-0.579347339027778,24
mp-1178731,-2.696107852215909,44
mp-504874,-0.587516577954545,44
mp-29205,-3.5222596525,30
mp-5971,-1.108853493958335,12
mp-29725,-0.765475045833333,5
mp-1193534,-0.184163488928571,28
mp-23241,-1.0989856025,2
mp-553243,-2.398279179375002,8
mp-552604,-2.4487773725000013,8
mp-551816,-2.308525149375,8
mp-1008624,-1.041455978333331,3
mp-1206679,-1.1693975149999951,3
mp-754815,-2.30537281125,8
mp-768906,-3.316152355000001,6
mp-643367,-1.242935380000005,6
mp-1206889,-1.427804618333335,6
mp-23062,-0.9699799549999991,6
mp-915,-0.315869994999999,2
mp-1331,-0.29284685666666704,3
mp-2349,-0.254545123749997,8
mp-865503,-0.271089368333331,4
mp-1206674,-0.6413470477777781,9
mp-865522,-0.6523260525000011,4
mp-865525,-0.35226618875000004,4
mp-865520,-0.7095643300000011,4
mp-27455,-2.531578373124999,8
mp-552120,-3.507683659999999,6
mp-865373,-0.16334084750000002,4
mp-1294,-0.14596481,6
mp-5019,-0.46474048972222204,6
mp-1203265,-0.9125613154365111,36
mp-1207655,-0.49372122722222206,36
mp-505011,-0.819769769325396,36
mp-1207600,-0.5701619490277791,24
mp-21422,-0.28509868333333205,6
mp-4248,-0.318267587500001,4
mp-1101785,-0.639552848333335,12
mp-1207632,-0.6724761249999981,12
mp-1078782,-0.7344411525000001,8
mp-1045767,-2.0308343435,20
mp-20450,-0.655015974583335,24
mp-18725,-3.191012650500001,20
mp-1285565,-2.75744404875,24
mp-1105234,-2.530866930185184,18
mp-1080443,-0.24590260999999902,8
mp-2698,-0.246509470000001,6
mp-550306,-1.733456438607945,11
mp-2797,-0.192909463333334,6
mp-1189828,-1.466940753124999,16
mp-10991,-0.9308459400000011,8
mp-1215905,-0.6377815683333331,3
mp-20865,-0.5062752366666671,6
mp-542802,-1.346010115833332,24
mp-10533,-1.591449781406249,16
mp-8126,-0.7350355066666641,6
mp-13202,-0.600728026666667,6
mp-979934,-0.577414604583331,4
mp-981548,-0.327305839166668,4
mp-2416,-4.469034024375,16
mp-1570,-0.048231089999999005,6
mp-1206116,-0.49607034600000005,10
mp-1102392,-0.050310542499998,12
mp-11385,-0.035446869999998,6
mp-1207634,-0.596638311527769,24
mp-1215958,-0.121678723333333,6
mp-1101797,-0.299060579027777,12
mp-11420,-0.6466602412499991,4
mp-1914,-0.649560048333333,3
mp-30557,-0.346200082499995,18
mp-11444,-0.6438635449999991,8
mp-30659,-0.5389164275,18
mp-1079075,-0.7973710462499981,8
mp-865598,-0.5767257743749991,8
mp-1104503,-0.580424410499999,15
mp-1095535,-0.537058403333331,12
mp-1025375,-0.46241391107142904,7
mp-1215979,-0.790862310833334,6
mp-1102926,-0.44696320333333306,12
mp-571210,-1.171153160833332,6
mp-1103280,-0.8595471491666681,12
mp-1102603,-0.627158344166667,12
mp-1101849,-0.8832934550000011,12
mp-1105559,-0.8873127593749991,16
mp-1103353,-1.0879862200000021,12
mp-1102458,-0.8758254149999991,12
mp-866156,-0.7753529693749991,4
mp-9971,-0.9759990475000031,4
mp-580930,-0.7950263756249981,16
mp-1207628,-0.7587163275000001,16
mp-1105716,-0.856786734999999,16
mp-10098,-0.9297520466666681,6
mp-1102373,-0.9237432600000021,12
mp-1190225,-0.9811969849999991,18
mp-1207627,-0.902261887499998,16
mp-1095607,-1.12229292583333,12
mp-1095465,-0.969545085000001,12
mp-1207662,-0.8505730795833291,24
mp-23958,-1.555741919772737,44
mp-24650,-0.7996299991666661,3
mp-758103,-2.178954350909091,44
mp-1178678,-0.7154308986458331,24
mp-626151,-2.965426360312499,8
mp-28797,-1.659960229270832,3
mp-2399,-0.585943523750003,2
mp-30725,-0.474424555000003,3
mp-30726,-0.409519776875001,8
mp-1215900,-0.003606287499998,2
mp-1187845,-0.5835085024999951,4
mp-1187846,-0.44907740958332903,4
mp-571442,-1.710965791249998,8
mp-753712,-3.048536466666665,6
mp-22704,-0.6035860350000021,2
mp-22056,-0.42510257208333,8
mp-20131,-0.52248454,4
mp-1206242,-0.39801876761904903,7
mp-569823,-0.412035615,4
mp-621176,-0.876083925555563,9
mp-22493,-0.781283282499998,4
mp-1080624,-0.5018810344444471,9
mp-1071645,-0.30198056500000003,6
mp-672299,-0.48656652666666705,9
mp-1087485,-0.9048218911111121,9
mp-568880,-0.866197379999999,4
mp-19740,-1.133099115555555,9
mp-510441,-1.081687851250002,8
mp-31347,-0.7305562711111091,9
mp-866163,-0.7181182341666641,4
mp-30746,-0.7990102449999991,2
mp-2762,-0.80069665,6
mp-979433,-0.263331611666668,4
mp-979430,-0.30031350333334,4
mp-615,-0.07437748250000001,2
mp-13218,-0.16544268791666703,24
mp-865376,-0.05749684374999801,4
mp-30737,-0.26388169111111004,9
mp-866162,-0.29363824458333104,4
mp-13090,-0.307688232777777,9
mp-1215910,-0.46720209499999904,5
mp-1205750,-0.6710993994444431,9
mp-866171,-0.762215591249999,4
mp-865512,-0.282001951249999,4
mp-13171,-0.190149018333331,9
mp-13172,-0.222078840833333,6
mp-5590,-0.49080881194444503,9
mp-866164,-0.44357121000000405,4
mp-21503,-0.38627930388888804,9
mp-3433,-0.37675147083333205,6
mp-12696,-0.6714595416666681,9
mp-866165,-0.668539486249998,4
mp-11984,-0.32329337833333505,9
mp-6908,-0.270347122777777,9
mp-865515,-0.332038891249999,4
mp-510598,-2.6337420172952273,32
mp-1206001,-0.48716872317241305,10
mp-1207748,-0.22367870827586303,13
mp-1191988,-0.6379322436829491,24
mp-1207651,-2.507691700366379,32
mp-1207709,-2.70172051286638,32
mp-19385,-3.027483251919541,30
mp-21249,-0.6427959998275881,6
mp-1190839,-2.610687678636363,22
mp-1189984,-0.22504020500000002,16
mp-989604,-1.0928410905,20
mp-2114,-1.999617329374999,2
mp-1194612,-2.519453453402777,48
mp-5387,-3.543508845,12
mp-1364,-0.410514708749999,8
mp-6576,-0.503124492222222,6
mp-569196,-0.38444531666666504,12
mp-7559,-0.47562371152777605,12
mp-2152,-0.311606001666666,6
mp-21806,-0.528858510555557,36
mp-1206718,-1.039525645833332,3
mp-1190178,-0.564754823194443,24
mp-612670,-0.503242483541666,8
mp-30460,-0.658193246666665,3
mp-1066566,-0.315692212499999,4
mp-1103655,-0.782625272499998,12
mp-1079802,-0.691449173749999,8
mp-8467,-0.570614412999999,10
mp-19242,-2.465712242,20
mp-1102854,-1.205387501547618,12
mp-11520,-0.9493987499999981,3
mp-22617,-0.6715016099999961,12
mp-21981,-0.5768454510416661,48
mp-3637,-4.214092868333336,6
mp-570670,-0.363714353333335,12
mp-994,-1.857153058988094,2
mp-9854,-0.6391986149801591,12
mp-5132,-3.477044902440459,12
mp-16304,-1.515127039325397,3
mp-1205622,-0.6652269279285701,10
mp-1191026,-1.78585106609623,24
mp-31266,-1.213311396329364,48
mp-1100867,-4.157152601666667,12
mp-865516,-0.36557503750000103,4
mp-636614,-0.504024659999998,6
mp-621592,-0.8253234799999991,3
mp-1066136,-0.9248326624999981,4
mp-559,-0.8816768799999971,4
mp-1205369,-0.8108154944444481,9
mp-1025448,-1.3662163925,8
mp-2403,-1.066453867500001,4
mp-1207656,-2.805092973611112,36
mp-570923,-0.255498969999995,12
mp-1205734,-0.45442667500000206,10
mp-865727,-0.635690553333333,24
mp-989647,-0.8778761112500001,20
mp-191,-0.8306932600000001,2
mp-921,-0.717418428333333,6
mp-1191413,-0.55239286583333,24
mp-22120,-0.47584191500000006,5
mp-1207629,-2.547069844999999,20
mp-568186,-0.300215128333331,12
mp-1534,-2.24246193140625,2
mp-10086,-3.332084884270834,6
mp-215,-1.386354884999999,2
mp-1207765,-2.843681377083333,24
mp-1207056,-1.239788086666664,3
mp-4964,-1.3647838966666601,3
mp-2637,-2.003811054531251,2
mp-1207618,-2.46706872455729,24
mp-769404,-2.499224003468748,40
mp-1101793,-2.8140178078906253,12
mp-9972,-0.8982283075,4
mp-1206088,-0.8279834274999991,8
mp-1102541,-1.0542482775,12
mp-1068587,-0.7767198280000011,5
mp-21661,-0.6879636691666421,36
mp-1091398,-0.643740774444441,9
mp-9025,-0.9254830983333351,6
mp-1102268,-1.0530692875,12
mp-20557,-0.778605514166664,12
mp-1072437,-0.596526799999999,6
mp-1205527,-0.5010774170000001,10
mp-505467,-0.996380371666667,24
mp-28024,-0.9728360849999981,16
mp-1103176,-1.293444214999998,12
mp-1188158,-1.256475268124994,16
mp-19728,-1.0143583925,12
mp-28352,-1.005028489999998,24
mp-21069,-0.812563497499998,12
mp-1205712,-0.592227730999999,10
mp-13010,-0.595892614999998,6
mp-567197,-0.8165893133333331,6
mp-865514,-0.681623648749997,4
mp-18183,-3.549092376388889,36
mp-1206177,-0.6272956699999981,6
mp-1101774,-0.816800570833329,12
mp-1095628,-0.924447789166666,12
mp-5538,-0.8632583037500101,4
mp-22275,-1.058472415833335,12
mp-1078547,-0.9880681099999931,8
mp-1078827,-0.8806515894444431,9
mp-865518,-0.7654108362500001,4
mp-5377,-3.707996333722221,12
mp-865519,-0.323218719333331,4
mp-1102030,-0.17548198416666502,12
mp-865430,-1.510585778333334,2
mp-945077,-1.238969529999997,8
mp-5042,-0.814337675555556,6
mp-22179,-0.737028245555556,6
mp-11575,-0.462708765000002,2
mp-1105136,-0.9070772351681541,20
mp-1207646,-2.494916040694445,24
mp-1194527,-1.036843230704365,48
mp-2393,-0.300890697500001,4
mp-11547,-0.726733002222223,9
mp-1066131,-1.727480834583323,4
mp-1067744,-1.616571717031249,4
mp-1065514,-1.266584396666659,4
mp-981208,-0.576831426250002,4
mp-1215887,-0.400174969999999,10
mp-1215946,-3.8651426755555542,9
mp-27496,-3.896070141666664,6
mp-1215718,-0.7984725906249991,8
mp-1215765,-1.985683050156247,4
mp-1215708,-1.060423118750002,4
mp-1191641,-0.695710424027777,24
mp-18883,-3.2656779040000012,20
mp-19133,-3.184120813333332,12
mp-1189574,-0.257102298749999,16
mp-989615,-1.2215956657500011,20
mp-2516,-0.38715806750000104,2
mp-30886,-0.20492847692307803,13
mp-30884,-0.40087510625,16
mp-30885,-0.332843220833332,6
mp-546011,-1.9669977318749998,8
mp-1215705,-0.7645778338571421,5
mp-1071737,-0.5722280508333321,6
mp-13160,-0.671108328333332,12
mp-12509,-2.024648146160714,8
mp-1095522,-0.739890969999999,12
mp-1207608,-0.708442573333331,12
mp-1215676,-0.7206466100000001,3
mp-20987,-0.5921585825000001,12
mp-1207624,-4.211328811111106,18
mp-31438,-0.9340323033333341,6
mp-1187875,0.0,4
mp-1104848,-0.33282818730769204,13
mp-1207596,-0.501195158571428,14
mp-1215770,-0.342808011153845,13
mp-4041,-0.44344837900000306,5
mp-10405,-0.38081982900000005,5
mp-1200533,-0.541484531111112,36
mp-568902,-0.548172368999999,5
mp-5326,-0.784516142999999,5
mp-13401,-0.501812022999999,5
mp-5934,-0.6025564789999971,5
mp-20510,-0.454047725,5
mp-19317,-2.420447148571428,7
mp-12956,-0.503579834159662,17
mp-1104436,-0.283937802692306,13
mp-567427,-0.9225220509999981,5
mp-21366,-0.6783253250000031,5
mp-1215860,-2.097835319226188,7
mp-1068042,-0.40755667100000303,5
mp-20670,-0.5797994567931051,5
mp-13398,-0.6740550407931061,5
mp-574235,-0.688507289,5
mp-570412,-1.061694440190476,5
mp-568095,-1.107366752190478,5
mp-5916,-0.870277547,5
mp-567093,-0.7965373470000031,5
mp-4633,-0.9416048209999981,5
mp-4936,-1.065422442999999,5
mp-3415,-0.9595751510000011,5
mp-1215857,-2.145861784464285,7
mp-1206522,-0.46073286500000205,5
mp-9582,-0.7374645341904761,5
mp-1193375,-0.349119779827586,29
mp-14344,-0.651040945909089,11
mp-1187879,-0.6922316712499991,4
mp-979961,-0.48437973062500106,4
mp-865616,-0.7698650212500051,4
mp-865662,-0.419141123749994,4
mp-1207023,-0.6106172280000011,5
mp-10532,-0.7567335389999981,10
mp-570901,-0.7852546008333351,12
mp-1215848,-0.537297279999999,3
mp-13041,-2.504269704999996,7
mp-1187885,-0.49760260250000204,4
mp-1078978,-0.7616993909999991,10
mp-866175,-0.47470787000000303,4
mp-865648,-0.38951053750000103,4
mp-4663,-0.8627220469999991,10
mp-8268,-1.7684914080357141,14
mp-865845,-0.765896454999996,4
mp-1198337,-0.5665109875000011,40
mp-5643,-1.778166285892855,14
mp-644533,-0.584841632666666,30
mp-979967,-0.5865676093750021,4
mp-1207234,-0.640889895999998,5
mp-1694,-0.7038396383333301,12
mp-642651,-0.7121693008333361,36
mp-10789,-0.5639720986111101,36
mp-865908,-0.476309651874998,4
mp-1205889,-0.9327591100000001,10
mp-21500,-0.47007365000000306,10
mp-1187890,-0.551654522500001,4
mp-20591,-0.7318133490000001,10
mp-1187901,-0.453736302500004,4
mp-21267,-0.9664665829999991,10
mp-1187899,-0.061949485000004,6
mp-864756,-0.36186054375000504,4
mp-15804,-1.976050610892859,14
mp-13357,-0.7578001540000031,10
mp-1207619,-3.657286335916666,20
mp-1215956,-2.910723611198276,20
mp-1207731,-2.656119101964285,42
mp-1207033,-0.507486637777778,9
mp-2814,-4.052655219750003,40
mp-1205295,-0.8761785269999961,10
mp-561096,-2.405467888854167,20
mp-1215845,-0.38907330833333204,3
mp-3216704,-2.3316929006875,10
mp-12672,-3.610684296062501,5
mp-1188185,-2.168758897437499,20
mp-13976,-3.505927125312499,5
mp-4300,-3.58617321102273,11
mp-1078202,-0.686523046000002,10
mp-769277,-3.320534887500002,5
mp-569605,-0.36262339000000504,12
mp-864743,-0.3857382025,4
mp-864741,-0.38793488750000105,4
mp-1215868,-2.788336184960936,8
mp-1187928,-0.386462157500002,4
mp-977442,-0.5517561712500011,4
mp-1187930,-0.48196505312500104,4
mp-1187929,-0.47058939875000005,4
mp-977424,-0.38132614124999903,4
mp-1095653,-0.679375407727274,11
mp-1205488,-0.686017594090913,11
mp-1207635,-0.512586904090912,11
mp-10415,-0.9455481222727251,11
mp-1207642,-0.7651761766502431,29
mp-1207621,-0.842203147758619,29
mp-1206360,-0.6206852850000011,5
mp-1105958,-0.14942158062500202,16
mp-1187988,-0.010900047500001,8
mp-1187992,-0.007925350833339001,8
mp-21206,-0.6945973430000031,5
mp-1195984,-0.49895415549999805,40
mp-767,-0.686023140625003,8
mp-1207559,-0.580795982083339,12
mp-1187990,-0.010852623750004,8
mp-19777,-0.759455835,5
mp-1187999,-0.011820044166668,8
mp-864675,-1.5074439315000001,10
mp-1189509,-0.29576177062500203,16
mp-1187980,-0.32549306250000104,8
mp-1206138,-0.747902783000006,5
mp-1190258,-0.548206467500001,16
mp-1187986,-0.023244477500004003,8
mp-1215699,-2.115639631607142,7
mp-349,-0.6674931537500011,8
mp-1187995,-0.005416580000002001,8
mp-1187987,-0.011273346250000002,8
mp-1215781,-0.845113278333334,12
mp-567248,-0.576329412633232,11
mp-3216726,-2.141331724514188,12
mp-1103128,-0.5552962299999971,11
mp-1202708,-0.582349039305556,36
mp-1215710,-1.359025017500002,8
mp-1215736,-3.9470799563157892,19
mp-1202795,-0.631370272368419,38
mp-1202636,-0.8352216386842101,38
mp-1198689,-0.50815148631579,38
mp-1207639,-0.864078342242063,36
mp-1189800,-0.972457939375004,16
mp-1215833,-0.877161327797618,36
mp-1195798,-0.9243081298809521,36
mp-1190212,-1.183628519374998,16
mp-201,-0.972330813124997,16
mp-1188257,-0.8018100556250011,16
mp-1188350,-0.7201032175000031,16
mp-1202354,-0.8721125124999981,36
mp-1215613,-1.096349703333335,12
mp-2266,-0.36856195500000005,2
mp-1215591,-2.367716986666664,12
mp-1008617,-0.35908485500000104,3
mp-9776,-0.6936264977777751,9
mp-1187942,-0.346523201250001,4
mp-13166,-2.604032006874998,4
mp-7962,-1.524217567656251,8
mp-11069,-0.5185600477777791,9
mp-969,-0.5678372516666671,6
mp-12782,-0.7040711700000001,8
mp-1259,-0.451476316249998,4
mp-1215459,-0.6037967909999991,5
mp-1215612,-0.36744814730769304,13
mp-1215785,-0.40943854833333404,12
mp-1078543,-0.526202089444442,9
mp-1215553,-0.30277880357143,7
mp-1078733,-0.656904579444446,9
mp-1207572,-1.029285829166667,12
mp-600,-1.765161173750002,2
mp-1084808,-1.00333050375,8
mp-568823,-0.7966987574999961,8
mp-11262,-0.6652043629999981,5
mp-10145,-0.7654443500000001,3
mp-866809,-0.661033056875,32
mp-1025071,-0.7700819833333361,6
mp-1105649,-0.718824563750004,16
mp-1025051,-0.7892594549999971,6
mp-3268,-0.5301658075000021,6
mp-419,-0.38151920571428505,7
mp-5364,-3.42637511375,10
mp-3686,-0.8939846434999991,5
mp-1024947,-0.46490853000000204,6
mp-552016,-2.225699840937501,8
mp-561808,-2.271845920312504,8
mp-628599,-2.138261678437498,8
mp-30466,-1.008552173333332,3
mp-1018106,-1.158377599999994,3
mp-685068,-2.146652140625001,8
mp-601693,-3.288491298750003,6
mp-1100,-0.37701444500000003,3
mp-1857,-0.378474932500001,2
mp-1187653,-0.277145936249997,8
mp-865739,-0.292216333750001,4
mp-865740,-0.7324307362499951,4
mp-12009,-0.27627158083333303,6
mp-865742,-0.37879887500000103,4
mp-1215546,-0.43220390166666706,6
mp-1077738,-0.35480254249999804,6
mp-865744,-0.7998905887499951,4
mp-1080680,-0.414985483888888,9
mp-1079021,-2.3905657686875,10
mp-20764,-2.189161334437503,10
mp-1025400,-2.486667944374998,8
mp-546292,-3.484970913749999,6
mp-281,-0.22211439166666702,6
mp-10058,-0.46122105500000005,6
mp-1203041,-0.9170218507142881,36
mp-1199692,-0.79902464349206,36
mp-1067743,-0.427315446250002,4
mp-1207575,-0.6716056783333351,12
mp-19023,-2.864950179166667,12
mp-1937,-0.31568036875000105,8
mp-567538,-0.30286873000000003,6
mp-1077741,-0.256479781666667,6
mp-1077165,-0.38036852416666506,6
mp-1077750,-0.395687440833332,6
mp-1607,-0.20909298916666802,6
mp-542132,-0.8933221762499991,8
mp-567768,-0.7608316233333361,6
mp-1095661,-1.168994613697918,12
mp-19888,-1.5905672895312502,16
mp-8124,-0.728462728333335,6
mp-1187613,-0.38266102,4
mp-980199,-0.5763946587499971,4
mp-1187609,-0.40109124499999904,4
mp-980064,-0.56971016333334,4
mp-1215456,-1.894235384114583,4
mp-980062,-0.40329427708333304,4
mp-1206702,-3.444488859483334,10
mp-1187641,-0.4355558775,4
mp-22072,-4.524319791875001,16
mp-1103467,-0.051006634166668,12
mp-13449,-0.6898012116666661,3
mp-1207558,-0.529884916875001,16
mp-1078497,-0.712396003749997,8
mp-972051,-0.8552422512500001,8
mp-1215511,-0.5535416629999981,5
mp-1215535,-0.47663874700000103,5
mp-12895,-0.544837884166665,12
mp-20627,-0.452371466428573,7
mp-1104639,-0.306435860714285,14
mp-1095431,-0.7101070191666661,12
mp-864912,-1.243244940000001,12
mp-865757,-0.976825936250001,4
mp-1188067,-0.016930447499994002,8
mp-1215594,-4.4229015834375,16
mp-1187854,-0.364747598749999,4
mp-1215498,-0.8234622083333341,3
mp-1215631,-0.9672665716666651,6
mp-634751,-0.799731970833332,3
mp-634930,-0.618097327812499,4
mp-625103,-2.9631524384375,16
mp-2545,-0.573664111250003,2
mp-865171,-0.354483098125001,8
mp-1187615,-0.38010401999999704,4
mp-1187616,-0.5737131362500061,4
mp-1187630,-0.40327710249999804,4
mp-570418,-1.285474459999998,3
mp-2459,-0.5305468924999981,2
mp-21223,-0.505247251250001,8
mp-20240,-0.7171564837499991,8
mp-12813,-0.7006431762499991,8
mp-20469,-0.46300385374999903,4
mp-636565,-0.43477009785713705,7
mp-11100,-0.48934177357142505,7
mp-865789,-0.39330738125000003,4
mp-570912,-0.8492228794444441,9
mp-568537,-0.7795896262500001,4
mp-1206307,-0.408797477499999,6
mp-21499,-0.903775325000001,9
mp-865771,-0.9187076937499971,4
mp-1078378,-1.142342402777779,9
mp-865774,-0.9148761037500001,4
mp-568705,-1.137921757500002,2
mp-1584,-0.9439648233333261,6
mp-1187614,-0.5630647991666671,4
mp-972352,-0.075864689999999,4
mp-1100782,-0.064805891666667,6
mp-865661,-0.31472497000000005,4
mp-542172,-0.654336846666666,12
mp-865814,-0.491688101249998,4
mp-11098,-0.7149410083333311,12
mp-1187574,-0.833375154999998,4
mp-569745,-0.518235147777779,9
mp-865813,-0.217163815000006,4
mp-1102024,-0.15865063882183902,12
mp-1215514,-0.9674711230870251,5
mp-21062,-0.74009107538314,9
mp-864757,-1.044708324166668,6
mp-5466,-3.421342985,12
mp-865857,-0.47785903624999904,4
mp-1187617,-0.097768768124996,4
mp-560374,-2.398504084187499,10
mp-11787,-2.195413191937501,10
mp-865843,-0.35587701312499903,4
mp-1080433,-0.49609697624999705,8
mp-1980,-0.490237591666667,6
mp-6286,-0.581773555,6
mp-570899,-0.50672605375,4
mp-1024977,-0.40126384083333705,6
mp-2645,-0.327261972499999,6
mp-1064469,-0.46604550125000005,4
mp-568931,-1.001248031666667,3
mp-3216921,-4.284178442916667,6
mp-1095482,-0.46959937916666106,12
mp-4179,-3.372331683829365,12
mp-1207514,-1.38075188515873,12
mp-9828,-1.481345977658729,3
mp-676985,-4.097001039999999,12
mp-865828,-0.522111036249995,4
mp-21430,-0.273653551249999,4
mp-1079587,-1.012986967499998,8
mp-865816,-0.7556500887499951,4
mp-2391,-0.9654912212499981,4
mp-865896,-0.322389368124998,4
mp-865894,-0.9152536356249991,4
mp-1187510,-0.37407553312499703,4
mp-1187538,-0.229210920625,4
mp-865911,-0.560352269375002,4
mp-865906,-0.8871433206250001,4
mp-865903,-1.273744768124999,4
mp-865905,-0.876458638125001,4
mp-865920,-0.370082558124998,4
mp-1079995,-2.396641787020832,10
mp-1215444,-2.008694061197914,4
mp-11786,-2.198210112770835,10
mp-865997,-0.339402924166666,4
mp-570180,-1.464130011249999,8
mp-300,-1.184153733750001,4
mp-1187775,-0.11359225406249601,8
mp-567089,-1.090304397500002,2
mp-2235,-0.8390280883333311,6
mp-866027,-0.661964873749994,4
mp-10716,-0.6192783770000001,5
mp-567116,-0.505301430000002,2
mp-1206413,-0.32034384799999804,5
mp-1820,-2.156742438906249,2
mp-1207509,-3.307253192604165,12
mp-1916,-1.271971607500003,2
mp-1102313,-1.004195300000001,12
mp-571363,-1.226686474999998,3
mp-570014,-1.378672905000002,3
mp-1215572,-3.354262101750001,10
mp-10651,-0.8845694450000031,4
mp-1201820,-0.7229496458333331,36
mp-16241,-0.631385557222223,9
mp-1215464,-0.8685501533333351,3
mp-1189833,-1.031596303749998,16
mp-1215834,-2.042950137118055,36
mp-866020,-0.561462400000003,4
mp-1215454,-2.23518534515625,4
mp-865991,-0.374345901249999,4
mp-2751,-0.32569657375000105,4
mp-865995,-0.691223276249999,4
mp-1079709,-0.9604118250000061,9
mp-4053,-0.9269083487499991,4
mp-22779,-1.191797336111114,9
mp-11973,-0.9763059283333361,9
mp-865992,-0.905517036249996,4
mp-555296,-3.605629401222221,12
mp-865172,-0.5593638830833351,4
mp-1215802,-3.512770012666667,36
mp-1779,-1.327878997500001,2
mp-3217098,-0.722966645625,8
mp-1215761,-3.656449693009259,36
mp-11576,-0.37356171249999903,2
mp-570164,-0.21766893125000303,4
mp-1206479,-0.216676132499998,6
mp-11548,-0.7129836205555571,9
mp-16472,-1.715076755156246,4
mp-570118,-1.59138915078125,4
mp-972062,-0.570860657499999,4
mp-1215472,-2.16878017015625,4
mp-1215432,-1.88026661828125,4
mp-1187507,-0.408357218750001,4
mp-1215772,-0.9060626637499991,8
mp-18799,-3.304186793333334,12
mp-1187506,-0.397269011249999,4
mp-657,-0.44813976333333405,6
mp-1215494,-0.8827929431904771,5
mp-1215551,-0.611446225000001,6
mp-3216748,-0.6380396583333331,6
mp-1077753,-0.491322928333336,6
mp-13025,-0.8116259099999981,12
mp-13026,-1.100896796666669,12
mp-1187803,-0.7909974875000001,4
mp-11831,-0.517021533333334,6
mp-79,0.0,2
mp-17512,-1.536380692272729,22
mp-1191586,-0.170875347575757,22
mp-28786,-0.350874656000002,5
mp-4194,-1.047598752857139,14
mp-4697,-0.8649466927678541,14
mp-1047156,-1.129661277142856,14
mp-19313,-1.7450259114285722,14
mp-5794,-2.176957137857143,14
mp-5350,-0.8750105280357151,7
mp-15776,-0.9152755777678561,7
mp-15777,-0.6253114245238071,7
mp-625830,-1.4863898169999992,20
mp-23360,-1.057101210555555,18
mp-22607,-0.86116859752976,7
mp-20832,-0.61450366857143,7
mp-772617,-0.9987428158333331,36
mp-1047462,-1.230278035714286,14
mp-8230,-2.502442132420636,18
mp-8207,-1.106678720999999,10
mp-10326,-2.101178606818182,11
mp-5146,-1.30145586428571,14
mp-3188,-1.884719061666666,18
mp-1192361,-0.056219413076923005,26
mp-30747,-0.22584581384615302,26
mp-11532,-0.16232694807692402,26
mp-13448,-0.269332416538462,26
mp-30568,-0.040924318214286,14
mp-1722,-0.030845707142856,14
mp-13447,-0.134944325357143,14
mp-1215838,-0.42852001960526104,38
mp-27656,-0.44661122101721906,28
mp-1207504,-0.1290045576,25
mp-1093999,-0.026481081666669,12
mp-31171,-0.156005926249999,4
mp-721702,-1.7068521448611111,36
mp-560471,-2.255461469848484,44
mp-28787,-0.334820853500002,30
mp-1105648,-0.6019946406250001,16
mp-1215741,-2.145085084285714,14
mp-6278,-1.630548818846154,13
mp-12759,-0.155826837499998,8
mp-980665,-0.16376387249999702,4
mp-1187800,-0.2764296,4
mp-5909,-1.9692918614285722,42
mp-17972,-2.038081691363638,22
mp-1188466,-0.41170304687500003,16
mp-1191333,-1.730790659303977,22
mp-1189171,-0.6116934765625001,16
mp-1197569,-0.261545123333331,43
mp-864654,-0.34063196499999904,4
mp-1102523,-0.579741362371032,12
mp-1215714,-0.437536906249997,24
mp-864839,-0.5148492624999991,4
mp-35647,-1.428108532142876,14
mp-977427,-0.512522459999997,4
mp-1029257,-0.07536852958333401,12
mp-864844,-0.336108980000002,4
mp-559184,-2.320722304299999,50
mp-3789,-2.44712343857143,42
mp-3502,-1.6091611857692292,26
mp-1192126,-1.799333107878788,22
mp-27580,-1.763953445,44
mp-16834,-1.772177823461543,26
mp-10131,-0.28208503499999804,29
mp-557920,-2.373133279945054,26
mp-1207463,-0.45184488500000103,14
mp-1193382,-0.186743943571428,28
mp-30424,-0.17685481468750103,32
mp-1216036,-1.670018547380951,42
mp-972042,-0.08087976249999901,8
mp-39215,-2.400930309875776,23
mp-865362,-0.265185383750001,4
mp-1246430,-0.362094895000001,16
mp-9460,-0.042922803,40
mp-1216023,-1.6584935111904762,42
mp-2071,-0.256626845690476,40
mp-1190321,-2.180976206925466,23
mp-1215763,-0.634030494448052,22
mp-1215629,-0.8972724199489801,7
mp-865357,-0.364765307499999,4
mp-865355,-0.399549332499998,4
mp-865342,-0.352518126249999,4
mp-1380,-0.1515198325,8
mp-30986,-1.860329990714285,28
mp-17260,-0.33185315749999905,24
mp-1195381,-2.047561250548653,46
mp-558298,-1.75472284094203,23
mp-1245967,-0.42862876312500103,16
mp-4812,-2.5115879147826092,23
mp-14921,-2.439133157710597,23
mp-557537,-0.75109337447205,23
mp-15833,-0.7335198824068311,23
mp-1238725,-0.32096531783333004,30
mp-510697,-0.43401868950000205,30
mp-1216191,-2.155706583035714,42
mp-1215752,-0.311213660568181,22
mp-972048,-0.034509792857142,7
mp-1368,-0.10845411461538401,26
mp-1207450,-0.043227942692306,26
mp-1215657,-0.11775036160714202,14
mp-2020519,-0.035582830555556,18
mp-1215558,-0.629615587291665,8
mp-1079889,-0.621001458541664,8
mp-1193999,-2.027847735187074,28
mp-558807,-0.6447761691156451,28
mp-7262,-0.148990749583333,24
mp-510279,-1.685261769305555,36
mp-1025356,-0.30178858964285804,7
mp-1684,-0.22188130749999802,2
mp-669566,-0.15800165999999602,32
mp-579677,-0.29638850718750104,16
mp-24657,-2.032540208438375,34
mp-555880,-2.207865110486111,48
mp-645375,-2.056785870803573,48
mp-647579,-1.267659339375001,48
mp-29826,-0.166211495624999,16
mp-9812,-1.822014750000003,10
mp-1215496,-0.050326701249999,4
mp-1215524,-0.22370931124999702,4
mp-30493,-0.43475369499999805,4
mp-22909,-1.291011926666667,6
mp-1392030,-2.102210606250001,8
mp-561632,-2.042817192321427,36
mp-19410,-2.2772387178571423,14
mp-35311,-2.643811919999999,8
mp-1215793,-2.012926087142856,14
mp-755896,-1.6922108724999991,12
mp-987,-0.090755029999999,2
mp-6408,-0.6985897668749991,8
mp-1189702,-0.8017754718749991,16
mp-1232332,-0.6375325786718741,8
mp-1078498,-0.38904060583333205,8
mp-1079541,-0.707285174374999,8
mp-864623,-0.14657338749999801,4
mp-1369804,-2.015590484285713,28
mp-864661,-0.40425254999999904,4
mp-1873,-2.561514461666667,6
mp-558345,-1.435104524967105,38
mp-1396958,-2.326847351249995,8
mp-977361,-0.276928189999999,4
mp-1215782,-1.755740536140351,38
mp-977356,-0.42314370624999803,4
mp-1187935,-0.33499710937499905,4
mp-977362,-0.616016989374998,4
mp-4008,-0.159613533749999,8
mp-2979,-0.359871936249999,16
mp-4524,-0.275104891488094,8
mp-1187920,-0.517830203749998,4
mp-707960,-0.698515356199999,50
mp-24502,-1.6952027967307681,26
mp-24547,-1.229102607091346,26
mp-643066,-1.6927066750000002,18
mp-23969,-1.350304374427083,18
mp-604229,-1.26347275486111,36
mp-1192685,-0.528870377067307,26
mp-24664,-0.8574706594736841,38
mp-24216,-1.448516387361112,36
mp-27161,-0.8721765856249991,48
mp-1201376,-1.523463289879386,38
mp-1187922,-0.491777063749999,4
mp-1206819,-0.216662947499997,2
mp-1407092,-2.617556358124999,8
mp-1245674,-0.447395112500001,8
mp-1095420,-1.920267846666667,12
mp-429,-0.254970534999999,4
mp-29884,-0.42522937480442,42
mp-1103182,-0.285761311388887,12
mp-1069270,-0.22054541299999902,5
mp-1391273,-1.936362921249999,8
mp-11621,-0.295538423333332,3
mp-1215818,-1.5296279400000001,26
mp-2133,-1.7908991124999991,4
mp-11025,-0.315425149067459,24
mp-17924,-2.434977140616882,44
mp-1025258,-0.48613631209183505,7
mp-1025272,-0.407708000663262,7
mp-20006,-2.5564066050000003,36
mp-13610,-2.250629001874999,8
mp-1652,-0.576280689999999,4
mp-1103252,-0.462197474166667,12
mp-1025222,-0.39320951462053605,7
mp-13983,-1.9802847675000002,8
mp-894,-0.5652836399999991,4
mp-30856,-0.312519874999996,4
mp-8256,-2.033013432499999,8
mp-6938,-0.42531099250000104,2
mp-15637,-2.010389030625,8
mp-1187921,-0.128180139999997,4
mp-5126,-1.8630929675,24
mp-753,-0.06144775499999901,16
mp-561492,-1.647349954545454,33
mp-1199855,-1.6820488221875,32
mp-1190,-0.9515610311718761,2
mp-1102515,-0.644161672395833,12
mp-18373,-1.372878197773443,32
mp-5338,-1.50242969321875,40
mp-778924,-1.356453151223957,24
mp-1189914,-0.601970757031249,16
mp-3595,-0.1912955775,8
mp-40134,-1.872398666730769,26
mp-1020712,-0.9944693093750001,16
mp-4763,-0.39165684148809604,8
mp-977384,-0.6848659674999981,4
mp-1194155,-1.71650940574074,27
mp-5190,-0.186714765,8
mp-13903,-2.647906428125001,8
mp-1029469,-0.11114821062500001,16
mp-4175,-0.258769282738095,8
mp-1187939,-0.486263736249997,4
mp-4756,-0.10368815624999701,8
mp-2176,-0.6841630333333321,6
mp-1400616,-2.72218641875,8
mp-131,0.0,2
mp-1105077,-0.43026641307692204,13
mp-1215723,-0.40122693153846,13
mp-1191059,-0.199591506428571,21
mp-1207478,-0.837844549999999,42
mp-569344,-0.7703436439999991,5
mp-1100809,-1.5860282092592581,27
mp-8219,-0.6583009338571351,5
mp-981356,-0.25490376307692203,13
mp-1103910,-0.307224717307692,13
mp-27437,-1.329971505588236,34
mp-610738,-1.446075890925921,18
mp-22084,-0.315353089814326,13
mp-768613,-0.106719355198939,13
mp-1095622,-2.466229184545452,11
mp-1104853,-0.546468843571429,14
mp-505598,-0.8051231720408161,14
mp-8203,-0.9943187860317441,18
mp-4325,-2.353294295681817,44
mp-619928,-1.02073578715909,44
mp-570544,-0.9120212308749991,30
mp-7707,-0.7937844299999991,5
mp-1025304,-0.519844049523808,7
mp-690799,-0.524159526190475,14
mp-1198156,-1.003792183037041,45
mp-1205061,-0.873788117250003,45
mp-1025165,-0.468781316428571,7
mp-1195250,-0.16815089804347802,46
mp-1195710,-0.115471219347825,46
mp-1195553,-0.13327102695652102,46
mp-1195444,-0.182699892608695,46
mp-684623,-0.9983573618421061,38
mp-1193087,-0.360055838000001,30
mp-1216388,-0.38433526259259104,27
mp-5172,-0.37251527155172404,29
mp-541909,-1.047464544241071,32
mp-1215412,-0.5116813168750021,8
mp-2221,-0.10917206500000001,3
mp-14651,-3.127832708444444,15
mp-567748,-0.6250937844444431,18
mp-1215442,-0.5873724908333331,6
mp-1215595,-0.38655337083333,12
mp-2348,-0.468447070000001,3
mp-1078623,-0.908147505833337,9
mp-2544,-0.23725090289473502,19
mp-1215592,-1.551848334687502,4
mp-5025,-1.461899039374999,8
mp-1018104,-0.13604649333333402,3
mp-972631,-0.7729948701190481,21
mp-18133,-1.008619615436507,36
mp-1215719,-0.45767737000000003,6
mp-1215600,-0.39534903750000006,4
mp-972327,-0.531107747499998,4
mp-29152,-0.9267144636607141,8
mp-4022,-0.8617908279999981,10
mp-864896,-0.389741042500002,4
mp-193,-0.13412213,3
mp-864897,-0.34157464749999905,4
mp-14025,-1.5954547421428562,14
mp-1232423,-0.269826008749999,4
mp-540809,-0.7353782572619051,21
mp-21040,-0.45229839750000106,12
mp-16336,-0.521062873333332,12
mp-1215554,-0.29243599666666803,6
mp-1187984,-0.27890236374999905,4
mp-569833,-0.5389846233333341,6
mp-30686,-0.691234410999999,10
mp-1215639,-0.524600808750003,6
mp-1102059,-0.384267266249999,12
mp-1215471,-0.8298343246875011,4
mp-602268,-0.270326778229165,32
mp-1207424,-0.6240544114999971,20
mp-20004,-0.8398362474999991,8
mp-22150,-0.34793659600000204,10
mp-1084767,-1.2439080084375,8
mp-19906,-0.502212656833336,10
mp-1196264,-0.8695192822947461,36
mp-1014265,-1.4107297929166691,6
mp-675993,-2.337749208249997,40
mp-328,-0.32306496833333403,6
mp-18648,-0.7375639301190471,21
mp-2717,-0.427306064444444,18
mp-8786,-1.008394639000001,10
mp-29153,-0.9918962599107141,8
mp-1079999,-1.283623675857144,10
mp-1215577,-1.6276385842857142,7
mp-977549,-0.713463296250004,4
mp-27132,-3.299050528021978,26
mp-39770,-2.601160563814934,44
mp-1079992,-0.802617876249999,8
mp-266,-0.503216980000004,3
mp-1197374,-1.264283809166663,36
mp-11583,-1.8886792975,10
mp-31379,-0.741361555000002,6
mp-1215826,-2.349344332142856,21
mp-5137,-1.180371373660714,8
mp-22642,-1.062496986909723,36
mp-1215598,-1.5826493064375,10
mp-1079726,-1.925750150312501,10
mp-1278,-0.8331100050000011,6
mp-510274,-0.9180839286111101,36
mp-1215465,-0.9713339134722231,6
mp-4613,-0.8926225037500011,8
mp-1188001,-0.8171731149999991,4
mp-1188020,-0.389061736249999,4
mp-1188002,-0.585212774999998,4
mp-977578,-0.561379077499999,4
mp-1188004,-0.717358112499997,4
mp-1188003,-0.605694131249999,4
mp-16765,-1.2840104015952392,5
mp-1202377,-2.164308814035088,38
mp-1202980,-2.20500934114035,38
mp-1025524,-0.7618366724999991,8
mp-1215479,-0.133782003333332,6
mp-1202025,-0.613484043055557,36
mp-1102307,-0.275136355,12
mp-1215627,-0.377509685416669,12
mp-15985,-0.48481662333333403,9
mp-7930,-0.512764974444443,9
mp-27961,-0.49014850000000004,13
mp-10244,-0.5582189327272721,11
mp-1191025,-0.46848605507837104,22
mp-1193952,-0.449808846724137,29
mp-1215874,-0.155238813333334,18
mp-1471,-0.318824856249999,4
mp-570419,-0.7047076563636351,22
mp-1215720,-0.292268722499998,12
mp-27898,-1.117505013749999,10
mp-1200894,-0.7430221796875011,32
mp-972228,-1.049880229000002,20
mp-11263,-0.38776459374999905,8
mp-1207416,-0.24504459937500103,16
mp-1195821,-0.16707595590909102,44
mp-31205,-0.10946759500000101,8
mp-30684,-0.618283761,10
mp-1207393,-0.677382829374998,16
mp-1203324,-0.6055577256249971,32
mp-1630,-0.17921473812500102,8
mp-20695,-0.30423453125000305,4
mp-34291,-3.7696306531578943,38
mp-30748,-0.5994195562500011,16
mp-1215704,-0.203998714454024,12
mp-1101160,-2.904702305,16
mp-277,-1.852383193928572,28
mp-1215480,-0.913884521874997,8
mp-17926,-0.7275767780000011,20
mp-22174,-0.6287328236363731,44
mp-14024,-1.5461592956249999,8
mp-22447,-0.8616835692857141,32
mp-541951,-1.042091269642856,40
mp-541097,-3.663523270357143,28
mp-1188413,-0.454694031249999,16
mp-2626,-0.8747733599999991,16
mp-1105139,-0.5787569462499991,16
mp-1207448,-0.9191475280000021,20
mp-1195256,-0.6042865724999981,44
mp-1188062,-0.015423973749999001,8
mp-1207024,-0.932346501,10
mp-1793,-0.5834022962500001,16
mp-1215669,-2.520654756746032,21
mp-30676,-0.5124433767708341,16
mp-1215386,-0.8911557885416671,16
mp-977585,-0.15850977875000102,4
mp-1207410,-1.365839721777777,15
mp-1207399,-1.207891505694445,15
mp-17315,-3.610966127870371,36
mp-703492,-0.5648648475,28
mp-722937,-0.8587921201785711,28
mp-1014226,-1.030142710750001,10
mp-569326,-0.7534914796153851,26
mp-1215396,-0.592729977338711,31
mp-12752,-0.51850827,7
mp-1215390,-1.759235483888889,9
mp-1215389,-1.297510713593748,8
mp-1215387,-1.763702548281248,8
mp-541299,-3.110028416224489,35
mp-1193346,-0.7541378550000001,28
mp-22233,-0.577078595,30
mp-1194045,-0.779297032333333,30
mp-18135,-0.544590705294116,17
mp-1215370,-1.714396173846152,13
mp-1195070,-0.6455815245833321,48
mp-17435,-0.7132539106666661,30
mp-1215353,-0.6373013900000041,12
mp-607475,-0.40129995090909304,11
mp-1193886,-1.236054596964282,28
mp-1105702,-0.584997028749999,16
mp-1215378,-0.753415742,15
mp-1215377,-1.240729299,15
mp-1194130,-0.9769099839285701,28
mp-22479,-1.253313301785715,28
mp-1194252,-1.340741275535716,28
mp-1194108,-1.128131921250002,28
mp-1215385,-0.8441022966481481,36
mp-632693,-0.649981790909087,22
mp-1215367,-1.24684244508658,11
mp-1205473,-0.344672179444444,18
mp-1190110,-0.693028715185184,18
mp-1106219,-0.455288352777781,18
mp-1106245,-0.800240547222222,18
mp-510321,-0.664041480555558,18
mp-1189916,-0.35436424333333105,18
mp-1215734,-0.8726565057142731,36
mp-1207404,-0.733012128888889,18
mp-1188159,-0.39431656999999803,18
mp-1188531,-0.28750514833333,18
mp-1188208,-0.7486174372222211,18
mp-1106301,-0.540349418888889,18
mp-1189764,-0.6834452416666661,18
mp-1106169,-0.589608318125002,16
mp-1189448,-0.52547109166667,18
mp-31207,-0.7329385233333341,18
mp-17706,-0.8784664887500031,16
mp-1200749,-0.9281058699999991,36
mp-1189075,-0.8904495600000011,18
mp-1190391,-0.409002724444443,18
mp-30749,-0.8586421139583341,48
mp-1106076,-0.77484190611111,18
mp-29932,-0.93365491345238,21
mp-681992,-0.37525825500000504,16
mp-1374,-0.21693030379309902,29
mp-505759,-0.7749566481249981,32
mp-1105693,-0.8921261547222181,18
mp-1188355,-0.962329056071429,18
mp-1189323,-1.057694005833332,18
mp-1207408,-1.181273932083333,18
mp-1188445,-0.5700227238888951,18
mp-542816,-0.892823721666666,18
mp-1106020,-0.779477213888892,18
mp-510522,-0.640402145625,16
mp-1188640,-0.772853333055555,18
mp-1188408,-0.7477360930555561,18
mp-1207413,-0.772740777222221,18
mp-1189871,-0.9659096526388881,18
mp-779662,-1.115564977222222,18
mp-1188507,-0.8392339005158741,18
mp-1189510,-0.934891340833334,18
mp-1190294,-0.8895043132291671,18
mp-543001,-0.6570043188888891,18
mp-1188487,-0.45860897833333303,18
mp-350,-0.9653274083333341,9
mp-1216998,-0.27242947302082804,16
mp-1207439,-0.194322052272728,44
mp-696132,-0.43759947000000204,18
mp-10870,-0.8060539988888891,18
mp-1189981,-0.647346635,18
mp-29934,-3.143432856022727,44
mp-1194423,-0.5695696565517241,29
mp-1193568,-0.966491318620691,29
mp-1193679,-0.64103096137931,29
mp-1193840,-0.7551117965517241,29
mp-1193272,-0.9174733796551721,29
mp-1192673,-0.828366046896551,29
mp-12760,-0.340102912222221,9
mp-1193200,-0.353385487931033,29
mp-1215380,-0.37228289386718705,32
mp-29358,-1.9724462927380952,42
mp-760421,-1.207050387324561,19
mp-1207415,-0.30442866086206904,29
mp-1207422,-0.247027234310345,29
mp-1207425,-0.38741353810344803,29
mp-1207398,-0.47174585913793105,29
mp-29357,-1.999984855476192,42
mp-28344,-1.248055231666668,42
mp-672680,-0.6366147351724121,29
mp-30569,-0.20158460655172203,29
mp-29135,-0.724913500555557,9
mp-1206046,-0.352291272222225,9
mp-28734,-1.9129251962499998,22
mp-1207507,-1.1584789457142861,42
mp-1205892,-0.612845915555554,9
mp-1206072,-0.43172543444444805,9
mp-1205965,-0.6221275433333341,9
mp-1078729,-0.291700225555557,9
mp-1192960,-0.5260717279310341,29
mp-1205897,-0.312251914444445,9
mp-28903,-2.0775658530952352,42
mp-1207511,-1.183110583809524,42
mp-1207526,-0.9048326036111041,36
mp-12962,-0.5634966222222201,9
mp-1207433,-0.7842527649652781,36
mp-1207263,-0.396134198888887,9
mp-9381,-0.622619307037035,9
mp-1194195,-0.6074821368965521,29
mp-22167,-0.40723799388889004,9
mp-1080526,-0.368473441666668,9
mp-1207495,-1.219898757857143,42
mp-1205996,-0.28091031643678,9
mp-1207560,-2.032252175377668,42
mp-1206012,-0.5865306768071491,9
mp-672651,-0.590210391206894,29
mp-14298,-0.8788644274450541,39
mp-1205899,-0.36870098111111305,9
mp-1206964,-0.624663190000005,9
mp-1205792,-0.6772018570370361,9
mp-1207461,-1.286559924744898,42
mp-12972,-0.8231638077777771,9
mp-570166,-0.748794697241375,29
mp-1207498,-1.245098149285715,42
mp-1205985,-0.821677993333332,9
mp-1194230,-0.24381977724137902,29
mp-1207432,-0.328160350166666,30
mp-1207426,-0.33163157466666604,30
mp-1191610,-0.997009414090911,22
mp-1188077,-0.158314540000001,34
mp-583740,-1.167079413961038,22
mp-1207440,-1.209303492058826,34
mp-1215344,-0.407003997083336,12
mp-1207414,-0.9491255915714281,30
mp-610190,-0.347916985833334,30
mp-505278,-0.9803961055714291,30
mp-1005986,-0.125113783214286,28
mp-1193397,-0.137780917142858,28
mp-1207437,-1.298734767500001,32
mp-27191,-0.7009283793181821,44
mp-11239,-0.128847814999996,4
mp-2772,-0.6153121733333341,12
mp-1215329,-0.519380847499999,4
mp-395,-0.530828846249999,8
mp-1215338,-0.291508606923076,13
mp-30183,-0.5923647562499791,8
mp-3909,-0.5084106925,4
mp-1215318,-0.402913398333333,6
mp-1215319,-0.289543898333332,6
mp-5723,-0.6447182466666671,9
mp-3944,-0.5980511674999931,4
mp-541047,-0.803114597499998,4
mp-977435,-0.9449341024999991,4
mp-977436,-0.7510221812500001,4
mp-1682,-1.136777426250001,8
mp-27606,-0.830870645833336,12
mp-1093991,-0.9066538391666671,3
mp-669436,-0.9153227608333321,30
mp-8221,-0.8519818369444451,9
mp-1018103,-0.6513819550000001,3
mp-1079681,-0.5621053487500021,8
mp-17813,-0.47588021550000104,20
mp-1472,-1.066709233333334,3
mp-559571,-3.192974700729166,32
mp-1190085,-0.5755861012500031,16
mp-1068661,-0.8006291954999991,5
mp-30445,-0.19806794892857102,28
mp-11283,-0.241093112499999,6
mp-10200,-0.722523771666665,6
mp-30933,-0.373875650833339,12
mp-29642,-0.27491492499999703,24
mp-504594,-1.2709659325,4
mp-23247,-1.7991298112499972,8
mp-1207486,-1.7917074414999972,40
mp-541912,-1.9025169500000012,6
mp-2795,-1.0136533575,2
mp-1017540,-0.14070795500000302,4
mp-11313,-0.13189450124999802,4
mp-1188009,-0.101971911249999,4
mp-977462,-0.5182462562500021,4
mp-11293,-0.138523232499998,4
mp-864607,-0.577488087499999,4
mp-977537,-0.691710256249997,4
mp-27440,-1.476961471249999,4
mp-23162,-1.87860569,3
mp-1100795,-1.9602307831249992,8
mp-569175,-2.006411403,10
mp-2283,-0.3304633925,2
mp-22503,-0.38218298374999904,4
mp-31451,-0.41261500666666906,3
mp-556360,-3.404382454999999,8
mp-1103148,-0.6964596924999991,12
mp-1188065,-0.493764213749999,10
mp-8418,-1.141841871547616,12
mp-1102565,-0.8260696283333321,12
mp-30563,-0.46660656722222205,9
mp-2459069,-3.593379001249999,8
mp-30019,-0.7182540791666641,12
mp-1070869,-0.14849889361110602,6
mp-1103123,-0.582914781666667,12
mp-1095201,-0.4862800125,8
mp-1078698,-0.5876897506250001,8
mp-22522,-0.644550211666667,12
mp-9929,-0.5891058181250001,8
mp-1101867,-0.39142794750000304,12
mp-1105223,-4.027976308499999,20
mp-1718,-0.280683423333333,6
mp-2767155,-1.642609844999999,16
mp-562418,-3.49835055375,8
mp-1201558,-0.509151237083333,48
mp-20892,-1.051520816547617,12
mp-743600,-2.729562379940475,36
mp-1102452,-0.731800995833334,12
mp-30682,-0.730119922499998,8
mp-1201034,-0.532181023,40
mp-1200150,-0.5882975369999951,40
mp-1080001,-0.5263271275,8
mp-1025355,-0.415437949642856,7
mp-12951,-0.690730113333335,6
mp-1079246,-0.5451700458333331,9
mp-1188052,-0.429421736875,4
mp-1077351,-0.43730266250000105,6
mp-1078832,-0.646892376944444,9
mp-601253,-0.9753242363888891,18
mp-1078756,-0.8235517869444461,9
mp-1188021,-0.831962264375,4
mp-1188059,-0.6067835137500021,4
mp-1025513,-0.880392732499998,8
mp-2430,-0.629127705000001,6
mp-1095472,-0.9923650391666661,12
mp-1102693,-0.592008813333334,12
mp-1091395,-0.7130313116666681,9
mp-1103608,-0.903119327499998,12
mp-1095610,-1.0798877775,12
mp-1101959,-1.012242561666665,12
mp-637736,-0.8634817855555571,18
mp-977443,-0.671283388750001,4
mp-4997,-1.3036202658333331,6
mp-9463,-0.647943031666666,6
mp-4878,-1.190350564114578,6
mp-3208,-0.898266104999999,6
mp-13542,-0.601916393333335,12
mp-24286,-0.636864474166666,3
mp-24508,-2.465403807916667,36
mp-1192835,-2.3732011365,30
mp-2510,-0.16673357125000302,4
mp-1207395,-1.106959395208335,24
mp-554183,-1.375439815625001,24
mp-569970,-1.13727598684896,24
mp-570520,-1.403146085182293,24
mp-570506,-1.145353003333332,12
mp-570188,-1.246910985000001,16
mp-571235,-1.227871009333331,30
mp-23052,-1.619780858333333,6
mp-1207380,-0.43915304249999904,2
mp-20800,-0.39832570916666504,12
mp-570578,-0.32967619875000004,4
mp-961693,-0.624336455,3
mp-623134,-0.21930670166666602,4
mp-20744,-0.40384652416666605,4
mp-637771,-0.36619626944444506,6
mp-977475,-0.7542684887499961,4
mp-977543,-0.823157238749995,4
mp-568992,-1.009261388750005,8
mp-1438,-0.830498808750007,4
mp-2027032,-0.23297815465517102,6
mp-2116,-0.187415235287356,6
mp-1215316,-0.135681859237399,13
mp-1206098,-3.661806588491378,8
mp-20059,-0.570862541810347,12
mp-1198917,-0.523286773649425,48
mp-20147,-1.036217961691297,12
mp-1188022,-0.569834949482757,4
mp-22227,-0.6708128309770091,12
mp-557434,-3.348520544626437,20
mp-2049,-0.13909274833333501,6
mp-10300,-0.9826477182142841,9
mp-1352,-1.975506446875002,2
mp-568592,-2.108408165416667,6
mp-1207386,-2.745236624166667,12
mp-1215211,-0.8862544291666671,6
mp-1215222,-0.8117210587500021,4
mp-4500,-1.078617695714285,12
mp-977534,-0.415688663749999,4
mp-556,-0.45573371,4
mp-3469,-0.605580439999999,8
mp-485,-0.45845552374999704,8
mp-1207428,-0.8854023575000001,12
mp-1206530,-3.40175743625,8
mp-1102687,-0.7864166050000001,12
mp-29658,-0.535800285749999,10
mp-20697,-0.7011985916666671,12
mp-924129,-0.6842003416666651,3
mp-2858,-3.813617754999999,12
mp-11541,-0.6671038675000031,2
mp-570684,-0.45304709000000304,12
mp-11345,-1.373017993571428,8
mp-1523,-0.9591740530952371,12
mp-24030,-2.5324987428896097,11
mp-5024,-3.10660977567857,40
mp-31014,-0.96832660617857,40
mp-1102976,-0.9261267432142851,12
mp-1101753,-1.2773881340476199,12
mp-22268,-1.121293132380949,12
mp-1188046,-0.349984076249995,4
mp-29232,-3.104492811428573,28
mp-7310,-3.510055982500001,16
mp-13495,-0.6931005650000011,4
mp-30842,-0.851501992500001,16
mp-1065995,-1.231538919999998,4
mp-1188129,-1.138993978125,16
mp-1205768,-0.5586446272222231,9
mp-12109,-0.35678036333333,12
mp-1079238,-0.745149289722225,9
mp-669917,-0.8852850074999981,8
mp-229,-0.7431837587499991,4
mp-214,-0.7388692800000031,2
mp-7859,-1.684560418749999,4
mp-1186,-1.8483086849999992,3
mp-9921,-1.574733515624998,8
mp-1205421,-1.743324509444444,36
mp-3519,-2.847103474999998,12
mp-10638,-0.8098091699999981,12
mp-979,-0.631527129583332,24
mp-22036,-0.803571210833335,12
mp-1100415,-1.1401938883333331,3
mp-31457,-0.667661066666667,3
mp-1188031,-0.35045445750000104,4
mp-1215207,-0.29303568083333303,6
mp-977550,-0.480746043749999,4
mp-1188014,-0.6527175162499981,4
mp-1183040,-1.55715228703125,2
mp-2076,-1.5805342943749991,3
mp-1683,-1.236771233046873,8
mp-11322,-0.9840065624999991,4
mp-1515,-0.6571695349999991,6
mp-1102869,-1.218289324166666,12
mp-1102520,-0.76518832,12
mp-1103272,-0.8861779133333341,12
mp-4820,-3.55875977333333,12
mp-1103293,-0.9348055833333331,12
mp-1103414,-1.047614807499999,12
mp-972187,-1.248102448333336,12
mp-7544,-0.9924654838888871,9
mp-1183042,-0.7984018825000021,4
mp-3938,-1.344748419166665,6
mp-4628,-1.209888084114576,6
mp-19917,-0.898553528333335,6
mp-755328,-0.43756126,6
mp-607139,-0.8555215183333371,18
mp-961687,-0.8695624016666691,3
mp-961713,-1.167385201666666,3
mp-4667,-0.7713286744444451,18
mp-864947,-0.7407130362499981,4
mp-1183048,-0.6605679037500031,4
mp-17324,-1.397594188499999,20
mp-9289,-0.7862338950000001,6
mp-1215289,-0.7846607506666661,18
mp-1215209,-0.8755400337222241,6
mp-1215219,-0.8934442380833331,4
mp-1183039,-0.49100799058333405,4
mp-1095545,-0.36226860000000205,12
mp-977545,-0.311339616250002,4
mp-1539,-1.042866607500002,2
mp-1018107,-1.0684746383333321,3
mp-28671,-1.267670202291665,16
mp-4759,-2.086251128541652,48
mp-605,-0.583654094166666,12
mp-1215204,-1.596375502916664,4
mp-30147,-0.9798659952777761,6
mp-1188093,-1.126914475208334,16
mp-1189464,-1.052548886380209,16
mp-1102830,-1.229451841527778,12
mp-561423,-3.203427413833334,20
mp-7049,-1.236993545972222,12
mp-7050,-1.092194374227433,12
mp-30997,-3.488529985119052,28
mp-12889,-0.7467565422222211,18
mp-1215195,-0.657386275,4
mp-1215248,-1.8404608868749999,4
mp-1215176,-1.663419223749997,4
mp-554326,-2.817252799750002,40
mp-1215261,-0.18711659833333003,12
mp-10311,-0.6627238133333351,6
mp-1215168,-0.10617804333333201,6
mp-22302,-1.104168687380952,12
mp-5541,-0.8084054849999991,6
mp-675,-0.139601098333334,6
mp-570276,-0.326053845,2
mp-1401,-0.36867421666666605,6
mp-864889,-0.316337551250002,8
mp-1183037,-0.519295450000001,4
mp-1183041,-0.262473025000001,4
mp-11366,-0.221621480000001,4
mp-1183038,-0.7596843924999981,4
mp-1014244,-1.155319141875001,4
mp-11533,-0.41361801999999503,6
mp-1100780,-0.6439205999999951,4
mp-977582,-0.8502513425000011,4
